strain,sex,PLT,MPV,animal_id,WBC,RBC,pctNEUT,pctLYMP,pctMONO,pctEOS,HCT,mHGB,MCV,MCH,MCHC,RDW,HDW,pct_Retic,CHOL,HDLD,TG,NEFA,GLU,sodium,potassium,chloride,TBIL,carbon_dioxide,BUN,T4,BMD,TTM,LTM,pctFat,bodyweight,bodylength
C57BL/6J,f,1098,4.7,444677,8.47,9.76,6.1,89.5,1.1,2.7,44.3,15.1,45.4,15.5,34.1,14.2,2.23,5.1,84,63.9,49,0.89,136,151,5.93,118,0.43,18.2,,7.4,0.0469,15.9,12.8,19.5,17.6,0
C57BL/6J,f,1218,5.2,444678,9.27,9.78,8.5,88.1,0.8,1.8,43.2,15,44.2,15.3,34.7,13.2,2.24,4.9,73,56.4,62,1.2,182,150,7.91,119,0.4,15,17,5.1,0.0476,17.5,14,19.9,19.4,0
C57BL/6J,f,989,5,444679,10.3,10.1,5.3,91,0.6,2.2,45.8,15.3,45.4,15.2,33.4,14,2.17,5.4,72,56.1,62,1.19,194,151,6.09,118,0.29,19.8,21,5.8,0.0482,17.3,14.4,16.8,19.1,0
C57BL/6J,f,772,5.1,451208,7.29,9.89,8,85.8,1.9,3.4,47.7,14.8,48.2,15,31,14.3,2.31,9.5,67,55.5,69,1.57,208,148,8.02,115,0.41,17.8,,5,0.0448,15.2,12.3,19.1,17.5,8.1
C57BL/6J,f,769,5.7,451209,11.2,7.55,6.6,89.5,1.3,1.5,35.5,2.5,47,3.3,7.1,14.2,2.38,8.6,65,50.4,93,1.61,224,144,6.78,112,0.43,18.4,34,5.9,0.0434,14.8,11.8,20,16.9,7.9
C57BL/6J,f,1236,6.2,451210,8.36,9.81,5.9,89.4,1.4,2.4,48.7,15.2,49.7,15.5,31.2,15.5,2.31,12.9,84,67.4,65,1.53,149,146,6.24,115,0.38,17.6,24,7.5,0.0452,14.8,11.8,20.4,17.1,8.1
C57BL/6J,f,1381,6.1,451211,8.37,9.84,5.8,89.7,1.6,1.9,46.8,14.8,47.6,15,31.6,14.1,2.26,9,,,,,,147,6.18,116,,17.8,,,0.0446,16,12.8,19.9,18.3,8.2
C57BL/6J,f,884,4.7,452421,9.07,10.3,7.5,87.8,1.5,2,48.7,16.5,47.3,16.1,34,15.4,2.09,4.8,84,68.8,81,1.58,192,,,,0.5,,24,6.9,0.0439,16.8,13,22.9,18.6,8.4
C57BL/6J,f,832,5.3,452423,10.3,10.5,6.8,88.5,1.5,2,48.3,16.8,46.2,16,34.7,13.6,2.08,5.9,77,64,85,1.79,170,,,,0.38,,26,6.7,0.0452,17.5,13.7,21.6,19.6,8.6
C57BL/6J,f,1004,5.2,452425,11.6,10,6,90.1,0.7,1.9,46.3,15.8,46.2,15.8,34.2,14,2.01,4.2,78,64.7,86,1.79,210,,,,0.36,,24,6.2,0.0446,18.9,15.3,19.1,21,8.7
C57BL/6J,f,1020,5.1,452427,8.37,10,6.4,89.4,1.8,1.5,46.7,16.2,46.6,16.1,34.6,14.1,2.08,3.7,94,79.6,94,1.59,157,150,6.98,115,0.49,18.2,25,5.9,0.045,19.3,15.4,20.1,21.3,8.7
C57BL/6J,f,993,5.5,453931,9.52,10.2,10.3,86.6,0.9,1.2,48.6,16.7,47.6,16.3,34.3,14.2,2.15,5.9,80,79.7,98,2.54,187,142,8.84,112,0.33,16.4,,6.4,0.0488,18.7,14.9,20.5,20.6,8.9
C57BL/6J,f,,,453933,,,,,,,,,,,,,,,,,,,,144,6.88,115,,15,,,,,,,,
C57BL/6J,f,1007,5.5,453935,10.1,10.3,6.6,90,1,1.8,49.5,16.8,48,16.3,33.9,15.1,2.15,6.1,64,64.4,79,2.29,205,139,6.6,114,0.45,14.6,24,5.9,0.0466,18.2,15.1,17.6,20.5,8.7
C57BL/6J,f,1007,5.4,453937,8.93,10.2,6.8,88.7,1.7,1.8,47.8,16.4,47.1,16.2,34.4,14,2.09,4.2,80,82.3,69,1.88,201,144,6.1,118,0.38,16.6,24,7.4,0.0491,19.1,15.6,18.4,20.9,9
C57BL/6J,f,900,5.2,455549,10.6,10.4,5.3,91.5,1.5,0.9,51,16.9,49.2,16.3,33.1,15,2.05,4.1,74,64.6,56,1.93,155,147,7.91,116,1.26,16.7,30,6.8,0.0444,17.5,13.9,20.7,19.2,8.2
C57BL/6J,f,693,4.5,455551,7.83,10.3,7.6,85.2,1.5,5,49.2,16.3,47.7,15.8,33.1,14.1,2.09,4,65,57.8,73,1.89,176,148,7.73,116,0.39,10.7,20,4.6,0.0457,16.6,13.6,18.1,18.3,8.3
C57BL/6J,f,803,5.1,455553,6.5,10.1,6.8,88.7,1.3,2.5,48.6,16.2,48.3,16.1,33.3,14.2,2.11,4.4,71,64.7,79,2.24,203,149,7.57,117,0.66,13.1,20,5.4,0.0469,18.4,14.9,19,20.1,8.3
C57BL/6J,f,1011,6,456940,7.23,10.1,5.6,90.8,1.5,1.4,47.7,15.9,47.1,15.7,33.4,15.4,2.12,4.9,75,65,70,1.59,146,153,6.69,113,0.38,15.6,,6.2,0.0459,18.4,13.7,25.5,19.4,8.4
C57BL/6J,f,975,6.3,456942,7.04,9.99,7.2,88.9,1.3,1.9,47.6,16.2,47.7,16.2,34.1,15.8,2.06,3.7,83,71.5,98,2.01,174,151,6.59,114,0.37,12.6,,3.3,0.0477,18.3,15,18.2,20.3,8.5
C57BL/6J,f,1037,5.9,456944,9.11,9.91,7.1,89.2,1.5,1.2,46.7,15.9,47.1,16.1,34.1,15,2.08,3.3,84,73.9,73,1.79,150,154,7.19,113,0.61,17,25,5.9,0.0496,18.2,15,17.7,20.1,8.6
C57BL/6J,f,952,6.1,456946,7.96,10.1,7.2,88.5,1.3,2.2,47.9,16.3,47.5,16.2,34,14.7,2.13,4.6,72,62.4,100,2.21,167,149,7.51,113,0.48,12.2,21,6.3,0.0461,18,14.9,17.3,20.1,8.6
C57BL/6J,f,1076,5.3,458729,6.32,9.86,7.8,88.9,0.8,1.7,45.7,15.6,46.3,15.8,34.1,14.1,2.24,5.1,71,65.6,66,1.68,191,153,7.98,119,0.36,13.9,20,7.8,0.046,19.7,15.6,20.7,20.8,8.6
C57BL/6J,f,841,4.8,458731,5.62,9.97,7.6,88.9,0.9,1.9,47.2,15.9,47.3,16,33.8,14.6,2.14,4.6,72,65.6,73,1.64,186,151,8.08,116,0.23,12.1,21,5.5,0.0431,17.6,14.5,17.7,19.8,8.2
C57BL/6J,f,1048,5.5,458733,7.08,9.8,8.9,87.2,2,1,46,15.4,47,15.7,33.5,14.4,2.17,4.3,71,63.6,71,1.59,158,156,8.64,122,0.36,10.7,18,7.3,0.0443,17.2,14.2,17.2,119,8.3
C57BL/6J,f,1026,5.4,458735,6.9,9.87,12,82.1,1.9,3,46.5,15.7,47.1,15.9,33.7,15.3,2.23,4.2,85,73,76,1.54,175,153,9.04,118,0.27,6.9,21,6.5,0.0425,17,14.1,16.9,19.6,8
C57BL/6J,f,1215,5.8,458737,7.06,9.87,12.1,82.6,2.1,2,48.4,16,49,16.2,33,14.4,2.04,4.6,82,79.3,68,1.22,279,148,7.38,111,0.48,13.9,21,5.2,0.0514,26.9,22.7,15.4,29.8,9
C57BL/6J,f,1239,5.9,458739,8.7,9.38,10.1,84.1,2.2,2.6,46.5,15.4,49.6,16.4,33.1,14.9,2.12,9,100,95.4,80,1.43,238,146,7.72,111,0.57,10.1,21,5.4,0.0527,28,23,17.9,29.8,9
C57BL/6J,f,1104,5.6,458741,8.7,9.72,7.6,85.3,2.7,3.6,46.6,15.5,48,16,33.3,13.9,2.03,5.6,88,85.1,70,1.53,225,150,8.08,113,0.34,19.1,27,4.7,0.0478,25.2,20.6,18.1,26.7,8.6
C57BL/6J,f,1279,5.7,458743,7.81,9.47,9.7,85.4,2.2,1.8,45.8,15.2,48.4,16,33.1,14.1,2.03,5.1,122,113,74,1.6,306,153,7.42,115,0.6,16.1,28,6.8,0.0499,25.4,21.6,14.9,28,8.6
C57BL/6J,f,1066,5.3,460139,8.81,10.1,8.6,88,1.5,0.8,46.8,15.4,46.4,15.3,32.9,13.9,2.15,4.5,104,99.8,91,1.76,170,151,7.41,117,0.38,15,27,6,,,,,,
C57BL/6J,f,1208,5.2,460141,9.37,10.3,8.2,88,1.2,1.4,47.6,15.2,46.3,14.8,32,14.4,2.23,7.5,103,97.1,100,1.8,198,155,6.25,119,0.43,21,25,5.4,,,,,,
C57BL/6J,f,1071,5.3,460143,8.93,10.5,9,85.3,1.8,2.4,49.9,16.1,47.4,15.3,32.2,14.2,2.11,5.5,103,102,86,1.68,204,153,6.83,119,0.43,20.4,28,6.5,,,,,,
C57BL/6J,f,1138,5.4,460145,9.87,10.7,9.7,86,1.3,2,50.2,16.1,47.1,15.1,32.1,14.3,2.22,7.1,90,85.9,88,1.61,221,148,6.07,115,0.5,19,28,5.3,,,,,,
C57BL/6J,f,,,461891,,,,,,,,,,,,,,,83,67.1,97,1.16,182,153,7.99,117,0.6,17.7,28,11,0.0453,16.5,13.5,17.9,19.1,8.4
C57BL/6J,f,250,4.8,461893,5.11,9.65,8.9,79.9,0.8,9.8,45.3,15,47,15.5,33,14.6,2.06,3.9,73,59.8,65,,178,156,7.67,119,0.49,13.9,28,10.1,0.0464,18.2,14.7,19.5,19.8,8.4
C57BL/6J,f,,,461895,,,,,,,,,,,,,,,76,72.4,105,,217,157,7.91,118,0.49,19.9,30,9.2,0.0481,19,16,15.6,21.4,8.3
C57BL/6J,f,368,4.6,461897,5.82,10.9,7.6,81.2,2.4,7.8,52.2,16.6,48.1,15.3,31.9,13.4,2.05,4.1,88,83.6,82,,229,153,8.11,119,0.4,13.1,27,10.5,0.047,18.2,14.3,21.5,19.8,8.5
C57BL/6J,f,1024,5.6,462925,6.76,9.93,6.4,89.6,1.5,1.5,46.4,15.9,46.7,16,34.3,13.8,2.2,4.8,75,72.3,63,1.63,167,153,6.71,119,0.34,19.6,18,6.9,0.0463,19.7,15.9,19.5,20.8,8.7
C57BL/6J,f,850,4.9,462927,6.81,9.93,8.5,86.6,1,2.9,46,15.4,46.3,15.5,33.5,14.2,2.3,5.2,53,35.7,54,1.55,156,153,6.99,119,0.41,19.2,16,6.2,0.0456,17.7,14.5,18,19,8.3
C57BL/6J,f,,,462929,,,,,,,,,,,,,,,71,65.1,95,2.27,198,150,7.43,116,0.46,15.2,20,6.6,0.0493,20.2,16.2,19.9,21.3,8.7
C57BL/6J,f,978,5.6,462931,10.8,10.2,5.7,90.6,1.4,1.4,47,16,46,15.6,33.9,14,2.33,5.3,72,60.6,85,1.76,219,150,6.75,117,0.53,19.4,22,7.1,0.0475,19.4,15.6,19.8,20.7,8.6
C57BL/6J,f,823,4.5,462933,8.58,10.3,10.5,83.1,2.3,3.2,48.3,15.8,46.8,15.3,32.7,13.9,2.21,5.3,98,97.1,84,1.78,212,149,7.27,114,0.53,20.6,28,6.5,0.0481,25.2,19.6,22.2,26.1,8.7
C57BL/6J,f,1083,5.4,462935,8.23,10.7,10.5,84.3,2,2.3,49.3,16.1,46.2,15.1,32.6,13.6,2.28,5.4,72,59.5,48,1.29,156,155,7.95,119,0.71,16.4,21,5.9,0.0464,21.9,18,17.6,23.3,8.4
C57BL/6J,f,1181,5.7,462937,8.47,10.4,6.1,89.6,1.4,1.9,48.3,16,46.5,15.4,33.1,13.3,2.12,4.2,96,94.5,76,1.48,223,154,8.55,116,0.57,19,30,6.3,0.0472,25.9,21,19.1,26.7,8.6
C57BL/6J,f,1294,5.6,462939,7.8,10.3,5.6,89.4,1.3,2.9,47.4,15.6,46,15.2,33,13.6,2.22,5,90,86.4,84,1.73,239,153,7.01,118,0.48,20,27,6.8,0.0471,23.4,19.4,17.6,24.9,8.5
C57BL/6J,f,966,5.2,465343,5.23,9.75,8.1,88.2,1.2,1.8,46.9,15.6,48.1,16,33.3,14.5,2.28,5.1,76,58,83,2.16,182,167,7.47,126,0.54,23.8,23,6,0.0489,21,17.2,18.2,22.2,8.7
C57BL/6J,f,990,5.4,465345,8.95,10.6,7.7,91.4,2,2.6,51.4,16.9,49,16.1,33,14.2,2.24,5.6,76,63.3,97,1.7,200,146,6.97,114,0.5,16.2,21,6.5,0.0486,19.7,16,18.7,20.4,8.5
C57BL/6J,f,935,5.4,465347,7.99,10.7,7.5,87.9,2,1.5,51.5,17,48.3,15.9,32.9,13.9,2.19,4.7,71,61.7,100,2.04,203,144,6.45,114,0.49,16.8,24,4.4,0.0456,18.8,15.2,19.3,20.3,8.3
C57BL/6J,f,907,5.3,465349,8.59,10.5,8.6,87,1.3,1.9,50.2,16.6,47.8,15.8,33.2,14.1,2.33,4.9,71,53.5,87,2.1,197,155,6.87,120,0.46,20,29,7,0.0476,20,16.1,19.4,21.3,8.8
C57BL/6J,f,1022,5.9,467180,6.69,10.1,5.1,90.8,1.1,2,48.5,16.1,48.2,16,33.1,14.1,1.98,3.8,79,66.1,77,2.26,177,156,6.99,124,0.46,21.4,26,7,,,,,,
C57BL/6J,f,1082,6.1,467182,5.15,10.4,6,91.5,0.5,1.2,49.6,16.2,47.5,15.6,32.8,14.6,2.15,5,66,58.8,87,2.28,186,156,7.11,122,0.46,18.2,28,5.6,,,,,,
C57BL/6J,f,942,5.2,467184,3.58,10.1,7.9,80.1,0.8,10.6,49.2,15.9,48.8,15.7,32.3,14.5,2.06,4.7,78,64.1,83,1.76,175,153,8.31,122,0.52,17.2,27,7.6,,,,,,
C57BL/6J,f,862,4.8,467186,2.84,10.1,8.3,71.1,0.9,19.1,49,15.8,48.5,15.7,32.3,14.5,2.06,4.2,82,62.5,107,2.03,182,155,8.15,122,0.34,19,28,7.9,,,,,,
C57BL/6J,f,999,6,470409,6.65,9.83,4.1,92.6,1,1.5,49,15.5,49.9,15.8,31.7,13.9,1.95,3.4,65,46.3,82,2.06,148,155,6.76,120,0.54,19.2,19,5.1,0.047,20.6,16,22.3,22.3,8.5
C57BL/6J,f,,,470411,,,,,,,,,,,,,,,81,66.2,63,1.67,161,154,7.3,120,0.44,19.4,24,7.7,0.0445,19.1,15.8,17.3,21,8.6
C57BL/6J,f,819,5,470413,9.43,10.1,6.6,89.1,1.3,2.1,49.3,15.2,49,15.1,30.8,14.1,1.96,5.1,71,57.9,76,1.7,179,146,8.56,116,0.42,12.6,26,7.9,0.0426,17.9,15.1,15.4,19.1,8.4
C57BL/6J,f,1073,5.4,470415,8.18,10.1,10.2,85.6,1.4,1.3,49.9,15.8,49.4,15.6,31.7,14.6,2.08,5.8,90,75.1,96,1.92,195,151,7.6,116,0.39,17.6,21,5,0.0457,18.2,15.6,14.4,19.4,8.4
C57BL/6J,f,835,5.7,473347,8.74,10.9,5.4,88.4,1.5,3.7,54,16.9,49.4,15.4,31.2,14.1,2,5.6,76,62.6,105,2.08,192,140,7.05,108,0.43,20.6,20,4.6,0.0461,18.4,14.8,19.8,19.4,8.4
C57BL/6J,f,1076,5.5,473349,8.64,10.7,6.1,89.9,1.1,1.9,52.6,16.9,49,15.7,32.1,14.1,1.99,5.3,73,63.7,84,1.76,190,142,5.85,109,0.38,21,21,6.6,0.0481,20.9,17,18.6,21.9,8.3
C57BL/6J,f,1065,5.6,473351,9.95,10.9,7.7,87.6,1.9,1.8,54.4,17,49.8,15.6,31.3,14.8,2.06,6.5,45,34.8,47,1.54,110,143,8.11,112,0.18,18.6,18,3.3,0.049,19.4,16.9,13.1,20.8,8.9
C57BL/6J,f,1032,5.5,473353,11.3,10.6,6.8,88.6,1,2.4,52.4,16.7,49.3,15.7,31.8,14.6,2.1,6.9,72,62.9,66,1.83,164,142,7.29,112,0.24,16.4,23,5,0.0473,18.5,15.2,17.6,18.8,8.8
C57BL/6J,f,,,477018,,,,,,,,,,,,,,,75,63.7,92,1.96,151,149,6.69,116,0.36,18.1,24,3.7,0.0462,19.9,15.5,22,20.6,8.5
C57BL/6J,f,1017,5.8,477020,5.11,10.1,10.4,85.4,1.4,2.2,48.6,16.2,48.4,16.1,33.3,14.6,2.02,5.5,165,138,171,3.9,301,150,5.81,118,0.68,18.9,40,11.5,0.0451,18,14.7,18.6,19,8.4
C57BL/6J,f,833,4.7,477022,5.5,9.69,6.5,88.7,1.3,2.8,46.9,15.8,48.4,16.4,33.8,14.2,2.15,6,70,58.3,63,1.23,165,150,7.11,118,0.31,16.3,18,6.3,0.0502,20.9,17.7,15.2,21.6,9
C57BL/6J,f,521,5,477024,4.4,9.81,8.6,87.6,0.6,2.7,47.2,15.3,48.2,15.6,32.4,14.6,2.12,5.3,30,22.2,21,0.47,74,149,7.59,115,0,15.7,9,3.6,0.0481,19.3,16.3,15.4,19.9,8.7
C57BL/6J,f,1093,5.8,480388,7.95,10.8,6.3,90.9,0.9,1,52.7,16.6,48.6,15.3,31.5,14.6,2.08,5.5,122,106,109,1.79,199,154,8.1,119,,19.1,,4.5,0.0469,20.3,16.2,20.2,21.4,8.5
C57BL/6J,f,1041,5.7,480390,9.25,10.6,5.1,90.9,1.6,1.3,51.4,16.3,48.5,15.4,31.6,14.7,2.13,6.7,71,56.6,48,1.31,168,150,8.54,114,0.28,18.1,,5,0.0471,18.2,15.1,17.7,19.8,8.4
C57BL/6J,f,969,5,480392,7.59,10.8,5.5,90.9,1,1.8,51,16.5,47.4,15.3,32.3,14.2,2.07,5,108,95,91,1.8,231,152,8.12,119,0.42,17.5,,6.3,0.0491,19.5,,18,20.1,8.3
C57BL/6J,f,989,4.9,480394,7.48,10.4,5.3,91,1.4,1.5,50.1,16.3,47.9,15.6,32.5,14.2,2.13,5.2,96,75.1,74,1.8,142,151,7.82,120,0.48,17.3,29,6.7,0.0477,19,16,15.8,20,8.6
C57BL/6J,f,571,4.5,484218,6.06,10.3,8.2,86.4,1.4,3.2,48.3,16.1,46.8,15.6,33.3,14.2,2.18,5.1,77,64.6,83,1.45,212,149,6.39,116,0.4,17.3,20,8.1,0.0495,23.7,18,23.9,24.7,8.7
C57BL/6J,f,263,5.8,484220,5.86,10.7,16.4,72.5,1.6,8.6,52.7,16.1,49.1,15,30.5,14.8,2.14,5.5,81,70.4,93,1.44,231,,,,0.5,,22,5.7,0.048,21,16.8,19.8,22.1,8.6
C57BL/6J,f,,,484222,,,,,,,,,,,,,,,73,51.3,53,1.15,170,153,6.69,118,0.29,12.1,17,7.5,0.0481,20.7,17.7,14.6,21.8,8.9
C57BL/6J,f,735,4.5,484224,9.29,10.2,7.5,87.3,1.5,2.7,47.8,16.1,47.1,15.8,33.6,13.4,2.12,6.4,79,65.9,108,2.11,186,144,6.69,114,0.44,17.3,20,7.6,0.0526,23,18.5,19.6,23.1,9
C57BL/6J,f,,,487122,,,,,,,,,,,,,,,65,53.3,47,1.3,111,,,,0.23,,16,7.8,0.0452,18.8,15.5,17.4,20.6,8.5
C57BL/6J,f,709,5,487124,8.45,11.1,10.1,83.8,1.3,3.4,52.8,16.7,47.5,15,31.6,14.8,2.15,5.7,12,3.4,,0.43,27,155,8.12,117,0.21,14.9,5,3.5,0.0455,22,18.3,16.8,23.3,8.6
C57BL/6J,f,418,4.7,487126,7.21,10.4,8.7,82.7,1.5,6.1,51.5,16.2,49.7,15.6,31.5,14.9,2.07,5.8,77,64.8,67,1.93,152,148,7.86,116,0.49,14.3,17,8.2,0.0484,19.4,16.5,15.1,20.5,8.8
C57BL/6J,f,80,7.6,487128,5.09,10.2,10.2,85.9,1.3,1.9,50.9,1.7,49.8,1.6,3.3,14.2,2.03,6.3,77,67.7,80,1.92,157,,,,0.48,,24,6.8,0.0472,18.9,16,15.2,20.2,8.3
C57BL/6J,f,596,5.7,488726,7.52,11.2,5.7,81.9,1.2,10.3,55.1,2.2,49.4,1.9,3.9,14.2,2.07,5.7,73,54.3,83,1.82,207,147,6.56,110,0.77,18.8,18,8.1,0.0501,22.9,17,25.6,24.2,8.9
C57BL/6J,f,987,6.2,488728,9.49,10.6,6.6,89.7,1.2,1.6,51.4,16.9,48.5,15.9,32.8,14.6,2.08,5.7,63,43.5,67,1.67,207,147,6.62,110,0.46,18.8,21,8.5,0.0474,20.7,16.4,20.7,21.5,8.3
C57BL/6J,f,942,5.7,488730,6.3,10.1,5.1,90.8,1.6,1.5,49.3,15.7,48.8,15.5,31.7,13.7,1.98,4.5,90,64.3,92,2.22,192,145,6.72,108,0.36,20.4,20,10.1,0.0476,18.7,16.1,13.9,20.1,8.7
C57BL/6J,f,512,5.8,488732,8.04,10.1,3.5,83.8,1.4,10.7,49.8,16.2,49.4,16.1,32.6,14.1,2.04,5.5,65,42.1,59,1.57,170,146,6.08,108,0.68,19.8,22,5.5,0.0479,19.9,16.3,18.2,20.5,8.6
C57BL/6J,f,387,4.7,492058,7.48,10.6,6.8,84.4,1.1,7.2,49.2,16.3,46.5,15.4,33.1,14,2.13,5.9,66,47.8,79,1.38,142,142,7.04,112,0.11,14.5,17,6.3,0.0462,19.9,16,19.8,22.3,8.6
C57BL/6J,f,,,492060,,,,,,,,,,,,,,,68,47.8,61,1.18,132,151,6.44,115,0.38,13.9,19,8.2,0.0442,16.8,14,16.5,18.8,8.3
C57BL/6J,f,,,492062,,,,,,,,,,,,,,,69,46,127,2.11,125,146,7.16,114,0.46,12.5,17,8,,,,,,
C57BL/6J,f,665,4.4,492064,8.32,11,6.5,89.3,0.9,2.4,51.5,17.2,47,15.7,33.5,14.4,2.28,6,58,39.4,71,1.45,110,150,6.78,117,0.67,15.9,22,7.7,,,,,,
C57BL/6J,f,1034,5,495222,12.7,10.2,5.3,90.3,1.5,1.5,49,16.4,48,16.1,33.5,14,2.13,6.6,81,59.5,90,1.12,216,153,7.66,117,0.62,13.7,20,11.3,,,,,,
C57BL/6J,f,1144,5,495224,8.97,10.2,5.8,89.4,1.4,1.9,51.5,16.3,50.6,16,31.7,14.4,2.07,8.5,88,65.8,87,1.09,170,149,6.8,112,0.28,17.5,15,10.1,0.0488,19.6,16.1,18.1,21.2,8.5
C57BL/6J,f,616,4.8,495226,9.41,9.83,7.1,85.6,1.3,5.1,50.3,16.1,51.2,16.4,32,15.9,2.16,6.5,99,77.1,135,1.89,170,,,,0.52,,24,8.6,0.0584,21.1,17.3,18.1,22.1,8.9
C57BL/6J,f,994,5.1,495228,8.73,9.65,5.2,90.8,1.1,1.9,47.7,16.1,49.4,16.7,33.7,14.9,2.17,5.8,83,60.6,112,1.63,178,154,6.98,120,0.2,13.7,27,7.6,0.0527,19.5,16.1,17.5,20.1,9
C57BL/6J,f,887,5.9,496582,9.03,9.87,2.3,86.5,5.2,0.1,57,16.3,57.7,16.5,28.5,15.5,1.88,4.6,66,52.8,85,1.72,171,148,8.12,114,0.49,12.9,24,7.9,,,,,,
C57BL/6J,f,942,5.1,496584,11.1,10.8,4.3,80.8,8,0.3,53.6,16.3,49.7,15.1,30.4,13.5,2.04,5.8,74,53.7,87,1.66,143,149,7.56,116,0.65,15.9,21,7.1,0.0461,19.7,16.3,17.3,21.4,8.7
C57BL/6J,f,1035,5.4,496586,7.66,10.5,6.3,90.2,0.9,1.2,52.1,16.3,49.4,15.5,31.3,14.5,2.07,4.9,68,51.2,77,1.34,186,148,7.2,115,0.72,17.9,21,6.9,0.0514,20.9,17.6,16,21.6,9.9
C57BL/6J,f,913,5.3,496588,10.7,11.2,5.4,87,1.1,5,56.6,17.1,50.5,15.3,30.3,13.8,1.98,6,78,58.9,80,1.27,216,145,9.28,112,0.53,16.5,25,6.4,0.0484,19.6,16.4,16.3,20.2,9.8
C57BL/6J,f,1124,6.4,497988,7.84,10.2,6.2,90.3,0.9,1.3,50.1,15.6,49.2,15.3,31.2,14.5,2,7.1,73,54.9,75,2.15,167,112,6.01,86.9,0.38,11.5,18,7.9,0.0484,19.1,15.3,19.9,8.4,20.6
C57BL/6J,f,1092,6.4,497990,8.49,10.8,5.8,91,0.5,1.2,54.5,16.8,50.3,15.5,30.8,14.5,1.95,8.3,83,66,90,2.22,164,119,5.05,89.7,0.47,9.9,27,8.9,0.0508,20.6,16.3,21.4,22.6,8.4
C57BL/6J,f,1125,5.9,497992,9.48,10.6,3.6,91.9,0.8,2.7,52.8,16.4,50.1,15.5,31,13.7,1.94,8.1,69,54.6,85,1.82,164,141,7.13,107,0.21,16.9,15,8.9,0.0488,20.9,16.8,19.4,20.5,10.2
C57BL/6J,f,1251,5.7,497994,11.1,10.4,4.5,91.1,0.9,1.3,49.9,16,48.2,15.5,32.1,13.8,1.98,6,73,58,70,2.03,163,116,5.75,88.9,0.78,12.5,26,10.4,0.0479,19.1,16.6,13.3,20.5,10
C57BL/6J,f,842,5,500476,8.36,9.28,4.4,84.2,0.9,8.5,47.2,14.2,50.9,15.3,30.1,13.5,1.86,6.7,73,54.5,95,2.49,196,154,6.38,117,0.71,23.2,21,7.6,0.0459,18.2,14.1,22.3,19.8,8.4
C57BL/6J,f,796,4.8,500478,10.4,10.4,8.8,82.3,1.1,6.3,51.7,15.8,49.7,15.2,30.6,13.4,1.93,5.7,68,52.5,100,2.74,202,155,7.18,119,0.67,22.2,17,9.3,0.049,18.7,15.4,17.4,20.8,8.7
C57BL/6J,f,1085,4.8,500480,10.1,10,8,86.5,1.1,2.5,48.9,15.7,48.8,15.7,32.2,14.1,2.09,7.1,80,63.9,118,2.66,201,150,6.78,116,0.38,18.8,19,10.3,0.0493,20.2,15.7,22.3,22.4,8.5
C57BL/6J,f,1181,5.3,500482,10.1,10.2,7.2,88.6,1.1,1.9,50.3,15.4,49.3,15.1,30.6,14.1,2.01,5.4,73,58.6,81,2.16,218,158,7.58,122,0.43,22,20,8.9,0.0478,18.6,15.7,15.9,20.8,8.4
C57BL/6J,f,396,4.9,503426,7.08,10.4,10.7,82.7,0.7,4.8,53.2,16.2,51,15.6,30.5,12.9,1.91,6.7,63,44.1,43,0.72,165,147,6.46,116,0.17,22,15,6.1,0.0473,19.9,16.7,16,22,8.5
C57BL/6J,f,1150,5.3,503428,8.98,10.7,5.3,90.1,0.8,2.3,52.7,16,49.3,14.9,30.3,13.1,1.99,7.1,83,68.6,82,1.33,232,146,6.72,115,0.24,17,22,7.6,0.0512,24.4,17.9,26.7,26.4,8.8
C57BL/6J,f,1348,6.4,505042,10.4,10.4,6.6,88.9,1.4,2.1,51.6,16.5,49.7,15.9,31.9,13.2,1.91,0,79,54.2,135,2.88,185,143,6.8,112,0.21,19.6,25,6.6,0.0503,18.3,14.6,20.4,20.3,8.4
C57BL/6J,f,1279,6.1,505044,9.57,10.5,7.6,88.1,0.9,1.9,52.2,16.5,49.7,15.7,31.6,13.6,1.98,8.6,83,62.6,124,2.31,202,135,9.7,107,0.56,11.6,27,6.9,,,,,,
C57BL/6J,f,1169,6.3,507932,7.75,10,6.7,88.4,1.1,2.6,50.2,15.6,50,15.5,31,13.1,1.82,5.3,52,30.7,43,0.89,115,138,7.05,105,0.46,16.4,10,5.9,0.0461,18.1,14.9,17.9,20.4,8.7
C57BL/6J,f,1242,6.8,507934,8.85,9.81,6.9,89.1,1.5,1.7,49.9,15.6,50.9,15.9,31.3,14.1,1.95,8.4,41,22.8,39,0.86,121,137,9.55,105,0.41,14.6,11,5.1,0.0465,18.5,15.5,16,20.7,8.6
C57BL/6J,f,857,6.1,507936,12.9,11.3,7.6,86.1,1.6,3.1,56.8,18,50.2,15.9,31.7,14.9,1.9,7.8,,,,,,142,6.15,103,,22.6,,,0.0456,18.2,16.2,10.9,19.4,9.2
C57BL/6J,f,1239,5.5,508688,8.03,9.2,6.3,91.3,0.7,1,44.8,14.8,48.7,16,32.9,13.3,2,8.8,82,59.4,108,2.06,141,145,6.01,107,0.85,20.2,18,9.6,,,,,,
C57BL/6J,f,1248,5.6,508690,9.1,10.2,8.2,87,1.3,1.8,51.1,15.8,49.9,15.4,30.8,13.1,1.97,8.5,84,58.7,120,2.44,187,145,6.53,109,0.26,17.2,21,6.6,,,,,,
C57BL/6J,f,1244,5.6,508692,8.78,9.94,5.9,89.4,1.1,2.2,49.5,15.6,49.8,15.7,31.6,13.4,2.08,10.4,85,68.7,88,1.97,172,142,5.21,106,0.59,18.4,24,10.2,,,,,,
C57BL/6J,f,1185,5.3,508694,8.04,9.84,9,86.7,1.1,2.3,48.8,15.3,49.6,15.6,31.4,13.2,2.05,8.8,73,48.9,89,1.76,206,143,6.55,109,0.45,14.8,20,7.9,,,,,,
C57BL/6J,f,1282,6.9,509320,8.33,10.5,5.2,90.7,1.1,2,52.6,16.7,50.1,15.9,31.8,13.1,1.73,5.7,71,50,62,1.17,136,144,7.01,113,0.52,16.6,20,9.9,0.045,17.4,14.4,17.1,19,8.3
C57BL/6J,f,1267,7,509322,8.53,10.5,5.8,90.7,0.9,1.5,52.8,16.7,50.5,15.9,31.6,12.8,1.74,5.2,79,57.7,87,1.49,212,,,,0.43,,25,8.5,0.0482,20.5,16.2,21.2,22.6,8.5
C57BL/6J,f,1181,6.9,509324,12.6,10.2,9.2,86.4,1.2,1.1,51.9,16.4,50.8,16.1,31.6,13.3,1.84,7.7,71,46.9,123,1.59,229,146,7.33,111,0.36,14,26,8.2,0.0459,20.2,15.5,23.4,21.9,8.7
C57BL/6J,f,1301,7.1,509326,8.79,9.97,6.3,90,1.1,1.5,51,16.4,51.2,16.5,32.2,13.7,1.8,7.9,84,60.4,86,1.87,199,147,6.85,111,0.46,17.8,19,7,0.0455,18.3,15.1,17.4,21,8.6
C57BL/6J,f,1329,6,512828,5.53,9.66,8.6,88.7,0.7,1.2,49.3,14.8,51.1,15.3,30,13.9,2.19,8.7,71,48.6,60,2.06,132,156,6.95,115,0.45,19.8,21,6,0.0521,20,17.1,14.5,21.3,9.4
C57BL/6J,f,1144,5.1,512830,4.59,9.78,6.6,88.7,0.8,2.9,50,15.3,51.1,15.6,30.6,13.9,2.17,8.4,118,90,93,2.92,205,156,6.81,116,0.39,19.8,30,7.5,0.0552,20.5,16.2,21.2,21.2,9.2
C57BL/6J,f,1103,6.7,514178,5.71,9.9,7,89.7,1,1.7,52,16,52.5,16.1,30.7,14.1,1.89,6.1,73,50.8,99,2.17,186,152,6.77,113,0.61,20.6,22,9.7,0.0427,16.3,13.3,18.1,17.8,7.8
C57BL/6J,f,1165,7,514180,5.99,10.7,5.3,88.7,1.1,4,55.9,16.8,52.2,15.6,30,13.9,1.87,5.3,88,69.9,97,2.51,185,152,7.13,110,1.04,20.8,24,9.8,0.0477,19.4,15.5,20.2,21.4,8.4
C57BL/6J,f,1372,6.7,514182,4.39,9.99,6.7,89.6,0.8,2.2,49.9,15.3,49.9,15.3,30.6,14,1.92,5.8,71,48.8,88,1.82,203,155,6.49,112,0.5,19.8,25,8,0.047,18.8,15.1,19.8,20.9,8.3
C57BL/6J,f,1264,6.8,514184,5.15,10.1,7,89.1,0.9,2,52,15.8,51.3,15.6,30.4,13.4,1.81,5.2,81,54.7,83,2.17,232,152,6.17,110,0.14,18.6,25,9.1,0.0483,19.3,15.6,19.2,21.4,8.3
C57BL/6J,f,916,6.5,516498,8.34,10.4,4.3,91.8,1.3,1.6,50.8,16,48.9,15.4,31.5,12.7,1.97,3.5,128,82.9,162,3.47,265,150,7.53,112,0.6,19.8,33,8.1,0.0494,20.2,16.2,19.6,21.7,8.2
C57BL/6J,f,1006,6.6,516500,11.1,11.1,5.6,90.8,0.9,1.3,55.7,17.5,50.1,15.8,31.5,13.1,1.91,3.2,102,67.5,93,2.2,187,149,6.93,111,0.99,18.8,23,10.5,0.0485,19.5,15.8,18.8,21.6,8.2
C57BL/6J,f,1141,6.4,516972,8.85,8.04,6.1,89.9,1.3,1.2,40.2,12.6,50,15.6,31.3,15.7,2.34,6.6,,,,,,153,7.03,116,,14.4,,,0.0474,19.4,16,17.6,21.8,8.3
C57BL/6J,f,1181,6.2,516974,8.9,8.54,5.3,91.8,1,0.8,42.6,13.1,49.9,15.4,30.8,15.6,2.26,6.4,,,,,,154,6.15,118,,15.8,,,0.0462,21.2,17.3,18.4,22.9,8.4
C57BL/6J,m,,,444680,,,,,,,,,,,,,,,99,80.7,127,1.54,170,152,6.93,118,0.43,10.8,24,6.5,,,,,,
C57BL/6J,m,1311,5.9,444681,6.64,10.1,5.4,90.2,1.1,2.8,45.7,15.3,45.1,15.1,33.5,13.2,1.99,4.2,102,86.1,96,1.71,197,154,6.27,118,,16.8,,6.3,0.0531,25.1,20.7,17.5,27.1,0
C57BL/6J,m,1016,5,444682,8.55,9.76,5.9,90.8,0.7,1.7,44.8,14.9,45.9,15.2,33.2,14.2,2.1,5.8,97,83.3,101,1.37,222,151,5.75,114,0.34,17.4,24,7.3,0.0484,25.2,20.4,18.9,25,0
C57BL/6J,m,1131,5.4,444683,6.62,10.3,6.6,89.3,1,2.5,47.2,15.4,45.7,14.9,32.5,13.6,2,4.9,103,85.7,105,1.51,225,152,6.13,116,0.37,16.4,27,5.1,0.05,22.6,18.4,18.8,27.4,0
C57BL/6J,m,511,5.1,451212,2.44,6.38,10,86.3,1.7,1.7,30.6,0.5,48,0.8,1.7,15.8,2.29,9.6,100,85.8,88,1.57,198,147,7.26,112,0.28,18.4,,6.6,0.0465,22.3,18.5,16.9,25.3,8.4
C57BL/6J,m,1636,6.1,451213,7.63,9.36,12.2,82.2,2.5,2.2,46.1,14.4,49.3,15.4,31.2,15.9,2.32,12.8,118,104,90,1.42,,143,6.58,111,,17.2,,6.6,0.0478,25.2,20.4,19.2,27.1,8.9
C57BL/6J,m,1574,6.1,451214,7.99,10.1,13.8,81.5,2.4,1.4,47.4,15,46.7,14.8,31.7,14.4,2.2,7.7,109,95.8,87,1.43,238,145,7.56,111,0.41,18.2,26,7.3,0.0461,23.8,19.7,17.2,26.3,8.6
C57BL/6J,m,42,13.9,451215,0.34,4.61,22.7,68.1,2.1,6.7,22,7.3,47.7,15.7,33,16.1,2.22,7.7,101,89.5,69,1.25,202,144,6.94,111,0.5,16.4,24,7.1,0.0483,26.3,22.1,16,28.6,9.1
C57BL/6J,m,1277,5.3,452429,11.4,10.2,5.1,90.3,1.1,2.5,48.5,16.5,47.3,16.1,34.1,13.1,1.82,4.5,99,83.8,101,1.91,165,150,8.24,111,0.05,18.6,26,5.8,0.0477,22.9,18.7,18.5,25.1,8.8
C57BL/6J,m,,,452431,,,,,,,,,,,,,,,106,81.8,176,2.36,152,,,,0.47,,26,5.8,0.0462,20.1,16.2,19.2,22.1,8.5
C57BL/6J,m,1086,5.4,452433,11.7,10.4,4.5,91.3,1.1,1.7,49.6,16.5,47.5,15.8,33.2,14,1.91,4.8,87,75.2,79,1.86,212,151,9.04,109,0.37,12.6,30,6.5,0.0499,24.8,20.3,18.3,27,9
C57BL/6J,m,1165,5.2,452435,12.9,10.1,4.1,91.8,1.3,1.8,46.8,15.8,46.4,15.7,33.7,13.1,1.94,4.9,87,62.4,189,1.94,151,147,8.24,110,,18.6,,9.2,0.045,20.5,17.2,16.2,22.7,8.7
C57BL/6J,m,1295,5.7,453939,8.65,10.4,8,87.8,1.7,1.6,47.9,16.5,46.1,15.8,34.4,13.3,1.98,4.6,103,104,92,2.48,237,144,6.78,116,0.24,14.6,24,6.7,0.0482,24.1,18.8,21.9,26.5,8.8
C57BL/6J,m,1186,5.7,453941,7.23,10.1,7,87.5,2.1,2.7,47.3,16.1,46.7,15.9,34.1,13.5,1.98,5.4,106,110,81,2.26,236,137,7.2,111,0.26,15.8,26,4.4,0.0492,25.1,19.9,20.8,27.1,9
C57BL/6J,m,1495,4.9,453943,13.7,8.78,34.6,58,2.3,2.1,37.6,12.2,42.8,13.9,32.5,16.8,2.97,8.7,90,86.1,83,1.81,248,141,7.28,112,0.43,17,21,4.7,0.0457,23.6,19.9,15.7,25.5,9
C57BL/6J,m,1052,5.5,453945,9.14,10,7.3,87.8,1.6,2.4,47.7,16,47.7,16,33.6,13.9,2.05,6.1,102,104,75,1.96,232,145,7.06,114,,10,,6.1,0.05,24.7,19.6,20.8,26.9,8.9
C57BL/6J,m,,,455557,,,,,,,,,,,,,,,,,,,,150,7.29,113,,15.9,,,,,,,,
C57BL/6J,m,1083,5.4,455559,4.93,10.4,29.8,60.9,4,4.5,50.3,16,48.3,15.4,31.9,14.6,2.21,8.1,92,90.8,81,1.8,210,152,8.37,115,0.48,12.7,20,5.3,0.0482,25.9,21.4,17.4,28,9
C57BL/6J,m,439,5.3,455561,6.8,10.4,9.6,72.1,2.4,15.3,55.6,16.5,53.6,15.9,29.7,14.3,1.77,3.7,98,95.2,80,1.97,187,154,8.63,116,0.47,12.5,22,6.3,0.0497,25.6,21.4,16.4,27.9,8.6
C57BL/6J,m,927,5.1,455563,3.18,10.1,15.1,72.8,2.7,8.9,48.4,15.7,48,15.6,32.5,14,1.94,4.1,98,96.6,77,2.04,206,154,7.75,117,0.49,13.5,26,6.4,0.0514,26.6,21.8,17.9,28.8,8.9
C57BL/6J,m,1251,6.2,456948,11.2,10.2,6,89.9,1.3,1.7,48.3,16,47.5,15.8,33.2,14.6,2.05,6.1,101,93.8,128,2.04,214,156,8.49,114,0.46,8.2,27,5.6,0.0502,27.4,21.6,21.1,29.4,8.9
C57BL/6J,m,879,5.5,456950,8.8,8.72,10.9,83.3,2.3,2.5,43.7,14.4,50.1,16.5,32.8,16.2,2.02,4.2,104,98.7,128,1.94,233,154,6.93,114,0.58,14.2,24,5.3,0.0519,28.3,23.2,17.9,30.9,9
C57BL/6J,m,1431,6.2,456952,9.84,9.81,8.5,86.5,2,1.6,46.2,15.1,47.1,15.4,32.8,14.7,2.15,6.8,100,93.2,106,2.25,222,154,8.35,114,0.5,9.6,22,6.7,0.0495,25.6,20.3,20.6,27.7,8.8
C57BL/6J,m,1121,6.3,456954,9.58,9.84,16.2,77.4,3,2.5,47.4,15.8,48.2,16.1,33.4,15.1,2.09,5.1,98,92.3,100,2.09,214,152,7.29,111,0.5,19,20,5.5,0.0505,26.1,21.5,17.5,28.7,8.9
C57BL/6J,m,1369,5.4,460147,9.4,10.3,11.7,84.1,1.3,1.8,47,15.3,45.7,14.8,32.5,13.2,2.13,5.2,65,53,67,1.07,202,154,7.55,118,0.91,19.2,25,5.2,,,,,,
C57BL/6J,m,1152,5.3,460149,10.9,10.6,8.4,86.1,1.8,2.4,48.9,15.9,46,14.9,32.5,13.2,2.15,4.9,66,58,82,1.48,213,146,8.05,112,0.64,18.8,22,5,,,,,,
C57BL/6J,m,1042,5.6,460151,6.24,9.84,7.4,86.5,1.8,2.9,46.4,15.7,47.1,16,34,13.4,2.05,5.1,73,61.9,69,1.25,204,157,7.39,118,0.59,20,20,5.1,,,,,,
C57BL/6J,m,1184,5.6,460153,10.3,10.2,9.7,85.9,1.3,2.1,48,15.7,46.9,15.4,32.8,13.6,2.04,5.2,71,62.2,72,1.75,163,155,7.57,118,0.58,20,26,7.5,,,,,,
C57BL/6J,m,1183,5.2,461899,10.4,10.6,6.7,89.3,1.6,1.3,50.6,16,47.9,15.1,31.5,13.2,1.9,4.9,113,113,99,,265,155,7.67,117,0.45,18.5,34,8.1,0.0466,24.2,19.6,19.1,26.8,8.6
C57BL/6J,m,354,4.5,461901,10.5,10.5,4.6,88.6,1.6,4.3,49.8,16.1,47.2,15.3,32.4,13.6,2.01,5.2,123,121,99,,313,156,8.67,116,0.45,15.3,34,9,0.0468,26.2,19.4,26,27.1,8.7
C57BL/6J,m,562,4.8,461903,8.51,10.8,6,80,0.9,12.3,53.5,16.5,49.5,15.2,30.7,13.8,1.9,5.5,121,122,95,,284,155,8.35,116,0.46,17.3,29,8.4,0.0456,23.5,19.1,18.6,26.1,8.5
C57BL/6J,m,639,4.6,461905,8.46,10.5,7.5,75.7,1.8,13.8,50.2,15.7,47.8,15,31.3,13.9,2.03,5.8,110,108,103,,311,159,7.75,118,0.43,16.1,34,8.9,0.0474,23.4,18.6,20.4,25,8.6
C57BL/6J,m,,,465351,,,,,,,,,,,,,,,85,69.1,68,1.63,222,153,7.03,117,0.46,17.2,28,4.3,0.0485,24,19.2,19.9,25.2,8.6
C57BL/6J,m,,,465353,,,,,,,,,,,,,,,97,92.5,80,1.52,245,149,7.07,114,0.5,18.4,27,5.1,0.0483,25.5,19.9,21.8,26.3,8.9
C57BL/6J,m,845,5.1,465355,6.09,10.1,8.1,86,1.7,3.5,51.2,16.3,50.6,16,31.7,13.9,2.02,5.1,93,88.4,76,1.8,221,162,7.23,123,0.47,20.8,28,5,0.0472,24,19.6,18.2,25.7,8.6
C57BL/6J,m,949,5.6,465357,10.6,10.3,6.1,86.6,2.1,3.8,52,16.9,50.3,16.4,32.5,14.5,2.17,5.1,103,96.9,67,1.72,231,149,6.65,117,0.68,18.4,24,6.7,0.0465,21.7,17.3,20.4,22.7,8.5
C57BL/6J,m,1243,6.5,467172,8.55,10.1,4.9,92.1,1,1,49,15.8,48.4,15.6,32.2,13.9,1.92,5.7,98,86.7,107,1.99,264,154,7.19,122,0.38,20.8,26,5.1,,,,,,
C57BL/6J,m,1269,6.2,467174,7.17,10.1,8.2,88.8,0.9,1.5,48.2,15.4,47.7,15.3,32.1,13.4,1.86,5,87,76,92,2.18,211,155,6.91,123,0.49,19,27,4.4,,,,,,
C57BL/6J,m,1186,6.3,467176,2.09,9.98,32,61.7,4,1.6,51.1,15.5,51.2,15.5,30.3,14.7,1.85,5.5,88,72.6,91,1.81,216,154,9.01,124,0.4,14.2,26,6,,,,,,
C57BL/6J,m,1249,5.9,467178,4.95,10.2,42.3,45.1,3.8,8.1,51.1,15.8,49.9,15.5,30.9,15,1.93,5.6,93,71.9,87,1.79,215,156,8.57,125,0.52,14.6,27,6.2,,,,,,
C57BL/6J,m,1219,6.3,470417,10.3,10.3,6.5,89.2,1.2,2.1,51.9,16.1,50.3,15.6,31,14.9,1.96,5.8,57,52.2,42,1.21,158,159,7.58,118,1.16,18.6,132,4.5,0.0436,20,16.4,17.9,21.6,8.4
C57BL/6J,m,1100,6.1,470419,9.63,10.5,6.1,87.4,1.5,3.5,52.7,16.1,50,15.3,30.6,14,1.96,5.5,104,89.9,105,1.8,186,160,8.36,120,0.34,19.8,25,5.7,0.0437,21.4,17.6,17.8,23.8,8.5
C57BL/6J,m,1251,6,470421,9.21,10.4,6.7,86.9,1,4.6,51.5,15.8,49.6,15.2,30.7,13.7,1.9,5.7,67,50.6,61,1.59,109,154,8.96,122,0.66,16.2,17,7,0.0475,26,21,19.3,27.5,9.2
C57BL/6J,m,864,4.8,470423,11.1,10.5,8,86,1.1,3.6,52.5,16.1,49.9,15.3,30.7,13.6,1.89,5.2,132,112,227,2.93,132,157,8.72,122,0.71,18.8,24,8,0.0443,20,17.2,13.8,21.1,8.8
C57BL/6J,m,1237,6,473355,10.2,10.5,4.9,91.3,1.2,1.6,52.9,16.7,50.2,15.8,31.5,13.8,1.89,5.6,97,85.4,87,1.9,198,144,6.63,111,0.32,20.4,24,4.4,0.0489,24.2,20.1,16.9,25.6,8.5
C57BL/6J,m,,,473357,,,,,,,,,,,,,,,62,49.9,55,1.43,115,142,6.45,109,0.13,19.4,19,2.1,0.0482,25.3,20.5,19,26.7,8.7
C57BL/6J,m,1058,5.8,473359,9.81,10.6,8,84.6,1.9,3.8,54.6,16.8,51.5,15.8,30.7,14.1,1.91,6.1,84,74.8,87,2.17,170,143,7.67,110,0.45,14.2,20,4.1,0.0531,26.1,22.8,12.6,27.7,9.4
C57BL/6J,m,1191,6.1,473361,8.35,10.2,8.3,87.2,1.1,2.1,52.3,16.2,51.2,15.9,31,15.3,2.01,5.8,86,75,78,2.02,167,145,7.17,110,0.44,14,21,5,0.0514,25.2,21.4,15.2,25.7,8.9
C57BL/6J,m,1185,6.1,477026,6.23,10.1,11.4,86.2,0.6,1.3,49.6,15.3,49,15.1,30.9,14.1,1.97,5.7,45,38.3,32,0.84,93,143,6.73,111,0.18,17.7,9,1.3,0.0491,24.2,19.8,18.1,26.1,8.9
C57BL/6J,m,1340,5.9,477028,6.16,9.8,8.6,86.3,1.7,2.5,50.2,15.9,51.2,16.2,31.7,13.8,1.86,5.5,93,81.9,69,1.94,158,154,6.91,116,0.54,15.1,21,6.1,0.0516,25.7,20.8,18.9,27.1,9.1
C57BL/6J,m,1063,4.8,477030,7.28,10.1,7.1,87,0.8,4.6,50,16,49.7,15.9,32,13.8,1.89,5.1,90,80.7,64,1.24,205,146,7.67,111,0.6,17.3,25,5.3,0.0502,23.6,20,15.3,24.5,9
C57BL/6J,m,,,477032,,,,,,,,,,,,,,,94,84.3,89,1.57,225,146,8.29,113,0.65,9.3,26,3.5,0.0529,26.4,21.7,17.7,27,8.7
C57BL/6J,m,1139,6.1,480406,13.2,10.8,4.8,90.5,1.4,2.5,53.2,16.7,49.2,15.5,31.4,14,1.92,5.7,84,67.6,98,2.08,180,154,8.02,117,0.54,19.9,,6.3,0.0447,23.7,18.7,20.9,24.6,8.6
C57BL/6J,m,1198,6.2,480408,7.93,10.8,4.7,92,0.7,1.8,53.1,16.9,49.1,15.7,31.9,13.7,1.92,5.4,59,40.3,39,1.33,157,149,9.58,115,0.46,16.7,,5.3,0.0452,22.3,17.8,20,23.9,8.5
C57BL/6J,m,1161,5.2,480410,8.86,10.9,4.4,92.6,0.9,1.4,51.6,16.4,47.5,15.1,31.8,13.1,1.95,4.6,79,68.5,75,1.73,187,146,8.7,113,0.51,16.3,,6.4,0.0499,26.1,20.7,20.6,26.6,9.3
C57BL/6J,m,1094,4.8,480412,7.7,10.7,4.4,89.7,1.1,4.1,52.4,16.4,48.9,15.3,31.3,13.2,1.9,4.9,108,90.6,102,,,151,8.24,117,,16.9,,5.8,0.0459,23.2,19.6,15.9,24.4,9.2
C57BL/6J,m,174,7.8,484226,4.79,9.38,8.5,86.1,1.7,2.8,50.7,15.5,54.1,16.5,30.5,15,1.7,3.8,,,,,,158,7.05,121,,18.5,,,,,,,,
C57BL/6J,m,,,484228,,,,,,,,,,,,,,,80,66.5,81,1.55,152,151,6.73,118,0.37,16.1,19,5.7,,,,,,
C57BL/6J,m,,,484230,,,,,,,,,,,,,,,45,36.6,39,0.71,84,156,6.61,119,0.13,17.9,14,3,0.0467,27.2,23.9,12.6,28.4,9.6
C57BL/6J,m,763,4.7,484232,5.97,10.3,6.4,86.3,1.4,5,50.4,16.2,48.7,15.6,32.1,15.8,2.04,5.3,98,82.4,72,1.42,213,154,6.13,118,0.58,14.7,25,5.4,0.0509,27.2,22,19,27.7,9.2
C57BL/6J,m,,,487130,,,,,,,,,,,,,,,83,68.1,90,2.09,167,152,9.1,106,0.39,13.1,25,6.1,0.0495,25.8,21.7,15.8,27.7,8.8
C57BL/6J,m,142,8.7,487132,5.3,9.78,24.1,66.4,2.7,5.9,51.1,16.2,52.3,16.6,31.7,15.1,1.94,6.5,65,50.9,72,1.78,130,,,,0.42,,23,5.7,0.0503,26.8,22.1,17.5,28.4,9
C57BL/6J,m,,,487134,,,,,,,,,,,,,,,105,92.3,99,2.64,187,152,9.96,112,0.51,12.7,22,6.3,0.0506,26.3,21.5,18.2,27.3,9
C57BL/6J,m,,,487136,,,,,,,,,,,,,,,67,55.5,62,1.69,124,,,,0.4,,17,4.6,0.0472,23.8,20.3,14.6,25.3,8.8
C57BL/6J,m,1179,6.5,488742,6,10.4,7.3,88.1,1.7,2.4,50.7,16.5,48.8,15.9,32.5,14,2.02,5.8,116,87.3,97,2.1,185,149,7.2,110,0.37,20.2,24,7.1,0.051,27.5,21,23.8,28.3,9
C57BL/6J,m,,,488744,,,,,,,,,,,,,,,101,79.6,94,1.88,206,153,6.6,109,0.37,20.8,23,8.1,0.0498,26.2,20.3,22.5,27.3,8.9
C57BL/6J,m,1177,6.3,488746,8.93,10.5,5.3,88.9,1.9,2.9,51.1,16.5,48.8,15.8,32.3,13.9,2.01,5.5,115,97.2,107,2.24,190,148,7.6,108,0.72,18.2,20,6.7,0.0522,30.8,22.8,26.1,31.9,9.6
C57BL/6J,m,1129,6,488748,9.11,10.3,5.3,90.6,1.8,1.3,49.9,16,48.3,15.5,32,13.8,1.95,5.6,124,96.5,97,2.25,225,152,8.2,111,0.47,14.4,21,7.1,0.0528,29.2,22.3,23.5,30.8,9.4
C57BL/6J,m,1080,5.5,492066,9.84,10.3,12.2,82.9,1.3,2.5,49,16.2,47.8,15.8,33.1,14.6,2.06,5.5,83,62.4,77,1.56,161,146,6.24,113,0.72,15.5,16,6.8,0.0529,25.7,21.8,15.2,28.3,9
C57BL/6J,m,965,4.8,492068,11.9,10.1,10.2,83.8,1.6,2.2,49.7,16,49.2,15.9,32.2,15.1,2.17,6.2,85,62.9,69,1.39,228,149,5.92,114,0.5,18.7,22,6.6,0.0523,25,21.7,13.2,27.9,9.01
C57BL/6J,m,,,492070,,,,,,,,,,,,,,,89,68.4,85,1.64,182,151,7.44,115,0.66,16.7,27,6.5,,,,,,
C57BL/6J,m,968,4.7,492072,9.23,9.83,4,90,1.2,3.6,51.7,16.1,52.5,16.4,31.2,14.5,1.86,6,88,68.7,78,1.56,175,148,6.32,113,0.56,16.3,26,7.7,,,,,,
C57BL/6J,m,1451,5.2,495230,11.1,9.94,6,88.4,2.4,1.8,51.4,15.6,51.7,15.7,30.4,14.4,1.94,7.7,106,87.4,110,1.68,249,149,7.84,116,0.74,12.7,24,7.2,0.0501,23.2,17.8,23.3,24.4,9.01
C57BL/6J,m,1198,5.8,495232,11.4,10.3,4.1,91.5,1.4,2,50.4,16,49.2,15.6,31.7,13.3,1.96,6.5,104,84.3,103,1.63,255,145,7.86,114,0.51,13.3,27,7.8,0.0531,25.8,20.3,21.4,27.7,9
C57BL/6J,m,1166,4.7,495234,10.3,10,8.4,85.6,1.7,3.2,48.8,15.7,48.8,15.7,32.2,14.1,1.98,6.4,94,72.1,87,1.47,226,152,7.34,120,0.55,13.7,24,6.9,,,,,,
C57BL/6J,m,,,495236,,,,,,,,,,,,,,,107,83.1,105,1.7,215,150,7.28,116,0.59,14.5,22,6.6,,,,,,
C57BL/6J,m,1100,5.3,496590,8.78,10.6,7.3,88.4,1.3,1.4,55.3,16,52.3,15.2,29,14.4,1.79,5,92,72.7,126,1.76,182,145,8.36,111,0.72,16.5,22,6.3,0.0494,25.9,22,15.1,28.9,9.1
C57BL/6J,m,1252,5.1,496592,9.28,10.7,8.3,86.1,1.1,2.6,53.7,16.2,50.4,15.2,30.2,13.2,1.86,5.4,69,50,65,1.24,137,147,7.76,112,0.51,16.1,20,4.1,0.0523,26.1,21.4,18.1,28.5,9
C57BL/6J,m,856,4.4,496594,10.4,10.5,5,80.3,1,12.5,51.5,16,49.2,15.3,31.1,12.8,1.75,3.5,74,58.1,71,1.52,142,154,8.42,116,0.43,15.9,21,5.1,0.0523,28.5,22.7,20.3,29.6,10.5
C57BL/6J,m,1375,5,496596,11.6,10.4,7.5,87.6,1.1,2.1,53.4,15.8,51.4,15.2,29.5,14.1,1.92,7,100,79.3,112,1.89,231,153,9.46,117,0.61,14.9,27,5.8,0.0531,27.5,21.6,21.6,28.8,10.1
C57BL/6J,m,877,5.9,497996,6.58,8.42,26.4,70.3,0.4,1.2,43.8,12.7,52,15.1,29,15.9,2.05,10.2,87,72.7,113,2.08,184,127,6.21,101,0.56,10.1,22,8.1,0.0549,27.6,23,16.6,30,9.1
C57BL/6J,m,,,497998,,,,,,,,,,,,,,,89,74,87,1.79,178,134,8.11,105,0.75,6.5,20,8.4,0.0523,25.2,21.3,15.3,27.5,8.7
C57BL/6J,m,1568,5.9,498000,8.61,10,8.3,87.2,0.6,1.7,50.2,15.9,50.1,15.9,31.7,15.2,1.95,7,57,42.1,59,1.51,108,140,8.03,109,0.31,14.7,12,6,0.0559,28.9,24.5,15.2,32.6,10.6
C57BL/6J,m,1344,5.3,498002,12.5,9.5,37.7,58,0.4,1.8,47.5,15.1,50,15.9,31.8,15.9,2.08,8.5,111,94.3,124,3.03,250,142,7.33,112,0.66,13.9,23,9.7,0.0525,26.7,23.9,10.3,28.6,10.6
C57BL/6J,m,1226,5.6,500484,14.3,10.8,6.2,89.3,1.2,1.2,53.6,16.3,49.8,15.2,30.5,12.6,1.79,6.7,93,76.2,107,2.5,222,158,8.24,112,0.54,21.2,24,5.7,0.0534,26.5,20.4,22.9,28.9,8.8
C57BL/6J,m,1390,5.7,500486,11.8,10.6,5,89.3,1.5,1.7,51.5,15.7,48.6,14.8,30.4,13,1.86,6.2,88,72,105,2.47,225,152,7.46,113,0.56,16.2,26,8.2,0.0513,26.1,20.1,23.1,28.3,8.9
C57BL/6J,m,1374,5.6,500488,11.5,10.8,5.3,90,1.3,1.3,54.4,16.2,50.4,15,29.8,12.9,1.79,6.2,103,88.3,131,2.61,259,149,7.06,116,0.67,17.6,26,7,0.0478,22.1,18.1,17.9,24.7,8.7
C57BL/6J,m,1406,5.5,500490,13.1,10.6,6.4,88,1.2,2.9,53.6,15.9,50.4,14.9,29.6,12.8,1.81,6.6,82,65.6,106,2.13,239,151,6.7,121,0.61,21.2,23,7.1,0.05,24.3,19.4,20.3,26.8,8.8
C57BL/6J,m,1218,5.3,503430,11.9,10.6,7.9,85.9,1.5,3.2,51.7,15.7,48.7,14.8,30.5,13.6,1.92,7.6,85,69.2,99,1.42,178,151,6.18,121,0.09,16.6,27,5.8,0.0444,21.7,17.9,17.4,224,8.3
C57BL/6J,m,996,4.7,503432,9.93,10.7,7.9,85.5,1.4,3.5,52.8,16,49.5,14.9,30.2,13,1.85,6.7,75,49.9,100,1.82,157,155,6.68,121,0.32,14.6,16,4.4,0.0478,24.5,20.2,17.6,27.1,8.8
C57BL/6J,m,1226,5.3,505046,9.32,9.32,15.1,78.7,1.6,2.6,47.5,14.9,50.9,16,31.4,13.7,1.85,7.4,55,31.2,57,1.45,109,146,7.04,120,0.33,14.6,15,4.8,0.0539,25.7,21.3,17.2,28.4,8.6
C57BL/6J,m,1606,6.1,505048,9.65,9.82,14.2,80.6,1.8,1.7,51.1,15.9,52,16.2,31.2,15,1.96,10.4,96,76.9,116,2.59,150,142,7.44,117,0.69,12,26,6.3,0.0525,23.8,20.4,14.2,26.4,8.8
C57BL/6J,m,368,5.5,507940,7.89,10.5,14,77.9,1.2,6,53.5,16,50.7,15.2,29.9,13.4,1.74,6.4,80,55.3,74,1.5,168,138,8.29,103,0.6,16.6,20,5.1,0.044,20.8,17.3,16.8,23.4,8.5
C57BL/6J,m,1489,5.7,507942,10.5,10.7,5,89.6,1.6,2.3,53.4,16.3,49.8,15.2,30.5,13,1.77,5.9,,,,,,139,8.25,104,,17.8,,,0.049,25,18.7,25.1,25.9,9.8
C57BL/6J,m,1419,5.6,508702,8.82,9.99,5.5,90.3,1,2.1,49.4,15.4,49.5,15.4,31.1,12.8,1.91,8.1,97,74.1,108,1.8,255,143,6.55,106,0.46,20.8,24,6.8,,,,,,
C57BL/6J,m,1522,5.7,508704,9.68,10.2,6.2,89.3,1,2.3,50.4,15.3,49.4,15,30.3,12.3,1.87,8,92,73.4,87,1.72,210,150,7.27,114,0.45,18.6,26,7.1,,,,,,
C57BL/6J,m,1343,5.5,508706,9.26,10.2,6.3,88.4,1.4,2.8,50.2,15.8,49.4,15.5,31.4,12.6,1.83,7.5,98,75.9,96,1.75,253,146,6.67,107,0.45,14.8,22,9.6,,,,,,
C57BL/6J,m,1313,5.6,508708,11.4,10.4,12.1,83.1,1,2.5,51.4,16,49.4,15.4,31.2,12.2,1.82,6.4,87,67.1,84,1.58,248,147,6.47,108,0.33,14.4,27,7.4,,,,,,
C57BL/6J,m,1739,7.3,509328,8.31,9.45,8.2,87,1,2.2,47.2,15.1,49.9,16,32.1,13,1.76,6,84,59.2,80,1.63,156,147,6.35,109,0.37,22.6,19,6.7,0.0484,25.2,19.9,21.1,27.5,8.7
C57BL/6J,m,1526,7.1,509330,10.8,10.4,7.6,88,1,1.9,51.5,16.2,49.5,15.5,31.4,12.9,1.76,6.5,97,76,102,1.62,216,147,6.63,110,0.24,17.6,26,6.7,0.0484,24.7,18.6,24.5,26.8,8.7
C57BL/6J,m,1522,7.1,509332,12.5,10.7,6.2,88.9,1.1,2.6,54.2,16.9,50.6,15.8,31.2,12.7,1.71,6,92,67.6,103,1.8,222,145,6.57,110,0.32,14,23,4.6,0.0502,26.4,20.2,23.7,28.4,8.7
C57BL/6J,m,1422,7.1,509334,11.3,10.4,8.2,86.8,1.3,2.1,52.8,16.5,50.6,15.8,31.2,13.2,1.78,6.8,92,65.8,84,1.58,199,148,6.39,110,0.34,16.4,24,6.5,0.0454,23.6,18.3,22.6,25.8,8.5
C57BL/6J,m,1429,6.3,512832,5.42,9.81,6.7,90,0.9,1.6,49.6,14.8,50.6,15.1,29.8,13.5,2,6.8,117,87.1,89,2.89,212,150,8.33,112,0.58,16.2,35,7.3,0.0514,27,21.3,21.1,28.2,9.6
C57BL/6J,m,1521,6.2,512834,4.38,9.86,6.5,90,1.4,1.5,49.7,14.9,50.3,15.1,30,12.9,1.94,6.5,112,89.1,114,2.64,125,152,6.87,112,0.59,18,22,5.9,0.0554,27.6,21.1,23.7,28.2,9.8
C57BL/6J,m,1530,7.2,514186,6.28,10.8,7,88.6,1.2,2.1,54.2,16.4,50.4,15.2,30.2,13.1,1.77,5.1,108,83.5,100,2.46,263,152,6.47,109,0.89,18.4,21,7.9,0.0436,27,21.5,20.5,29.4,8.8
C57BL/6J,m,1609,7.1,514188,6.88,10.6,6.7,88.6,1,2.8,52.2,16.2,49.2,15.3,31,12.3,1.74,4.6,112,88.8,85,2.09,276,151,6.69,110,0.64,18.4,25,8.1,0.0461,24.3,19.8,18.6,26.4,8.6
C57BL/6J,m,1477,7,514190,7.27,10.4,6.2,88.9,1.5,2.1,53.3,15.5,51.4,15,29.1,13.3,1.8,5.6,89,67,90,2.12,244,155,6.89,111,0.66,20.2,25,6.9,0.0453,21.4,17.3,19.3,23.1,8.4
C57BL/6J,m,1160,7.1,516502,11.9,11.2,5.5,91,0.9,1.1,56,17.4,50.1,15.6,31.1,13,1.86,3.8,129,87.1,200,3.64,229,,,,0.45,,32,8,0.0501,27.4,21.6,21.1,29.6,8.8
C57BL/6J,m,1108,7.1,516504,12.4,11.3,4.9,91.4,0.8,1.6,55.3,17.2,49.1,15.2,31,12.7,1.87,3.8,117,69.9,93,2.41,261,,,,2.02,,32,7.4,0.0485,24.1,19.6,18.6,26.4,8.6
C57BL/6J,m,1440,6.7,516976,11.1,8.51,6.4,89.3,1,1.7,41.2,13.3,48.4,15.6,32.2,14.6,2.19,5.9,,,,,,153,6.35,115,,19,,,0.0506,25.3,20.7,18,28.2,8.8
C57BL/6J,m,510,6.2,516978,9.94,9.05,6.3,84.4,1,7.3,46.2,13.9,51,15.3,30,15.2,2.11,5.2,,,,,,162,6.73,119,,15.8,,,0.052,25.8,21.5,16.6,28.3,8.8
