strain,sex,animal_id,sodium,potassium,magnesium,K_Cl,Na_K_pump,Na_H_exchange,gardos_channel,MCV,CHCM,MCH,retic
129S1/SvImJ,f,5631,17.75,373.07,7.47,8.27,,,,48.3,30.3,14.6,2.27
129S1/SvImJ,f,5632,16.51,376.17,7.82,4.66,,,,47.3,30.7,14.5,2.31
129S1/SvImJ,f,5633,16.13,349.57,7.52,3.23,,,,47.3,30.8,14.5,1.67
129S1/SvImJ,f,5634,15.93,354.38,7.71,2.52,,,,47.1,30.7,14.4,2.11
129S1/SvImJ,f,5635,15.52,363.39,7.73,3.76,,,,47.1,30.8,14.5,1.27
129S1/SvImJ,f,5636,16.68,393.47,8.06,5.21,,,,48.2,30.4,14.7,3.97
129S1/SvImJ,f,5637,16.75,376.6,8.16,4.15,,,,47,30.6,14.4,2.54
129S1/SvImJ,f,5638,17.69,376.12,7.94,5.46,,,,47,30.9,14.5,3.55
129S1/SvImJ,f,5639,15.96,353.59,7.09,4.82,,,,48,30.8,14.8,3.55
129S1/SvImJ,f,5640,16.82,379.68,8.13,,,,,47.6,30.7,14.6,3.57
129S1/SvImJ,f,5641,14.57,347.72,6.5,,23.31,67.7,,47.6,31.2,14.9,1.49
129S1/SvImJ,f,5642,14.17,351.54,6.96,,25.63,65.5,,47.2,31.1,14.7,1.83
129S1/SvImJ,f,5643,16.13,362.48,7.38,,36.79,,,46.8,31.4,14.7,3.29
129S1/SvImJ,f,5644,15.67,371.63,7.63,,26.65,59.9,,47.3,31.1,14.7,2.93
129S1/SvImJ,f,5645,16.42,339.24,7.13,,21.06,61.5,,47,31.6,14.8,3.24
129S1/SvImJ,f,5646,15.69,364.55,7.71,,31.79,64.7,,47.1,31.4,14.8,3.35
129S1/SvImJ,f,5647,14.42,329.07,6.66,,29.46,69.5,,46.9,31.3,14.7,2.82
129S1/SvImJ,f,5648,16.46,372.76,7.85,,24.44,55,,46.3,31.8,14.7,2.48
129S1/SvImJ,f,5649,16.11,384.22,8.53,,27.64,53.8,,47,31.3,14.7,3.13
129S1/SvImJ,f,5661,15.51,390.17,3.38,,,,0.02,47.9,30.3,14.4,2.24
129S1/SvImJ,f,5662,15.05,384.03,4.13,7.06,,,0.033,47.8,30.9,14.6,3.57
129S1/SvImJ,f,5663,14.61,371.97,4.4,7.15,,,0.027,47.6,30.9,14.6,3.24
129S1/SvImJ,f,5666,15.78,399.18,0.19,,,,0.018,47,29.6,13.9,2.98
129S1/SvImJ,f,5667,14.52,391.83,2.01,,,,0.015,47.5,29.5,14,1.31
129S1/SvImJ,f,5668,17.87,380.39,4.76,,27.04,47.5,,42.8,27.7,11.9,1.3
129S1/SvImJ,f,5669,21.13,413.51,6.09,,23.99,,,42.5,26.9,11.4,2.22
129S1/SvImJ,f,5670,20.29,386.66,6.61,6.32,,,,49.5,27.6,13.7,1.63
129S1/SvImJ,f,5671,17.38,378.98,6.48,5.98,,,0.021,49.6,27.2,13.4,1.69
129S1/SvImJ,f,5672,17.04,368.48,6.45,5.94,,,,49.5,27.2,13.4,1.61
129S1/SvImJ,f,5673,19.26,426.55,8.15,9.11,,,0.016,48.6,26.8,13,2.33
129S1/SvImJ,f,5674,21.57,398.79,7.21,6.75,,,0.011,49.5,27.4,13.6,2.3
129S1/SvImJ,f,5675,17.4,381.82,6.35,4.97,,,0.021,51,27.1,13.8,1.64
129S1/SvImJ,f,5676,17.62,379.66,7.44,5.44,,,0.019,49.4,27,13.3,2.35
129S1/SvImJ,m,5601,16.91,423.79,7.92,5.22,,,,47.8,28.6,13.7,2.18
129S1/SvImJ,m,5602,15.71,410.02,8.01,8.13,,,,48.7,28.1,13.7,3.11
129S1/SvImJ,m,5603,16.99,410.32,7.62,3.92,,,,47.8,28.6,13.6,2.76
129S1/SvImJ,m,5604,16.91,423.79,7.92,3.8,,,,47.8,28.6,13.7,2.51
129S1/SvImJ,m,5605,17.68,413.22,8.03,6.4,,,,47.4,28.4,13.5,2.63
129S1/SvImJ,m,5606,17.9,432.04,6.78,,35.57,69.28,,48.6,28.4,13.8,1.08
129S1/SvImJ,m,5607,18.29,436.98,7,,28.91,51.34,,49.6,28.1,13.9,1.2
129S1/SvImJ,m,5608,17.54,399.35,7.54,,35.49,62.69,,48.1,28.4,13.6,2.66
129S1/SvImJ,m,5609,18.98,442.29,8.98,,31.5,42.26,,47.3,28.8,13.6,2.65
129S1/SvImJ,m,5610,18.5,434.16,8.61,,37.58,47.91,,47.5,28.9,13.7,2.49
129S1/SvImJ,m,5611,16.86,340.02,,,29.6,57.9,,46.6,30.2,14,
129S1/SvImJ,m,5612,16.48,318.79,,,19.15,57.58,,55.7,29.2,16.3,
129S1/SvImJ,m,5613,19.2,339.46,,,28.7,56.81,,47.2,30.1,14.2,
129S1/SvImJ,m,5614,13.69,269.83,,,30.02,47.69,,46.6,29.6,13.7,
129S1/SvImJ,m,5615,18.42,358.04,,,40.92,54,,45.2,30.5,13.8,
129S1/SvImJ,m,5616,19.27,477.17,,5.69,,,,47.9,28.8,13.8,2.08
129S1/SvImJ,m,5617,18.33,438.4,,4.09,,,,47.2,29,13.7,1.95
129S1/SvImJ,m,5618,18.33,483.26,,5.94,,,,48.3,28.8,13.9,2.34
129S1/SvImJ,m,5619,17.21,413.55,,5.48,,,,47.8,28.7,13.7,2.29
129S1/SvImJ,m,5620,18.89,305.64,,5.09,,,,47.9,29,13.9,2.47
129S1/SvImJ,m,5650,16.54,401.2,7.37,,,,0.013,48.4,28.4,13.7,1.93
129S1/SvImJ,m,5651,14.36,388.56,7.14,5.48,,,0.013,47.5,30.8,14.6,1.36
129S1/SvImJ,m,5652,16.33,435.97,7.85,5.02,,,0.008,42.8,27.6,12,1.48
129S1/SvImJ,m,5653,13.93,349.78,6.48,3.36,,,0.014,48.4,31.5,15.3,2.07
129S1/SvImJ,m,5654,13.14,336.09,6.37,6.37,,,0.019,48,33.3,16,1.76
129S1/SvImJ,m,5655,10.43,285.97,5.15,4.56,,,0.02,49.8,29.4,14.6,2.03
129S1/SvImJ,m,5656,16.07,457.39,8.46,4.87,,,0.017,49.5,29.1,14.4,1.94
129S1/SvImJ,m,5657,15.85,438.52,7.58,7.18,,,0.019,49.1,29,14.2,1.88
129S1/SvImJ,m,5658,,,,4.04,,,0.027,,0,,
129S1/SvImJ,m,5659,15.1,434.87,7.75,6.16,,,,49.8,28.7,14.3,2.21
129S1/SvImJ,m,5660,14.67,419.52,7.55,,,,0.022,48.9,29.2,14.2,1.76
129S1/SvImJ,m,5664,15.66,385.96,4.54,6.72,,,0.03,45.9,30.6,13.9,3.41
129S1/SvImJ,m,5665,15.77,366.83,4.32,4.98,,,,46.5,30.2,13.9,2.9
129S1/SvImJ,m,5677,21.03,440.32,9.84,,26.09,33.16,,50.3,26.9,14.9,2.26
129S1/SvImJ,m,5678,12.31,343.52,7.39,,30.87,34.52,,51.2,25.7,13.2,1.87
A/J,f,5731,16.92,380.32,,8.46,,,,46,29.9,13.7,2.9
A/J,f,5732,17.93,389.16,3.07,7.82,,,,46.2,30.2,13.9,3.52
A/J,f,5733,17.5,362.96,,7.7,,,,47.2,30.2,14.2,4.96
A/J,f,5734,16.92,358.61,3.23,8.03,,,,46,30,13.7,4.23
A/J,f,5735,19.76,400.18,3.74,6.28,,,,47.6,30.7,14.5,2.2
A/J,f,5736,16.77,342.04,3.67,6.47,,,,46.6,30.9,14.4,3.12
A/J,f,5737,16.68,338.17,3.67,6.88,,,,46.1,30.7,14.1,3.58
A/J,f,5738,17.13,352.05,3.23,4.99,,,,45.9,30.5,14,2.66
A/J,f,5739,17.49,371.86,4.2,6.39,,,,45.9,30.6,14,2.68
A/J,f,5740,20.55,410.03,4.98,7.03,,,,,0,,
A/J,f,5741,17.58,358.83,6.97,,30.87,49.47,,47.1,31.7,14.9,2.37
A/J,f,5742,16.84,349.98,6.54,,28.75,35.5,,46.1,31.5,14.5,2.11
A/J,f,5743,17.46,333.5,6.62,,36.82,,,47,31.9,15,1.94
A/J,f,5744,17.43,343.84,6.93,,36.08,53.67,,47.6,31.8,15.1,1.96
A/J,f,5745,16.61,342.87,6.78,,34.39,40.99,,45.8,31.4,14.3,2.37
A/J,f,5746,16.4,310.42,7.14,,37.29,36.83,,45.7,32.2,14.7,2.96
A/J,f,5747,18.28,310.71,6.57,,29.96,44.92,,46.6,31.9,14.8,2.55
A/J,f,5748,17.83,316.06,6.53,,40.89,46.48,,45.8,32.4,14.8,2.21
A/J,f,5749,17.98,312.88,6.99,,36.49,44.96,,45.5,32.2,14.6,2.92
A/J,f,5750,18.28,317.12,7.17,,32.95,36.92,,44.9,32.3,14.5,2.77
A/J,f,5751,19.67,386.89,8.26,,,,0.074,47.2,30.6,14.4,1.66
A/J,f,5752,19.54,386.01,8.25,,,,0.058,46.7,30.3,14.1,2.14
A/J,f,5753,21.3,374.65,8.08,,,,0.097,45.3,30.3,13.7,2.52
A/J,f,5754,19.06,400.86,8.88,,,,0.086,46.2,29.9,13.8,2.36
A/J,f,5767,18.78,392.15,5.07,9.53,,,0.07,49.1,29.4,14.4,2.97
A/J,f,5768,18.32,386.19,5.11,7.54,,,0.059,48.7,29.6,14.3,2.53
A/J,f,5769,15.83,413.46,6.15,10.68,,,0.04,52.8,28.1,14.8,1.2
A/J,f,5770,18.7,381.49,4.95,9.18,,,0.054,48.5,29.2,14.1,2.95
A/J,f,5771,20.37,409.56,5.64,8.69,,,0.067,48.5,29.5,14.3,2.98
A/J,f,5772,20.09,411.1,5.73,7.75,,,,47.2,29.8,14,3.1
A/J,f,5773,18.01,379.92,4.21,,,,0.046,48.9,29.1,14.2,1.53
A/J,f,5774,,,,,,,0.048,50.2,30.5,15.3,4.23
A/J,f,5775,,,,,,,0.033,50.6,30.5,15.4,1.73
A/J,f,5776,,,,,,,0.046,48.5,30.8,14.9,1.35
A/J,f,5777,,,,,,,0.03,48.4,30.5,14.7,2.2
A/J,f,5780,17.47,339.61,4.99,,25.2,36.45,,47,31.1,14.6,2.13
A/J,f,5781,20.78,393.99,5.93,,25.69,40.01,,47.1,30.9,14.5,2.96
A/J,m,5701,,670.03,6.98,6.16,,,,45.3,30,13.5,2.12
A/J,m,5702,19.91,345.87,3.21,7.35,,,,44.7,30.1,13.4,2.33
A/J,m,5703,19.18,336.31,3.44,7.61,,,,45.5,30.2,13.7,2.52
A/J,m,5704,20.53,366.28,4.22,8.44,,,,44.5,30.5,13.5,2.38
A/J,m,5705,19.44,360.6,3.54,6.43,,,,45.1,30.3,13.6,2.36
A/J,m,5706,17.72,377.51,4.31,,28.44,37.27,,44.7,30.5,13.6,2.55
A/J,m,5707,18.54,407.44,5.47,,37.87,40.34,,45,30.4,13.7,2.73
A/J,m,5708,17.25,362.32,4.95,,,45.81,,44.8,31.1,13.9,2.57
A/J,m,5709,18.88,395.07,5.37,,45.96,39.82,,44.4,31.2,13.9,1.84
A/J,m,5710,18.56,387.49,4.58,,45.32,,,42.8,0,,
A/J,m,5711,16.26,394.98,8.19,9.07,,,,44.5,30.6,13.6,1.99
A/J,m,5712,16.76,392.03,8.46,9.2,,,,44.8,30.6,13.7,2.29
A/J,m,5713,16.37,399.97,7.98,7.64,,,,44.6,30.5,13.6,2.15
A/J,m,5714,16.46,386.82,8.47,6.89,,,,45.2,30.7,13.8,2.91
A/J,m,5715,15.76,409.28,8.93,8.93,,,,45,30.3,13.6,2.1
A/J,m,5721,,,,,,,0.027,,0,,
A/J,m,5723,,,,,,,0.042,,0,,
A/J,m,5724,,,,,,,0.027,,0,,
A/J,m,5725,,,,,,,0.032,,0,,
A/J,m,5760,17.32,383.21,5.97,7.96,,,0.059,46.9,30.5,14.3,2.29
A/J,m,5761,18.85,393.8,5.74,6.51,,,0.051,47.6,30.4,14.4,2.86
A/J,m,5762,18.07,384.8,5.77,7.35,,,0.041,47.4,30.6,14.4,2.99
A/J,m,5763,17.59,387.85,5.3,5.7,,,0.066,46.6,30.3,14.1,2.78
A/J,m,5764,18.2,398.73,6.11,6.64,,,0.042,47.5,30.2,14.3,2.21
A/J,m,5765,17.58,360.17,5.32,5.9,,,,48,30.4,14.5,2.6
A/J,m,5766,18.03,369.96,4.7,,,,0.042,47.4,30.4,14.4,2.55
A/J,m,5778,,,,,,,0.022,48.6,30.2,14.7,1.52
A/J,m,5779,,,,,,,0.025,47.9,30.5,14.6,1.63
A/J,m,5782,25.93,531.58,,,27.69,27.42,,46.5,27.4,12.7,2.33
A/J,m,5783,22.46,517.45,,,31.7,34.99,,48.4,27.1,13.1,2.5
A/J,m,5784,23.78,559.19,,,29.95,34.46,,48.1,27.3,13.1,3.28
A/J,m,5785,25.57,525.1,,,31.16,,,46.7,27.3,12.7,3.04
A/J,m,5786,22.79,490.04,,,31.76,38.67,,48.5,27.2,13.2,2.62
A/J,m,5787,23.06,468.59,,,25,31.24,,47.3,28.1,13.2,3.14
A/J,m,5788,20.72,454.33,,,30.46,27.38,,46.9,27.9,13,3.28
A/J,m,5789,21.45,410.82,,,25.1,,,46.6,27.9,13,2.79
BALB/cJ,f,5531,19.87,396.41,6.48,10.26,,,0.079,50.1,29.8,14.8,3.15
BALB/cJ,f,5532,18.65,379.19,6.86,8.47,,,0.071,49.7,29.7,14.7,2.5
BALB/cJ,f,5533,16.8,338.71,6.55,7.11,,,0.059,49.5,29.8,14.7,2.83
BALB/cJ,f,5534,17.97,359.15,7.46,,,,,49.7,30.1,14.9,1.9
BALB/cJ,f,5535,18.05,376.77,7.76,10.46,,,0.062,48.2,29.7,14.3,3.22
BALB/cJ,f,5536,21.02,396.77,6.81,8.84,,,0.06,49.4,30.1,14.8,2.53
BALB/cJ,f,5537,20.36,381.91,6.4,,40.86,43.56,,47.5,31.1,14.7,2.43
BALB/cJ,f,5538,23.17,409.99,7.27,,40.44,38.64,,47.5,31.2,14.7,2.96
BALB/cJ,f,5539,18.54,357.55,6.6,,41.87,36.64,,46.8,31.2,14.5,3.56
BALB/cJ,f,5541,17.45,391.67,5.74,,39.38,39.13,,49.4,29.7,14.6,2.3
BALB/cJ,f,5542,18.81,408.64,5.26,,31.95,37.63,,49.9,29.6,14.7,3.13
BALB/cJ,f,5543,18.45,399.8,6.15,,29.17,45.67,,49.5,29.8,14.7,2.83
BALB/cJ,f,5544,17.67,383.91,5.75,,40.06,47.12,,49,29.8,14.5,3.02
BALB/cJ,f,5545,17.87,403.59,6.4,,34.9,41.68,,49,29.8,14.6,3.68
BALB/cJ,f,5546,18.53,362.65,6.31,6.24,,,,50,29.7,14.8,2.15
BALB/cJ,f,5547,19.55,373.98,7.23,6.58,,,,49.8,29.7,14.7,2.87
BALB/cJ,f,5548,16.15,407.79,9.14,6.04,,,,49,29.8,14.5,2.29
BALB/cJ,f,5549,20.32,402.57,9.51,9.14,,,0.063,49,29.8,14.5,2.23
BALB/cJ,f,5550,17.79,388.57,8.11,,,,0.073,49.7,29.7,14.7,2.62
BALB/cJ,f,5551,17.04,364.52,4.59,10.37,,,0.034,49.8,30.5,15.1,2.63
BALB/cJ,f,5552,16.8,354.43,4.28,11.05,,,0.034,49,30.8,15,2.25
BALB/cJ,f,5553,18.14,365.24,4.82,12.59,,,0.032,48.7,30.6,14.8,3.1
BALB/cJ,f,5554,16.78,356.93,4.53,12.99,,,0.041,48.3,30.6,14.7,2.4
BALB/cJ,f,5558,20.3,366.07,7.49,,28.33,39.31,,45.9,32.3,14.7,2.94
BALB/cJ,f,5559,18.38,333.33,6.95,,28.13,32.51,,46.8,32.4,15,2.95
BALB/cJ,f,5560,18.01,354.91,7.26,,32.2,38.53,,47,32.3,15.1,3.61
BALB/cJ,m,5501,16.65,373.43,7.39,10.53,,,0.112,50,29.4,14.6,2.41
BALB/cJ,m,5502,18.19,391.99,7.76,11.07,,,0.132,49,29.6,14.4,2.88
BALB/cJ,m,5503,18.33,362.78,7.34,11.03,,,0.093,48.4,29.6,14.3,3.07
BALB/cJ,m,5504,16.44,342.29,7.04,9.72,,,0.105,49.3,29.4,14.4,3.13
BALB/cJ,m,5505,17.21,353.02,7.06,8.52,,,0.121,49,29.8,14.5,2.98
BALB/cJ,m,5506,17.79,353.99,6.23,,40.79,27.02,,48.2,29.8,14.3,3.25
BALB/cJ,m,5507,20.04,368.43,6.52,,39.18,29.79,,50.5,29.3,14.7,2.78
BALB/cJ,m,5508,19.89,391.38,6.55,,33.62,22.31,,48.2,29.6,14.2,2.91
BALB/cJ,m,5509,20.02,369.54,6.57,,34.65,25.77,,48.2,29.9,14.3,2.98
BALB/cJ,m,5510,16.48,361.69,5.92,,34.61,40.25,,49.1,29.5,14.4,3.34
BALB/cJ,m,5511,17.86,344.2,6.8,11.96,,,,48,30.2,14.4,2.24
BALB/cJ,m,5512,17.92,399.78,6.09,14.36,,,,48.1,29.9,14.3,2.89
BALB/cJ,m,5513,16.88,361.52,6.48,10.58,,,,49,29.9,14.6,3.33
BALB/cJ,m,5514,19.27,413.14,7.96,10.15,,,,47.9,30.1,14.3,2.94
BALB/cJ,m,5515,14.94,334.23,5.55,7.92,,,,49.2,29.8,14.6,2.14
BALB/cJ,m,5516,19.17,386.18,6.21,,,40.62,,47.9,29.9,14.2,3.17
BALB/cJ,m,5517,20.47,390.52,6.42,,34.1,42.08,,48.1,29.9,14.3,3.45
BALB/cJ,m,5518,23.25,371.9,4.53,,36.27,32.31,,48.5,30,14.4,3.09
BALB/cJ,m,5519,21.75,414.49,6.97,,39.25,38.26,,47.9,30.1,14.3,2.8
BALB/cJ,m,5520,19.21,380.58,6.86,,39.81,38.04,,48.5,30.1,14.5,2.41
BALB/cJ,m,5522,17.26,390.56,6.79,,,,0.113,49.6,29.5,14.5,2.28
BALB/cJ,m,5523,17.08,383.82,6.75,,,,0.156,55.3,28.7,15.8,5.87
BALB/cJ,m,5524,17.33,405.3,7.14,,,,,53.4,29,15.4,
BALB/cJ,m,5525,17.22,377.07,6.66,,,,0.114,49.4,29.7,14.6,2.34
BALB/cJ,m,5555,18.15,381.3,4.72,13.64,,,0.041,48.5,30.3,14.7,2.68
BALB/cJ,m,5556,17.93,402.48,6.03,16.75,,,0.061,49.3,30.2,14.8,2.56
BALB/cJ,m,5557,19.91,408.25,6.93,,,,0.057,49.9,29.7,14.7,6.79
BALB/cJ,m,5561,22.07,411.54,6.36,,27.6,33.92,,46.3,31.8,14.7,3.35
BALB/cJ,m,5562,21.41,413.92,6.73,,34.8,30.66,,47.2,31.9,15,3.16
BALB/cJ,m,5563,20.41,428.43,7.79,,31.83,27.87,,46.9,31.8,14.9,2.65
C3H/HeJ,f,5831,20.36,376.51,,,38.54,54.81,,49.3,31.6,15.6,3.78
C3H/HeJ,f,5832,17.49,352.37,,,30.55,39.5,,49.3,31.1,15.3,2.95
C3H/HeJ,f,5833,,,,,37.88,52.78,,,0,,
C3H/HeJ,f,5834,18.84,382.23,,,24.92,37.69,,49.1,31.3,15.3,2.72
C3H/HeJ,f,5835,17.94,348.09,,,25.86,35.75,,48.8,31.6,15.4,3.73
C3H/HeJ,f,5836,17.92,305.4,,,36.32,67.41,,49.4,30.9,15.2,2.05
C3H/HeJ,f,5837,18.14,340.88,,,48.73,71.95,,49.2,31.1,15.2,1.94
C3H/HeJ,f,5838,17.48,318.7,,,26.03,40.49,,49,31.2,15.2,2.7
C3H/HeJ,f,5839,17.93,341.59,,,34.18,53.91,,49.3,30.8,15.2,1.92
C3H/HeJ,f,5840,19.84,347.02,,,32.39,44.35,,49.2,30.1,15.2,2.76
C3H/HeJ,f,5841,15.82,330.74,5.07,,,,0.056,50,30.9,15.4,1.9
C3H/HeJ,f,5842,17.24,358.6,5.27,,,,,48.9,31,15.1,3.37
C3H/HeJ,f,5843,17.65,381.16,5.06,,,,,49.3,31.1,15.3,3.83
C3H/HeJ,f,5844,16.5,350.24,4.02,,,,,49.6,30.8,15.2,2.64
C3H/HeJ,f,5845,18.82,368.85,,,,,0.07,49.4,30.6,15.1,2.53
C3H/HeJ,f,5846,18.22,359.82,8.13,,,,,50.4,30.2,15.2,3.06
C3H/HeJ,f,5847,17.24,369.34,7.56,5.54,,,,50.5,30.2,15.2,3.64
C3H/HeJ,f,5848,16.63,373.17,8.04,,,,,50.1,30.3,15.1,2.46
C3H/HeJ,f,5849,18.32,367.72,7.49,,,,,45.2,31.3,14.1,2.15
C3H/HeJ,f,5850,17.49,387.83,7.82,,,,,49.9,30.4,15.1,3.06
C3H/HeJ,f,5851,16.16,366.26,8.09,,,,0.032,48.8,30.4,14.8,1.58
C3H/HeJ,f,5852,15.86,325.62,7.56,,,,0.044,49.2,30.3,14.9,2.25
C3H/HeJ,f,5853,17.19,352.65,7.7,,,,0.048,48.9,30.2,14.7,3.88
C3H/HeJ,f,5854,18.37,370.98,7.81,,,,0.046,49.1,30.9,15.2,2.13
C3H/HeJ,f,5855,18.25,353.4,8.11,,,,0.066,49.5,30.8,15.2,3.24
C3H/HeJ,f,5870,16.73,304.34,7.37,9.19,,,0.036,51.1,30.4,15.5,3.13
C3H/HeJ,f,5871,16.8,339.73,8.01,11.43,,,0.026,51.1,30.1,15.4,2.44
C3H/HeJ,f,5872,16.68,333.98,7.55,6.51,,,0.026,50.3,30.3,15.2,2.8
C3H/HeJ,f,5873,15.17,337.23,7.54,12.58,,,0.024,51.4,30.1,15.4,2.63
C3H/HeJ,f,5874,16.59,339.64,7.67,9.71,,,0.034,51.1,30.5,15.5,2.89
C3H/HeJ,f,5875,17.01,334.69,7.75,10.29,,,0.029,51.8,30.1,15.5,2.85
C3H/HeJ,m,5801,16.41,422.74,8.14,10.38,,,,50.9,31,15.7,2.31
C3H/HeJ,m,5802,16.35,399.22,8.09,8.96,,,,50.3,31,15.5,2.75
C3H/HeJ,m,5803,16.17,410.64,8.23,9.86,,,,49.4,31,15.3,2.22
C3H/HeJ,m,5804,10.61,265.07,8.86,9.48,,,,49.3,31.1,15.3,3.07
C3H/HeJ,m,5805,18.22,413.43,8.45,7.48,,,,49.4,31.3,15.4,2.58
C3H/HeJ,m,5806,17.55,395.99,8.15,8.99,,,,49.2,31.1,15.3,2.45
C3H/HeJ,m,5807,17.51,395.91,8.28,6.51,,,,50.1,30.9,15.4,2.45
C3H/HeJ,m,5808,15.08,427.99,9.14,9.95,,,,49,31,15.2,2.85
C3H/HeJ,m,5809,16.02,438.27,9.37,9.24,,,,49.1,30.9,15.2,2.61
C3H/HeJ,m,5810,15.12,392.12,8.33,8.1,,,,50,30.8,15.4,3.26
C3H/HeJ,m,5811,21.42,420.58,,,28.4,43.48,,50.8,30.9,15.7,3.09
C3H/HeJ,m,5812,16.45,400.99,,,30.07,35.36,,50.9,30.6,15.5,2.07
C3H/HeJ,m,5813,15.66,388.11,,,27.62,36.46,,49.9,30.6,15.2,2.59
C3H/HeJ,m,5814,16.62,394.82,,,30.84,38.9,,50,30.5,15.2,2.84
C3H/HeJ,m,5815,18.47,411.53,,,31.89,44,,50.5,30.3,15.2,2.42
C3H/HeJ,m,5816,18.84,416.45,6.02,,33.6,36.18,,49.5,31.1,15.3,
C3H/HeJ,m,5817,17.14,415.91,5.6,,36.75,43.13,,49.6,30.7,15.2,
C3H/HeJ,m,5818,16.59,397.4,5.91,,37.61,34.64,,49.1,31,15.2,
C3H/HeJ,m,5819,18.6,419.11,6.21,,33.41,38.83,,50.1,31.1,15.5,
C3H/HeJ,m,5820,17.83,428.76,,,32.86,32.33,,48.9,31.3,15.2,
C3H/HeJ,m,5860,15.25,401.2,8.52,13.68,,,0.03,52.8,30.5,15.2,2.75
C3H/HeJ,m,5861,12.74,375.9,7.73,7.97,,,0.029,50.9,30.5,15.7,3.03
C3H/HeJ,m,5862,14.62,414.02,8.59,10.85,,,0.037,51.3,30.9,15.8,2.97
C3H/HeJ,m,5863,14.19,397.5,8.25,12.2,,,0.046,52.4,30.5,15.9,2.65
C3H/HeJ,m,5864,14.97,409.3,8.23,11.3,,,0.031,51,30.7,15.6,3.08
C3H/HeJ,m,5865,13.23,368.11,7.9,9.83,,,0.037,51.6,30.6,15.7,3.72
C3H/HeJ,m,5866,16.17,426.9,8.29,13.7,,,0.049,51.8,30.3,15.7,3.14
C3H/HeJ,m,5867,14.67,408.31,8.39,11.04,,,0.033,51.2,30.6,15.6,2.62
C3H/HeJ,m,5868,14.62,398.75,7.79,11.83,,,0.023,51.4,30.8,15.8,2.97
C3H/HeJ,m,5869,14.99,398.64,8.23,10.24,,,0.022,51.8,30.4,15.5,3
C57BL/6J,f,4301,18.04,437.32,8.83,10.96,,,,46.6,28.4,13.2,2.71
C57BL/6J,f,4302,17.89,450.67,9.86,7.73,,,,47.6,28.5,13.5,2.92
C57BL/6J,f,4303,16.91,410.26,8.96,,32.45,39.63,,47,28.6,13.4,2.2
C57BL/6J,f,4304,17.58,450.5,10.2,6.52,,,,46.6,28.2,13.1,2.75
C57BL/6J,f,4305,18.08,451.91,10.95,,37.89,44.37,,47.2,28,13.2,3.11
C57BL/6J,f,4306,14.54,378.7,8.66,6.38,,,,46.8,28.3,13.2,2.5
C57BL/6J,f,4307,18.18,494.74,10.26,,37.96,37.55,,46.9,28.2,13.2,2.48
C57BL/6J,f,4308,17.46,432.61,9.94,,37.49,32.87,,47.1,28.4,13.3,2.22
C57BL/6J,f,4309,16.13,440.9,9.38,8.36,,,,47,28.4,13.3,2.36
C57BL/6J,f,4310,11.35,286.73,6.33,5.23,,,0.037,46.4,29.7,13.7,1.81
C57BL/6J,f,4311,16.28,390.13,8.13,,38.76,,,47.4,29.3,13.9,2.32
C57BL/6J,f,4312,14.91,370.91,8.33,,40.58,45.34,,46.3,29.7,13.7,1.93
C57BL/6J,f,4313,10.32,258.82,5.81,4.87,,,0.029,46.9,29.5,13.8,2.63
C57BL/6J,f,4314,14.53,356.87,8.3,7.11,,,0.039,46.6,29.6,13.7,2.39
C57BL/6J,f,4315,14.78,360.92,7.97,,31.44,38.11,,47.7,29.4,14,3.08
C57BL/6J,f,4316,12.17,327.21,7.49,6.62,,,0.048,46.7,29.7,13.8,2.18
C57BL/6J,f,4317,16.53,405.01,8.94,,36.22,48.01,,47.1,29.4,13.8,2.29
C57BL/6J,f,4318,13.65,344.5,7.9,4.2,,,0.054,46,29.9,13.7,2.04
C57BL/6J,f,4319,16.54,400.63,9.11,,37.51,43.36,,46.8,29.4,13.7,2.51
C57BL/6J,f,4320,17.32,446.37,8.76,,43.71,42.43,,46.9,28.2,13.2,2.89
C57BL/6J,f,4321,17.2,438.79,5.45,9.67,,,0.04,47.6,28.7,13.5,2.73
C57BL/6J,f,4322,18.09,406.39,5.38,9.62,,,0.026,47.8,28.7,13.6,2.43
C57BL/6J,f,4323,16.99,391.76,5.24,8.08,,,0.044,47.5,28.6,13.5,2.48
C57BL/6J,f,4324,18.35,445.48,5.41,10.2,,,0.019,48.6,28.3,13.7,2.22
C57BL/6J,f,4325,16.75,428.2,5.5,10.86,,,0.019,47.3,28.4,13.3,2.32
C57BL/6J,f,4326,13.4,329.19,,,,,,47.8,29.5,14.1,2.01
C57BL/6J,f,4327,13.68,305.03,,,,,0.026,48.1,28.8,13.8,2.32
C57BL/6J,f,4330,20.61,425.19,8.2,,35.49,,,50.6,26.1,13.2,2.48
C57BL/6J,f,4331,21.57,457.62,9.04,,35.83,,,50.4,26,13.1,2.94
C57BL/6J,f,4332,19.7,363.72,7.37,7.16,,,0.049,50.3,26.3,13.2,2.31
C57BL/6J,f,4333,19.29,366.2,7.49,9.63,,,,50.2,27,13.5,3.68
C57BL/6J,f,4334,18.9,356.58,6.82,7.69,,,0.048,49.5,26.6,13.2,2.48
C57BL/6J,f,4335,23.18,446.2,7.64,10.05,,,0.046,48.5,26.5,12.8,2.49
C57BL/6J,f,4336_f1,20.13,358.7,6.39,6.93,,,0.045,49.6,26.5,13.1,2.59
C57BL/6J,f,4337,20.71,390.5,7.07,10.61,,,0.021,49.7,26.7,13.2,2.73
C57BL/6J,m,4328,20.7,459.82,8.87,,,34.14,,50.4,29.5,13.1,2.7
C57BL/6J,m,4329,20.33,458.26,8.58,,,34.33,,51.3,25.5,13.1,1.81
C57BL/6J,m,4336_m1,20.41,495.84,10.49,,,,0.037,51.3,25.2,12.9,2.06
C57BL/6J,m,5416,15.14,372.54,7.7,,37.54,39.16,,46.7,29.3,13.6,2.48
C57BL/6J,m,5417,16.44,401.39,8.53,,32.96,32.62,,46.7,29,13.5,2.63
C57BL/6J,m,5418,17.72,412.26,9.33,,43.11,33.31,,46.7,29.2,13.6,2.83
C57BL/6J,m,5419,20.35,444.17,6.68,,36.42,34.29,,46.8,28.5,13.3,2.22
C57BL/6J,m,5420,19.68,446.7,7.89,,40.3,,,47.5,28.1,13.3,2.68
C57BL/6J,m,5421,17.78,413.15,7.72,,37.8,39.25,,47.7,28.2,13.4,2.95
C57BL/6J,m,5422,19.71,437.53,6.75,,39.38,42.21,,46.9,28.2,13.2,2.44
C57BL/6J,m,5423,15.39,372.55,7.97,,41.19,33.86,,46.5,29.3,13.6,3.05
C57BL/6J,m,5424,17.55,425.15,9.13,,42.01,33.48,,46.5,29.3,13.6,2.85
C57BL/6J,m,5425,18.59,445.88,7.77,,43.45,,,47.4,28.3,13.4,2.36
C57BL/6J,m,6901,15.07,400.4,11.35,13.81,,,,50.7,27.8,14,
C57BL/6J,m,6902,15.37,419.18,9.95,8.04,,,,48,27.8,13.3,2.27
C57BL/6J,m,6903,19.72,537.68,12.81,11.88,,,,48,28.1,13.5,2.38
C57BL/6J,m,6904,14.88,427.36,9.68,10.29,,,,48.7,27.7,13.5,3.11
C57BL/6J,m,6905,14.94,439.41,9.84,9.58,,,,47.8,27.8,13.3,2.21
C57BL/6J,m,6906,15.89,478.01,10.55,7.76,,,,47.9,28,13.4,2.27
C57BL/6J,m,6907,16.95,467.29,10.9,10.14,,,,47.9,27.9,13.3,2.73
C57BL/6J,m,6908,14.95,418.75,9.7,7.06,,,,47.8,28,13.3,2.73
C57BL/6J,m,6909,17.15,490.83,11.57,9.22,,,,47.9,28,13.4,3.92
C57BL/6J,m,6910,14.11,427.39,8.76,11.1,,,,48.7,27.6,13.4,2.5
C57BL/6J,m,6911,17.01,445.09,8.62,11.29,,,0.029,49.1,28.3,13.8,2.23
C57BL/6J,m,6912,15.04,449.79,9.36,10.19,,,0.021,47.8,28.5,13.6,2.19
C57BL/6J,m,6913,15.36,445.83,9.16,11.54,,,,48.5,28.6,13.8,2.13
C57BL/6J,m,6914,12.03,275.6,6.96,,,,0.034,49,28.4,13.9,3.11
C57BL/6J,m,6915,13.13,334.29,6.21,,,,0.029,49.4,28.2,13.9,2.44
C57BL/6J,m,6916,18.73,531.97,11.06,9.48,,,0.033,49.5,28.6,14.1,1.8
C57BL/6J,m,6917,22.6,608.77,13.01,10.67,,,0.04,49,28.2,13.8,2.1
C57BL/6J,m,6918,16.06,437.43,9.16,11.84,,,0.037,50,28.4,14.1,2.7
C57BL/6J,m,6919,16.69,372.58,,11.45,,,0.035,47.4,28.9,13.6,3.38
C57BL/6J,m,6920,,386.15,,16.02,,,0.065,50.1,28.6,14.1,
C57BLKS/J,f,6131,17.48,462.94,8.75,7.65,,,,49.8,27.1,13.5,0.92
C57BLKS/J,f,6132,18.06,450.77,8.87,9.87,,,,50,27.1,13.5,1.27
C57BLKS/J,f,6133,18.63,463.97,9.7,8.8,,,,49.1,27.2,13.3,1.18
C57BLKS/J,f,6134,19.67,466.09,9.66,10.22,,,,49.3,27.6,13.6,2.4
C57BLKS/J,f,6135,21.62,461.78,8.8,6.43,,,,49.3,27,13.3,0.75
C57BLKS/J,f,6136,19.59,467.77,9.44,9.65,,,,48.8,27.5,13.4,1.37
C57BLKS/J,f,6137,20.86,478.87,9.67,7.24,,,,48.7,27.3,13.3,1.9
C57BLKS/J,f,6138,21.8,448.31,8.97,9.12,,,,49.3,27.1,13.4,2.65
C57BLKS/J,f,6139,20.06,464.31,9.77,8.63,,,,49.3,27.2,13.4,2.94
C57BLKS/J,f,6140,19.66,454.1,9.4,10.22,,,,48.7,27.6,13.4,1.35
C57BLKS/J,f,6141,20.74,437.13,7.63,,31.71,32.65,,48.9,26.8,13.1,2.33
C57BLKS/J,f,6142,21.8,441.21,8.43,,29.17,27.23,,48.8,27.4,13.4,2.37
C57BLKS/J,f,6143,21.82,470.15,9.26,,30.96,25.8,,48,27.3,13.1,1.96
C57BLKS/J,f,6144,22,453.86,8.99,,29.34,28.1,,49.4,27.2,13.4,2.96
C57BLKS/J,f,6146,20.44,525.48,9.69,,,,0.061,48.3,27.3,13.2,1.51
C57BLKS/J,f,6147,20.08,498.35,11.54,,,,0.082,49.2,27.4,13.5,3.36
C57BLKS/J,f,6148,19.97,486.58,10.06,,,,0.062,48.5,27.1,13.1,1.78
C57BLKS/J,f,6149,18.75,418.63,8.76,,,,0.072,47.7,27.7,13.2,2.34
C57BLKS/J,f,6150,20.47,468.3,9.85,,,,0.106,47.8,27.7,13.2,3.36
C57BLKS/J,f,6151,21.37,494.51,10.34,,,,0.051,47.3,28.1,13.3,2.33
C57BLKS/J,f,6152,19.31,454.11,9.65,,,,0.062,48.1,27.8,13.4,1.62
C57BLKS/J,f,6153,19.51,449.53,9.72,,,,0.077,48.2,28,13.5,2.42
C57BLKS/J,f,6154,21.21,465.23,10.29,,,,0.076,47,27.8,13,1.78
C57BLKS/J,f,6156,19.46,411.02,8.65,,32.39,26.4,,46.8,28.2,13.2,2.64
C57BLKS/J,f,6157,19.52,424.9,9.23,,33.82,29.27,,47.4,27.9,13.2,3.25
C57BLKS/J,f,6158,19.56,421.95,9.44,,33.16,22.17,,44.6,28.4,12.6,2.6
C57BLKS/J,f,6159,20.07,418.61,9.5,,34.98,30.06,,47.3,28,13.2,3.27
C57BLKS/J,f,6160,17.95,406.44,5.24,10.28,,,,49.3,28.3,13.9,2.82
C57BLKS/J,f,6161,18.36,417.2,5.82,7.55,,,,49.7,28.5,14.2,2.33
C57BLKS/J,f,6162,18.45,415.26,6.41,9.08,,,0.053,49,28.7,14,2.87
C57BLKS/J,f,6171,21.16,416.02,6.55,,19.15,,,46.8,26.4,12.4,1.83
C57BLKS/J,f,6172,24.56,467.85,6.86,,22.79,30.13,,47.2,26.7,12.6,2.08
C57BLKS/J,m,6101,18.68,372.83,,5.26,,,,47.5,27.7,13.1,2.46
C57BLKS/J,m,6102,21.47,393.41,,5.84,,,,48.1,27.2,13.1,1.84
C57BLKS/J,m,6103,21.6,391.41,,5.15,,,,47.2,27.6,13,1.99
C57BLKS/J,m,6104,21.5,408.71,,5.97,,,,48.3,27.2,13.1,2.44
C57BLKS/J,m,6105,21.02,400.74,,5.65,,,,47.5,27.4,13,1.62
C57BLKS/J,m,6106,18.94,501.55,9.05,2.82,,,,48.7,26.5,12.9,1.79
C57BLKS/J,m,6107,19.34,455.86,8.59,3.27,,,,48.5,26.1,12.6,2.93
C57BLKS/J,m,6108,19.45,486.53,9.2,4.3,,,,48.6,26.4,12.8,2.42
C57BLKS/J,m,6109,19.66,487.84,9.4,3.32,,,,47.8,26.4,12.6,2.67
C57BLKS/J,m,6110,20.13,482.39,9.43,3.05,,,,48.6,26.1,12.7,3.51
C57BLKS/J,m,6111,18.26,438.39,8.41,,10.92,35.28,,48.9,26.3,12.8,2.3
C57BLKS/J,m,6112,18.99,433.46,7.59,,17.23,47.74,,49.2,26.3,12.9,1.83
C57BLKS/J,m,6113,19.74,443.01,8.76,,11.38,43.53,,49.1,26.4,12.9,2.4
C57BLKS/J,m,6114,20.59,459.43,8.86,,12.78,35.96,,48.6,26.1,12.6,2.65
C57BLKS/J,m,6115,21.52,479.02,10.13,,11.73,45.23,,50.1,26,13,2.94
C57BLKS/J,m,6116,17.15,432.11,9.49,,,,0.062,49.5,26.5,13.1,2.29
C57BLKS/J,m,6117,18.33,446.2,9.76,,,,0.06,48.8,26.4,12.9,2.04
C57BLKS/J,m,6118,19.66,433.98,9.22,,,,0.058,49,26.2,12.8,2.35
C57BLKS/J,m,6119,18.1,429.89,9.57,,,,0.06,47.8,26.5,12.6,2.27
C57BLKS/J,m,6120,19.6,448.87,9.7,,,,0.087,49,26.4,12.9,2.58
C57BLKS/J,m,6121,21.42,465.07,9.56,,,,0.05,49.6,25.9,12.8,1.89
C57BLKS/J,m,6122,19.87,475.09,10.47,,,,0.058,48.8,26.2,12.8,2.54
C57BLKS/J,m,6123,19.88,442.38,9.54,,,,0.068,49.8,25.6,12.7,3.36
C57BLKS/J,m,6124,18.99,435.86,9.45,,,,0.062,49.4,25.9,12.8,1.84
C57BLKS/J,m,6125,18.93,430.67,9.34,,,,0.066,48.4,26.1,12.6,2.56
C57BLKS/J,m,6126,20.59,507.8,11.14,,12.67,19.89,,48.4,26.3,12.7,2.51
C57BLKS/J,m,6127,19.3,454.23,10.03,,12.45,19.85,,48.3,26.4,12.7,1.95
C57BLKS/J,m,6128,20.14,460.17,10.43,,13.4,22.25,,49.3,26.4,13,2.51
C57BLKS/J,m,6129,19.44,464.01,10.33,,13.24,21.05,,49.6,26.1,12.9,2.76
C57BLKS/J,m,6130,21.39,460.03,10.12,,11.21,18.07,,48.6,26.5,12.8,2.62
C57BLKS/J,m,6163,17.44,397.08,8.11,5.36,,,0.042,49.6,27.3,12.1,2.12
C57BLKS/J,m,6164,18.57,443.78,9.4,5.03,,,0.049,48.4,27.6,13.3,2.4
C57BLKS/J,m,6165,16.43,437.1,8.73,6.63,,,,49,27.4,13.4,2.39
C57BLKS/J,m,6166,15.98,426.42,8.59,3.97,,,,49,27,13.2,2.7
C57BLKS/J,m,6167,16.63,418.47,5.83,,,28.71,,46.3,26.9,13.7,2.48
C57BLKS/J,m,6168,17.25,473.97,6.05,,,28.29,,46.7,29.4,13.7,1.99
C57BLKS/J,m,6169,16.14,424.02,6.42,,,29.11,,46.2,29.5,13.6,2.38
C57BLKS/J,m,6170,33.74,426.16,5.67,,,32.37,,46,29.4,13.5,2.05
C57BLKS/J,m,6174,17.37,414.34,9.25,,,31.54,,49.2,26.3,12.9,2.11
CBA/J,f,6031,19.59,391.19,7.08,,,,,50,27.7,13.8,1.31
CBA/J,f,6032,18.99,388.8,6,,,,,50.5,27.6,13.9,2.19
CBA/J,f,6033,22.43,390.11,5.54,,,,,50,28,13.9,2.38
CBA/J,f,6034,20.73,406.3,7.69,,,,,49.6,27.8,13.8,2.09
CBA/J,f,6035,20.34,389.88,7.44,,,,,50.1,28,14,2
CBA/J,f,6036,18.47,378.51,8.04,14.93,,,,50.3,27.9,14,2.64
CBA/J,f,6037,19.54,412.3,7.33,14.61,,,,49.4,28,13.8,1.83
CBA/J,f,6038,19.24,395.58,7.47,12.05,,,,49.2,28.1,13.8,2.3
CBA/J,f,6041,20.99,428.26,8.7,,,,0.048,49.3,27.9,13.7,2.09
CBA/J,f,6042,20.44,430.67,7.77,,,,0.029,50.2,27.7,13.9,1.22
CBA/J,f,6043,,,,,,,0.078,,0,,
CBA/J,f,6044,20.33,438.17,7.69,,,,0.046,49.7,27.7,13.7,1.48
CBA/J,f,6045,20.98,391.22,7.12,,,,0.065,49.5,27.7,13.7,1.58
CBA/J,f,6046,18.08,390.48,7.04,,27.46,45.88,,48.5,28.3,13.7,1.73
CBA/J,f,6047,17.78,407.48,7.77,,30.46,53.55,,49.3,28.1,13.8,1.69
CBA/J,f,6048,18.62,406.84,7.37,,30.6,52.75,,49.6,28.1,13.9,2.3
CBA/J,f,6049,17.89,390.01,6.42,,33.84,55.89,,49.2,28.2,13.9,1.92
CBA/J,f,6050,19.39,418.95,6.13,,30.08,46.15,,49,28.3,13.9,2.34
CBA/J,f,6051,18.57,402.23,7.24,,26.65,54.25,,49.3,27.9,13.7,1.88
CBA/J,f,6052,19.12,432.91,7.56,,30.75,60.39,,49.9,27.6,13.8,1.19
CBA/J,f,6053,20.63,434.68,7.25,,30.37,70,,49,28,13.7,2.47
CBA/J,f,6054,20.54,433.71,7.91,,32.23,61.7,,49.6,28,13.8,2.92
CBA/J,f,6055,21.06,445.57,8.41,,25.98,54.29,,48,27.8,13.3,1.02
CBA/J,f,6056,15.64,436.36,7.52,,,,0.045,50.1,27.5,13.8,1.84
CBA/J,f,6057,15.61,474.9,8.6,,,,0.05,50.4,27.6,13.9,0.77
CBA/J,f,6058,15.86,453.49,8.54,,,,0.045,49.5,27.8,13.7,1.22
CBA/J,f,6059,15.4,444.1,8.22,,,,0.056,49.6,27.7,13.7,1.02
CBA/J,f,6060,17.95,467.57,8.66,,,,0.072,50.1,27.5,13.7,2.89
CBA/J,f,6064,18.45,447.62,7.78,10.2,,,0.03,51,29.2,14.9,1.95
CBA/J,f,6065,18.3,455.27,8.42,12.15,,,,51.1,29.2,14.9,2.86
CBA/J,f,6066,,,,,,,0.037,,0,,
CBA/J,f,6067,16.15,409.63,8.55,,,48.04,,47.4,30.7,14.5,2.43
CBA/J,f,6068,16.32,420.92,8.34,,,53.03,,47.1,31,14.6,1.72
CBA/J,f,6069,,394.68,7.48,,,57.73,,47.6,31,14.7,1.27
CBA/J,m,6001,15.42,364.32,5.35,4.98,,,,49.8,28.6,14.2,1.88
CBA/J,m,6002,16.88,379.24,5.63,8.32,,,,49.3,28.5,14.1,1.87
CBA/J,m,6003,16.63,372.93,5.27,,,,,49.4,28.8,14.2,2.03
CBA/J,m,6004,14.65,348.19,5.16,7.7,,,,49.2,28.9,14.2,1.84
CBA/J,m,6005,16.71,379.94,5.35,6.14,,,,49,28.7,13.7,2.01
CBA/J,m,6006,16.07,374.65,5.37,4.57,,,,49.2,28.8,14.1,2.38
CBA/J,m,6007,16.72,383.97,5.61,4.92,,,,49.8,28.8,14.3,1.46
CBA/J,m,6008,16.92,370.4,4.51,5.95,,,,49.6,28.7,14.2,2.63
CBA/J,m,6009,17.67,380.2,5.2,3.95,,,,48.9,28.9,14.1,2.24
CBA/J,m,6010,16.48,397.25,4.86,4.1,,,,49.5,28.9,14.3,2.08
CBA/J,m,6011,15.21,342.41,7.31,,,41.98,,48.8,29.2,14.2,2.22
CBA/J,m,6012,19.34,444.9,8.29,,17.61,43.15,,48.8,29.2,14.2,2.31
CBA/J,m,6013,18.02,413.53,7.3,,16.44,59.28,,48.5,29.1,14.1,2.65
CBA/J,m,6014,18.62,415.61,7.75,,14.35,56.03,,48.5,29.2,14.1,2.14
CBA/J,m,6015,19.7,502.55,8.79,,11.46,42.64,,48.1,29.2,14,2.17
CBA/J,m,6016,16.24,407.49,7.86,,14.89,44.97,,48.1,29.6,14.2,1.93
CBA/J,m,6017,15.5,380.7,7.01,,20.65,57.3,,48.5,29.1,14.1,2.5
CBA/J,m,6018,16.12,387.56,7.34,,12.28,48.81,,47.9,29.5,14.1,2.23
CBA/J,m,6019,17.14,436.89,7.9,,11.29,49.65,,48,29.2,14,2.11
CBA/J,m,6020,15.58,412.71,7.76,,11.52,,,49.3,29,14.3,1.19
CBA/J,m,6021,19.37,456.12,8.45,,,,0.076,48.8,28.9,14,1.58
CBA/J,m,6022,19.45,436.32,8.07,,,,0.08,49.2,28.8,14.1,2.28
CBA/J,m,6023,20.29,453.43,8.5,,,,0.103,49.1,28.8,14.1,2.28
CBA/J,m,6024,18.87,413.4,7.84,,,,0.099,48.9,28.8,14.1,2.6
CBA/J,m,6025,17,428.77,8.05,,,,0.081,49.5,28.3,14,1.68
CBA/J,m,6026,18.97,452.97,8.12,,,,0.095,49.6,28.1,14.1,1.53
CBA/J,m,6027,18.87,460.22,8.2,,,,0.079,49.7,28.1,14,2.02
CBA/J,m,6028,18.76,454.24,8.18,,,,0.094,49.4,28.1,14.4,1.68
CBA/J,m,6029,17.86,435.44,7.79,,,,0.084,49.7,28.1,14,1.74
CBA/J,m,6061,18.23,413.46,7.57,10.85,,,,50.7,29.3,14.8,2.38
CBA/J,m,6062,16.94,422.87,7.48,9.95,,,,50.5,29.1,14.7,1.73
CBA/J,m,6063,20.91,486.53,8.19,10.26,,,,50.9,29.3,14.9,2.14
CBA/J,m,6070,20.5,488.22,9.01,,21.73,38.8,,42.7,29.7,12.6,4.57
CBA/J,m,6071,12.51,306.94,5.34,,,37.9,,43.2,30.4,13.1,4.98
DBA/2J,f,5931,16.36,390.08,8.43,3.1,,,,42.9,29,12.4,2.28
DBA/2J,f,5932,16.32,386.38,7.93,4.18,,,,43,28.9,12.4,1.87
DBA/2J,f,5933,17.89,416.55,8.73,4.56,,,,42.5,29,12.3,2.45
DBA/2J,f,5934,16.54,378.34,8.44,4.32,,,,43.2,28.2,,
DBA/2J,f,5935,16.8,380.63,8.18,5.09,,,,43.4,28.3,,
DBA/2J,f,5936,16.9,336.89,8.48,4.82,,,,44.1,28.4,,
DBA/2J,f,5937,18.76,400.82,8.36,4.28,,,,43.8,28.4,12.5,1.43
DBA/2J,f,5938,19.3,428.57,9.75,4.42,,,,42.4,28.7,12.1,1.78
DBA/2J,f,5939,17.87,391.76,8.76,5.61,,,,42.7,28.4,12.1,2.09
DBA/2J,f,5940,17.63,387.54,8.47,3.15,,,,43.6,28.4,12.3,1.87
DBA/2J,f,5941,16.73,417.83,8.16,,,,0.038,41.7,28.4,11.8,1
DBA/2J,f,5942,16.81,400.6,7.61,,,,0.054,42.8,28.3,12.1,1.11
DBA/2J,f,5943,17.81,417.34,7.74,,,,0.04,42.8,28.5,12.2,2.08
DBA/2J,f,5944,17.12,415.33,7.88,,,,0.052,42.6,28.6,12.2,1.05
DBA/2J,f,5947,15.88,401.97,5.13,7.63,,,0.02,43.4,29.3,12.7,1.24
DBA/2J,f,5948,16.8,373.6,5.01,7.26,,,0.025,44.1,29.3,12.9,1.26
DBA/2J,f,5949,16.58,380.3,5.1,6.56,,,0.018,44.2,29,12.8,1.03
DBA/2J,f,5950,16.29,364.66,5.14,6.23,,,0.025,43.9,29,12.7,1.03
DBA/2J,f,5951,16.93,418.1,4.99,6.66,,,0.029,44.8,29,13,1.7
DBA/2J,f,5952,15.73,378.7,5.51,6.93,,,0.026,44.5,29,12.8,1.88
DBA/2J,f,5959,16.29,409.43,8.17,,21.58,45.73,,43.4,29.8,12.4,
DBA/2J,f,5960,15.53,383.05,7.48,,27.36,36.93,,42.8,28.9,12.3,2.56
DBA/2J,f,5961,18,415.58,8.43,,23.58,41.69,,42.6,28.8,12.2,2.19
DBA/2J,f,5962,19.44,374.9,4.63,,24.86,37.24,,42.4,29.1,12.3,1.98
DBA/2J,f,5963,21,403.6,5.98,,29.27,27.04,,42.2,29.2,12.3,2.92
DBA/2J,f,5964,19.18,372.46,4.79,,21.74,36.05,,42.6,29,12.3,2.84
DBA/2J,f,5965,19.82,370.12,4.47,,26.5,42.25,,42.5,29.1,12.3,2.32
DBA/2J,f,5966,18.2,363.26,5.47,,26.62,39.51,,42.2,29.2,12.3,
DBA/2J,f,5967,20.57,470.85,10.13,,29.34,37.03,,43.8,26.9,11.7,
DBA/2J,f,5968,17.79,456.59,9.56,,30.94,46.15,,44.4,26.7,11.8,1.59
DBA/2J,m,5901,,,,,,,0.093,,0,,
DBA/2J,m,5902,,,,,,,0.078,,0,,
DBA/2J,m,5903,,,,,,,0.078,,0,,
DBA/2J,m,5904,15.96,398.79,5.18,4.57,,,,43,28.6,12.2,2.53
DBA/2J,m,5905,19.21,435.91,5.73,5.54,,,,43.2,28.5,12.3,2.82
DBA/2J,m,5906,16.84,379.94,5.84,4.55,,,,43.3,28.5,12.3,2.84
DBA/2J,m,5907,14.4,325.6,3.95,3.78,,,,43.4,28.5,12.3,2.67
DBA/2J,m,5908,15.68,423.21,7.9,,33.36,48,,43,29,12.4,2.27
DBA/2J,m,5909,17.26,437.41,7.48,,31.76,48.89,,42.4,29,12.3,2.13
DBA/2J,m,5910,16.62,413.17,6.49,,36.52,48.81,,43.3,29,12.5,2.56
DBA/2J,m,5911,17.19,436.31,7.99,,36.09,44.24,,42.6,29.2,12.4,2.15
DBA/2J,m,5912,17.66,441,6.15,,31.15,42.35,,43.4,29.1,12.6,2.22
DBA/2J,m,5913,15.07,440.28,7.81,5.12,,,0.099,42.7,28.5,12.1,1.88
DBA/2J,m,5914,16.08,453.6,8.38,4.86,,,0.096,42.9,28.4,12.1,1.58
DBA/2J,m,5915,15.89,452.64,8.46,4.68,,,0.093,43,28.4,12.2,2.08
DBA/2J,m,5916,16.37,428.72,8.5,3.58,,,0.1,43.4,28.3,12.3,2.03
DBA/2J,m,5917,17.05,444.72,5.58,3.31,,,0.104,43.5,28.4,12.3,1.45
DBA/2J,m,5918,17.43,391.48,,,29.74,38.95,,42.8,29.4,12.5,1.94
DBA/2J,m,5919,16.62,387.37,,,37.97,49.13,,42.6,29.3,12.5,2.11
DBA/2J,m,5920,17.3,400.2,,,43.1,64.12,,43.2,28.9,12.5,2.21
DBA/2J,m,5921,18.49,414.99,,,34.59,55.99,,43.3,29.2,12.6,2.57
DBA/2J,m,5945,13.84,387.99,7.44,4.9,,,,44.9,28.9,12.9,1.45
DBA/2J,m,5946,13.31,394.4,7.61,8.72,,,,45.3,29.4,13.2,1.43
DBA/2J,m,5953,,,,,,,,45.1,29.8,13,2.12
DBA/2J,m,5954,,,,,,,,44.9,28.9,12.9,1.95
DBA/2J,m,5955,,,,,,,,44.2,29.3,12.9,1.77
DBA/2J,m,5956,,,,,,,,44,29.3,12.8,1.75
DBA/2J,m,5957,13.04,373.1,8.04,,27.6,61.59,,40.2,32.2,12.8,2.8
DBA/2J,m,5958,13.43,360.11,7.56,,31.72,62.38,,38.1,33.9,12.8,3.32
NZW/LacJ,f,6232_f1,28.06,331.72,,16.92,,,,47.8,30.1,14.3,3.16
NZW/LacJ,f,6233,30.15,351.93,,19.48,,,,48.8,30.1,14.6,4.2
NZW/LacJ,f,6234,27.56,343.65,,19.25,,,,48.5,30.2,14.6,3.83
NZW/LacJ,f,6235,27.51,338.07,,15.44,,,,49,30.2,14.7,3.93
NZW/LacJ,f,6236,36.45,395.71,8.62,15.02,,,,49.3,30.4,14.9,5.47
NZW/LacJ,f,6237,36.22,386.87,8.4,15.3,,,,48.8,30.7,14.9,5.84
NZW/LacJ,f,6238,37.79,405.88,8.63,11.75,,,,48.4,30.8,14.8,5.71
NZW/LacJ,f,6239,34.09,365.89,7.94,10.69,,,,48.5,30.8,14.8,5.29
NZW/LacJ,f,6241,34.21,368.34,7.48,,35.29,,,48.3,31.1,14.9,4.99
NZW/LacJ,f,6242,37.76,399.02,8.35,,23.55,,,48.1,31.2,14.9,5.26
NZW/LacJ,f,6243,34.61,392.14,8.37,,20.13,,,48.3,30.9,14.8,3.78
NZW/LacJ,f,6244,35.73,362.01,8.12,,26.54,,,48.6,31.2,15,7.02
NZW/LacJ,f,6245,34.26,400.6,8.7,,24.28,,,48.7,31,15,6.12
NZW/LacJ,f,6246,32.4,380.61,7.88,,28.36,44.71,,49,30.9,15,5.26
NZW/LacJ,f,6247,35.44,380.99,8.06,,29.15,36.47,,48.2,30.9,14.8,6.36
NZW/LacJ,f,6248,35.81,385.62,8.32,,26.82,36.23,,48.4,30.9,14.8,6.47
NZW/LacJ,f,6249,34.31,395.9,8.37,,30.9,36.67,,48.4,30.8,14.8,6.57
NZW/LacJ,f,6250,35.11,397.83,8.62,,28.24,34.38,,48.4,30.8,14.8,5.93
NZW/LacJ,f,6251,38.83,369.88,8.07,,,,0.03,47.2,31.5,14.7,5.1
NZW/LacJ,f,6252,34.28,394.9,8.32,,,,0.023,48.1,30.9,14.7,3.43
NZW/LacJ,f,6253,,378.83,8.29,,,,0.034,48.2,31.1,14.8,4.49
NZW/LacJ,f,6254,32.7,376.73,8.12,,,,0.039,48.8,30.8,15,4.26
NZW/LacJ,f,6256,33.57,388.68,8.53,,,,0.025,48.3,30.7,14.7,4.63
NZW/LacJ,f,6257,35.13,380.19,8.26,,,,0.042,48,30.7,14.6,5.16
NZW/LacJ,f,6259,35.75,401.12,8.7,,,,0.058,48.1,30.6,14.6,6.46
NZW/LacJ,f,6260,33.63,371.33,8.16,,,,,48.4,30.9,14.8,6.05
NZW/LacJ,f,6261,25.23,295.54,6.26,8.48,,,,47.1,33.3,15.5,6.18
NZW/LacJ,f,6262,25.55,299.25,5.97,,,,,45.8,33.8,15.3,6.22
NZW/LacJ,f,6263,25.45,297.78,6.18,,,,,46.3,33.5,15.3,5.66
NZW/LacJ,f,6264,23.24,301.11,6.02,8.35,,,,45.9,33.5,15.2,6.86
NZW/LacJ,f,6265,26.01,287.86,6.21,9.68,,,,46.4,33.3,15.3,8.57
NZW/LacJ,f,6266,24.71,286.72,5.81,,,,,46.7,33,15.2,6.96
NZW/LacJ,m,6206,38.79,401.15,,20.34,,,,50.7,27.2,13.6,4.7
NZW/LacJ,m,6207,38.67,389.16,,17.76,,,,49.4,27.4,13.4,5.49
NZW/LacJ,m,6208,32.07,435.33,,21.86,,,,54.6,26.4,14.3,5.33
NZW/LacJ,m,6209,32.3,373.85,,10.4,,,,48.8,28.2,13.7,2.06
NZW/LacJ,m,6211,42.88,414.91,,,26.23,32.1,,48.9,29.2,14.1,5.31
NZW/LacJ,m,6212,32.49,377.3,,,30.13,32.57,,48.1,29,13.9,3.35
NZW/LacJ,m,6213,34.79,380.41,,,30.96,30.19,,48.7,28.8,13.9,3.84
NZW/LacJ,m,6214,36.88,400.83,,,28.35,29.66,,48.4,28.9,13.9,4.36
NZW/LacJ,m,6215,37.66,387.71,,,28.4,23.41,,47.2,29.2,13.7,5.32
NZW/LacJ,m,6216,38.27,429.44,8.24,,32.11,31.41,,49,28.9,14.1,5.44
NZW/LacJ,m,6217,40.89,409.28,7.78,,32.68,26.04,,47.7,29.3,13.9,3.77
NZW/LacJ,m,6218,40.96,382.67,8.95,,28.98,28.63,,47.9,29.4,13.9,5.94
NZW/LacJ,m,6219,45.23,409.09,9.48,,30.91,31.1,,46.9,29.4,13.6,5.11
NZW/LacJ,m,6220,44.22,413.55,9.22,,30.53,30.41,,48.3,29.3,14,4.6
NZW/LacJ,m,6221,38.28,423.71,8.45,,,,0.068,49.2,28.9,14.1,2.66
NZW/LacJ,m,6222,44.74,448.7,7.9,,,,0.083,48.5,29.1,14,3.99
NZW/LacJ,m,6223,42.01,435.92,8.31,,,,0.097,49,29.2,14.2,3.98
NZW/LacJ,m,6224,43.01,433.58,8.65,,,,0.083,49.5,28.9,14.2,2.22
NZW/LacJ,m,6225,40.74,423.23,7.92,,,,0.087,47.8,28.9,13.7,3.27
NZW/LacJ,m,6226,36.59,395.74,8.82,,,,0.088,,0,,
NZW/LacJ,m,6227,38.93,419.42,9.57,,,,0.081,,0,,
NZW/LacJ,m,6228,44.02,462.83,10.4,,,,0.12,,0,,
NZW/LacJ,m,6229,43.85,434.44,10.14,,,,0.099,,0,,
NZW/LacJ,m,6230,43.76,436.67,9.8,,,,0.108,,0,,
NZW/LacJ,m,6231,,,,10.76,,,,48.2,31,14.8,3.07
NZW/LacJ,m,6232_m1,,,,10.14,,,,48.4,31,14.9,3.04
NZW/LacJ,m,6267,31.46,451.08,7.12,12.02,,,,40.4,27.3,11,2
NZW/LacJ,m,6268,34.92,433.05,7.78,15.65,,,,42.5,28.6,12.1,1.94
NZW/LacJ,m,6269,40.29,464.82,10.31,29.51,,,,43.5,26.5,11.5,8.1
NZW/LacJ,m,6270,36.11,447.26,9.19,28.32,,,,42.4,27.6,11.6,3.4
SM/J,f,6331,21.71,367.86,6.07,14.8,,,,52.6,28.3,14.8,3.24
SM/J,f,6332,24.13,351.23,5.35,15.91,,,,51.2,28.9,14.7,2.03
SM/J,f,6333,26.95,377.77,6.71,17.86,,,,52.2,28.5,14.7,4.8
SM/J,f,6334,26.99,368.88,6.05,17.2,,,,51.9,28.4,14.6,4.01
SM/J,f,6335,23.14,374.3,6.11,20.2,,,,51.5,28.4,14.5,2.29
SM/J,f,6336,23.89,349.51,7.11,11.57,,,,50,29.3,14.5,3.22
SM/J,f,6337,24.2,358.71,7.06,11.47,,,,50.9,29.2,14.7,4.36
SM/J,f,6338,22.79,363.22,6.72,9.5,,,,50,29.4,14.6,2.48
SM/J,f,6339,23.94,361.51,6.92,10.68,,,,50.9,29.5,14.9,2.24
SM/J,f,6341,20.91,371.25,6.2,,20.84,34.14,,52.2,28.6,14.8,3.72
SM/J,f,6342,22.73,374.8,6.37,,21.3,37.04,,51.2,29.1,14.8,3.85
SM/J,f,6343,22.84,366.08,6.66,,25.58,41.54,,51.5,29,14.8,3.44
SM/J,f,6344,25.19,389.1,8,,23.2,45.01,,51.6,28.8,14.7,5.87
SM/J,f,6345,24.79,387.78,7.22,,28.04,38.74,,51.2,29.1,14.7,3.23
SM/J,f,6346,,390.67,7.41,,,,0.023,52.3,28.9,15,3.13
SM/J,f,6347,,393.71,7.39,,,,0.021,52.6,29,15.1,3.48
SM/J,f,6348,,382.99,7.39,,,,0.03,52,29.3,15.1,3.26
SM/J,f,6349,,386.29,7.19,,,,0.027,52,29.3,15.1,2
SM/J,f,6351,18.61,373.15,4.89,,,,0.028,45,30.3,13.6,2.2
SM/J,f,6352,18.28,373.75,5.25,,,,,46.6,30.6,14.3,2.25
SM/J,f,6353,17.52,366.38,5.06,,,,0.026,46.2,30.5,14,2.29
SM/J,f,6354,18.43,370.27,5.55,,,,0.034,45.2,30.4,13.7,2.46
SM/J,f,6366,,,,,,,,52.4,29.7,15.4,2.08
SM/J,f,6367_f1,,,,,,,,51.3,29.9,15.2,2.67
SM/J,f,6367_f2,35.29,509.46,10.84,,23.23,,,51.7,26.1,13.4,2.45
SM/J,f,6368_f1,,,,,,,0.027,51.3,29.4,15,2.6
SM/J,f,6368_f2,30.95,461.2,9.97,,,41.78,,52.7,26.1,13.6,2.74
SM/J,f,6369_f1,,,,,,,0.032,51.7,29.8,15.3,2.46
SM/J,f,6369_f2,31.01,487.85,11.07,,20.04,34.29,,51.3,26.2,13.8,2.8
SM/J,f,6370_f1,,,,,,,0.032,51.1,30.3,15.3,2.35
SM/J,f,6370_f2,25.59,394.5,8.33,,21.97,47.03,,53.2,26.2,13.8,2.47
SM/J,f,6371,29.05,463.35,10.21,,18.52,38.83,,52.3,26.3,13.7,2.62
SM/J,f,6372,35.18,507.85,11.19,,23.68,37.32,,52.2,26.5,13.7,3.5
SM/J,m,6301,28.96,455.53,10.55,18.05,,,,52.1,27.7,14.3,2.89
SM/J,m,6302,33.62,424.95,7.97,15.83,,,,51.8,28.4,14.5,2.7
SM/J,m,6303,31.53,430.47,9.31,18.8,,,,52.1,28.3,14.6,2.37
SM/J,m,6304,33.57,430.51,10.28,16.83,,,,51.9,28.5,14.7,2.64
SM/J,m,6305,30.73,435.76,7.35,16.3,,,,52.1,28.5,14.7,3.56
SM/J,m,6306,36.12,426.02,7.71,15.77,,,,53.2,27.9,14.6,4.09
SM/J,m,6307,30.89,451.49,8.22,17.4,,,,52.8,27.7,14.4,3.44
SM/J,m,6308,32.62,451.97,8.07,19.33,,,,53.1,27.4,14.4,5.12
SM/J,m,6309,34.81,476.43,8.81,17.19,,,,53.3,27.4,14.4,4.61
SM/J,m,6310,33.63,439.43,8.26,15.35,,,,52.7,27.6,14.3,4.15
SM/J,m,6311,30.18,377.11,7.26,,28.13,35.12,,52.8,27.9,14.5,4.04
SM/J,m,6312,34.75,430.56,7.83,,31.77,46.59,,53.3,27.9,14.6,4.32
SM/J,m,6313,30.52,420.16,7.76,,30.11,42.32,,52.9,27.8,14.6,4.01
SM/J,m,6314,30.77,415.84,7.63,,33.4,44.85,,53.2,27.7,14.5,4.21
SM/J,m,6315,35.01,461.17,10.06,,35.02,38.94,,53.3,27.5,14.5,3.78
SM/J,m,6316,36.9,387.3,,,28.07,42.66,,53.6,26.5,14.1,4.38
SM/J,m,6317,35.59,381.18,,,29.31,39.2,,53.3,26.6,14.1,6
SM/J,m,6318,40.53,375.9,,,30.26,37.63,,53.8,26.1,14,4.4
SM/J,m,6319,35.18,378.34,,,33.93,44.23,,52.4,25.6,13.3,5.45
SM/J,m,6320,40.36,402.89,,,29.06,42.29,,52.6,26.2,13.7,4.44
SM/J,m,6321,35.55,456.2,9.56,,,,0.032,,0,,
SM/J,m,6322,37.46,438.7,8.71,,,,0.037,,0,,
SM/J,m,6323,36.36,438.61,9.52,,,,0.039,,0,,
SM/J,m,6324,35.33,424.71,9.8,,,,,,0,,
SM/J,m,6325,30.27,437.76,10.14,,,,,,0,,
SM/J,m,6326,33.37,441.06,10.35,,,,0.031,,0,,
SM/J,m,6360,22.39,390.75,9.35,9.06,,,0.046,53.5,26.9,14.3,2.14
SM/J,m,6361,23.65,373.76,9.07,9.75,,,0.053,53.1,27.3,14.4,1.7
SM/J,m,6362,23.65,393.04,9.38,10.76,,,0.046,54.3,27.1,14.6,2.7
SM/J,m,6363,24.38,373.76,9.49,10.19,,,0.049,53,27.3,14.3,3.07
SM/J,m,6364,23.22,396.91,9,10.57,,,0.053,53.8,27.2,14.5,2.73
SM/J,m,6365,27.74,419.37,9.94,8.64,,,0.05,53.1,27.4,14.4,2.34
