strain,sex,animal_id,WBC,RBC,pct_NEUT,pct_LYM,pct_MONO,pct_EOS,pct_LUC,pct_BASO,reticulocytes,mHGB,cHGB,HCT,MCV,MCH,MCHC,CHCM,RDW,HDW,PLT,MPV,CHOL,HDL,GLU,TG,AST,TFA,TBIL,HR,QRS,PR,PQ,QT,QTc,QT_Dis,QTc_Dis,RR,HRV,HR_cv,pulse,pulse_sd,bp,bp_sd,NEUT,LYM,MONO,EOS,LUC,BASO,pct_Retic
A/J,f,0646F909,6.01,8.97,13.7,82.9,1,1.80,0.400,0.300,215,13.4,13.3,39.8,44.4,14.9,33.6,33.3,16.5,2.31,1135,4.70,70,55.5,137,152,107,2.72,0.400,686,11.4,28.3,21,41.5,44.4,27,27.5,88,59.1,8.62,538,37.1,84,29.8,0.823,4.98,0.0601,0.108,0.0240,0.0180,2.40
A/J,f,0646F910,4.95,9.42,8.60,86.9,2,2.10,0.300,0.100,188,14.3,14,42.1,44.7,15.2,34.1,33.3,15.4,2.19,1070,4.80,67,57.8,164,137,106,2.88,0.400,666,8.80,27.2,21.7,43.5,45.7,30.5,33.6,90.5,42.1,6.32,534,47.3,85.9,34,0.426,4.30,0.0990,0.104,0.0149,0.00495,2
A/J,f,0646F911,4.57,9.56,18,78.9,1.30,1.20,0.300,0.100,249,14.6,14.1,42.9,44.8,15.3,34,32.9,15.8,2.12,1112,5,81,70.7,153,146,97,2.79,0.600,618,12.8,30.4,20.9,57.7,58.6,8.50,8,97.2,21.1,3.41,572,46.8,97.3,33,0.823,3.61,0.0594,0.0548,0.0137,0.00457,2.60
A/J,f,0646F912,4.72,7.22,19.6,76.7,1.30,1.70,0.600,0.100,455,10.1,10.9,33.9,46.9,13.9,29.7,32.2,19.3,2.68,1778,4.90,59,52.3,176,104,97,2.31,0.500,563,8.40,29,24.3,47.7,46.3,30,29.6,107,24.3,4.31,582,29,99.6,45.1,0.925,3.62,0.0614,0.0802,0.0283,0.00472,6.30
A/J,f,0646F913,7.73,9.35,13.4,83.6,1.50,0.900,0.400,0.200,280,14.2,13.8,41.4,44.2,15.1,34.2,33.3,16.1,2.41,1055,4.70,75,64.7,161,119,117,2.51,0.700,491,11.5,27,18.6,65.4,59.1,37.5,34.4,123,26.7,5.44,561,41.5,73.7,30.5,1.04,6.46,0.116,0.0696,0.0309,0.0155,3
A/J,f,0646F914,6.05,9.31,11.3,85.3,1,1.80,0.500,0.100,298,13.7,13.5,41,44,14.8,33.5,33,16.5,2.32,1257,4.70,72,63,181,92,97,2.14,0.500,694,10,28.6,22.2,39.5,42.5,26.5,28.4,86.8,48.5,6.98,593,36.8,97.1,36.4,0.684,5.16,0.0605,0.109,0.0302,0.00605,3.20
A/J,f,0646F915,6.99,9.49,11,86.1,1.40,1,0.500,0.100,285,13.9,13.9,42.3,44.5,14.6,32.9,32.9,15.9,2.09,1057,4.90,61,55.6,190,81,140,1.97,0.600,588,12.1,31,22,55.6,55.2,38.5,36.2,102,34.3,5.83,583,30.3,106,41.5,0.769,6.02,0.0979,0.0699,0.0350,0.00699,3
A/J,f,0646F916,6.23,9.26,11.1,85.1,1.40,1.80,0.500,0.100,157,13.8,13.4,40.4,43.6,14.9,34.2,33.2,15.3,2.07,1107,4.90,74,63.9,178,125,100,2.46,0.500,667,13.9,29.2,21.4,48.1,50.5,20,20.6,90.3,37.3,5.59,616,37.8,113,27.2,0.692,5.30,0.0872,0.112,0.0312,0.00623,1.70
A/J,m,0646M901,6.31,9.44,13.5,82.7,1.70,1.50,0.500,0.100,208,14,13.9,42.8,45.4,14.9,32.7,32.4,15.7,2.09,1332,4.80,78,70.5,179,160,198,3.02,0.600,819,9.10,26.3,20.6,36.4,42.6,29.5,33.2,73.3,19.7,2.40,576,35.3,98.5,33.7,0.852,5.22,0.107,0.0946,0.0316,0.00631,2.20
A/J,m,0646M902,4.74,9.37,16.8,79.7,1.30,1.70,0.400,0.100,309,13.8,13.6,41.4,44.1,14.7,33.4,32.8,15.7,2.31,1254,4.80,69,61.8,215,127,68,2.28,0.400,777,8,24,18.8,37,42.1,26,30.4,77.2,15.4,1.98,621,55,107,28.9,0.796,3.78,0.0616,0.0806,0.0190,0.00474,3.30
A/J,m,0646M903,4.29,9.12,11.4,85.4,1.70,1,0.500,0.100,264,14,13.5,41.7,45.7,15.3,33.5,32.5,15.8,2.14,1174,4.80,84,71.9,221,190,71,3.41,0.600,644,10.7,27.6,19.6,46.8,48.5,30.5,31.4,93.2,11.8,1.83,555,30.3,98.8,35.1,0.489,3.66,0.0729,0.0429,0.0215,0.00429,2.90
A/J,m,0646M904,4.69,9.62,10.7,85.7,1.80,1.40,0.400,0.100,250,14.3,14,42.8,44.5,14.9,33.4,32.8,15.6,2.23,1128,4.80,70,62.6,202,116,97,2.26,0.400,764,10.5,28.6,20.9,46.4,52.4,5,5.30,78.5,12,1.57,557,24.5,119,46.9,0.502,4.02,0.0844,0.0657,0.0188,0.00469,2.60
A/J,m,0646M905,5.52,9.65,11.4,84.5,2,1.70,0.300,0.100,328,14.2,14.2,45.2,46.8,14.8,31.5,31.3,15.5,2.18,1091,4.80,79,71.7,182,128,97,2.77,0.500,750,10.5,30.2,22.9,45,50.3,27,29.3,80,19.9,2.65,654,65.7,115,18.9,0.629,4.66,0.110,0.0938,0.0166,0.00552,3.40
A/J,m,0646M906,5.62,9.83,12.1,85.4,1.10,0.900,0.400,0.100,285,14.6,14.3,43.6,44.3,14.9,33.5,32.8,15.5,2.09,1244,4.80,80,70.9,198,216,86,3.55,0.500,734,10,26.9,19.8,40.8,45.2,41,40.5,82,43.4,5.91,651,52.8,98.5,16.9,0.680,4.80,0.0618,0.0506,0.0225,0.00562,2.90
A/J,m,0646M907,5.61,9.44,12.3,82.9,3,1.20,0.400,0.200,321,14.1,14,42.8,45.4,14.9,32.8,32.6,15.9,2.31,924,4.90,71,63.6,196,176,111,3.07,0.500,761,8.80,25.5,19.9,37.3,42,23.5,26.6,78.9,13.2,1.73,575,43.3,113,44.3,0.690,4.65,0.168,0.0673,0.0224,0.0112,3.40
A/J,m,0646M908,6.23,9.36,15.1,81,2.60,0.700,0.400,0.100,271,13.8,13.7,42,44.8,14.8,33,32.6,15.8,2.18,1256,4.80,70,64.9,181,178,85,3.27,0.400,597,11.3,28.3,21.8,48.3,48.1,23,21.2,102,60.3,10.1,572,32.4,135,32.6,0.941,5.05,0.162,0.0436,0.0249,0.00623,2.90
B6.A-Chr10,f,4388F01,9.35,9.81,6.10,89.9,0.900,2.10,0.500,0.500,363,14.7,15.6,44.4,45.3,15,33.1,35.1,15.8,2.45,901,4.30,81,62.8,181,108,62,2.47,0.400,710,9.90,33.8,27.3,43.1,46.8,26.5,28,84.6,25.6,3.61,548,81.7,129,28,0.570,8.41,0.0842,0.196,0.0467,0.0467,3.70
B6.A-Chr10,f,4388F02,,,,,,,,,,,,,,,,,,,,,79,63.2,218,93,84,2.33,0.400,689,10.8,32.6,24.9,42.9,45.9,24,26.1,87.2,15,2.18,585,51.5,112,15,,,,,,,
B6.A-Chr10,f,4388F03,,,,,,,,,,,,,,,,,,,,,,,,,,,,545,13.1,34.8,25.4,56.1,53.2,46,50.6,112,65.2,12,593,40,115,16.3,,,,,,,
B6.A-Chr10,f,4388F04,7.94,9.82,10.2,85,1.40,2.40,0.600,0.300,236,15.1,15.5,44.4,45.2,15.3,33.9,34.9,14.6,2.48,1250,4.20,74,68.4,175,95,64,2.52,0.200,705,9.80,32.7,26.2,40,43.4,22,23.5,85.1,16.9,2.40,567,57.8,114,8.97,0.810,6.75,0.111,0.191,0.0476,0.0238,2.40
B6.A-Chr10,f,4388F05,7.46,9.71,4.80,89.8,1.20,2.70,1.20,0.300,155,14.7,14.4,43.6,45,15.1,33.6,33,13.8,1.76,1252,4.60,83,66,173,95,113,2.13,,751,9.90,28.4,22.1,41.5,46.4,28,31.3,79.9,6.20,0.820,680,35.5,122,10.1,0.358,6.70,0.0895,0.201,0.0895,0.0224,1.60
B6.A-Chr10,f,4388F06,7.50,9.49,6.10,89.4,0.800,2.50,0.800,0.300,171,14.7,14.1,43.4,45.7,15.5,33.9,32.5,14.3,1.76,1072,4.80,78,59.6,151,91,54,2.08,0.400,732,10.8,29.8,22.2,41.2,45.5,22.5,24.3,82,10,1.37,622,47.3,101,8.85,0.458,6.71,0.0600,0.188,0.0600,0.0225,1.80
B6.A-Chr10,f,4388F07,7.47,9.75,7.30,87.2,1.60,2.90,0.800,0.200,156,14.6,14.3,43,44.1,15,34.1,33.2,14.1,1.81,897,4.60,77,59.8,206,84,76,2,0.300,783,9.30,28.7,23.2,39.4,45,19.5,22.8,76.6,8.30,1.07,671,39.9,103,13.3,0.545,6.51,0.120,0.217,0.0598,0.0149,1.60
B6.A-Chr10,f,4388F08,5.31,9.77,7.60,87.9,0.900,2.90,0.400,0.200,137,14.7,14.2,42.9,43.9,15.1,34.3,33.2,13.9,1.79,1050,4.60,64,49.9,189,89,61,2.09,0.300,743,10.6,28.6,21.5,38,42.3,22.5,25,80.8,9.30,1.25,686,31.2,114,11.4,0.404,4.67,0.0478,0.154,0.0212,0.0106,1.40
B6.A-Chr10,f,4388F09,7.92,9.11,7.40,89,1.20,1.50,0.600,0.300,246,14.4,13.5,41.3,45.3,15.8,34.8,32.6,16.4,1.94,981,5.20,83,66.5,203,79,56,2.64,0.400,700,10.4,34.2,27.3,41.2,44.5,29.5,31.8,85.7,15.2,2.18,594,26.7,111,13.7,0.586,7.05,0.0950,0.119,0.0475,0.0238,2.70
B6.A-Chr10,m,4388M01,9.82,9.10,6.90,87.2,0.500,2.50,2.40,0.500,228,13.1,13.5,40.1,44.1,14.4,32.6,33.7,14.6,1.90,1321,4.40,92,76.4,238,109,52,2.35,0.500,734,10.4,28.5,21.5,38.6,42.7,26.5,29.1,81.8,14.3,1.94,615,43.8,104,12.6,0.678,8.56,0.0491,0.245,0.236,0.0491,2.50
B6.A-Chr10,m,4388M02,9.30,9.91,7.40,88.2,0.400,2.10,1.60,0.200,258,14.2,14.4,43.5,43.9,14.3,32.6,33.2,14.9,1.72,1314,4.30,75,61.7,204,113,44,2.66,0.400,755,10.9,30.9,23.1,44.6,50.1,19.5,21.9,79.4,9.90,1.31,674,77.5,115,15.5,0.688,8.20,0.0372,0.195,0.149,0.0186,2.60
B6.A-Chr10,m,4388M03,6.38,9.98,5.90,90.6,0.400,1.70,1.20,0.200,230,14.6,14.9,44.8,44.9,14.6,32.5,33.2,14.1,1.76,1411,4.60,96,78.6,210,118,,,,690,9.90,33.2,26.8,42.3,45.3,23.5,26.4,87.1,33.2,4.81,625,53,105,22,0.376,5.78,0.0255,0.108,0.0766,0.0128,2.30
B6.A-Chr10,m,4388M04,7.85,9.63,10,85,0.700,2,1.70,0.500,212,14.2,14.4,42.7,44.4,14.7,33.2,33.7,14.2,1.82,1232,4.30,97,81.4,199,119,94,2.64,1.70,749,11.6,32.6,25,40.2,44.9,18,20.3,80.1,11.9,1.58,579,54.4,113,15.5,0.785,6.67,0.0549,0.157,0.133,0.0393,2.20
B6.A-Chr10,m,4388M05,6.69,9.89,5.30,90.7,0.300,1.90,1.40,0.400,297,14.2,14.8,45.6,46.2,14.4,31.2,32.5,15.8,1.82,1250,4.70,103,85,187,106,57,2.29,0.300,744,10.6,29.5,22.1,41.4,46.1,20,22.4,80.7,16.8,2.26,675,39.7,111,12.9,0.355,6.07,0.0201,0.127,0.0937,0.0268,3
B6.A-Chr10,m,4388M06,9.46,9.66,5.40,89.8,0.500,1.90,1.80,0.500,290,13.8,14.3,43.9,45.5,14.3,31.4,32.5,16,1.77,1236,4.50,91,72.9,192,100,146,2.28,0.500,811,9.70,29.1,22.8,38,44.2,18,20.8,74,5.30,0.650,668,38.9,115,5.58,0.511,8.50,0.0473,0.180,0.170,0.0473,3
B6.A-Chr10,m,4388M07,8.56,9.95,6.50,88.5,0.300,2.10,2.10,0.500,338,14.4,14.7,45.5,45.7,14.5,31.8,32.4,15.3,1.77,1322,4.60,86,71.6,201,130,91,2.35,0.500,497,11.4,34.1,26.5,57.9,52.3,24,24,122,54.5,11,529,36.2,98.4,23.6,0.556,7.58,0.0257,0.180,0.180,0.0428,3.40
B6.A-Chr10,m,4388M08,8.97,10.3,7.10,87.5,0.300,2.40,2.20,0.500,278,14.6,15.3,46.6,45.2,14.2,31.3,32.8,15.6,1.78,1125,4.50,102,84.9,187,131,91,2.27,0.400,768,9.70,31.1,24.7,39.1,44.3,20.5,23.4,78.2,14.2,1.85,593,55.2,108,18.3,0.637,7.85,0.0269,0.215,0.197,0.0449,2.70
B6.A-Chr11,f,4389F01,6.40,8.84,6.40,88.3,1.10,2,1.60,0.500,354,15.5,13.5,40.2,45.4,17.5,38.5,33.7,17.7,2.22,1172,4.30,83,64.7,198,118,81,2.40,0.400,682,11.3,28.8,21,46.7,49.8,16.5,18.3,88.1,23.5,3.44,527,30.6,128,18.2,0.410,5.65,0.0704,0.128,0.102,0.0320,4
B6.A-Chr11,f,4389F02,7.71,9.05,5.90,88,1.20,2.50,1.50,0.800,308,13.7,14,41.6,46,15.1,32.9,33.6,16.6,2.16,1056,4.40,67,54.2,158,78,82,1.59,0.200,730,10,32.7,25.8,40.8,45,22,24.6,82.2,7.80,1.07,542,46.2,121,12,0.455,6.78,0.0925,0.193,0.116,0.0617,3.40
B6.A-Chr11,f,4389F03,11.6,9.75,5.60,89.5,0.600,1.90,1.50,0.900,410,14,14.9,44.1,45.2,14.4,31.8,33.8,16.3,2.07,1113,4.40,73,58.7,232,67,64,1.41,0.400,635,11.9,31.2,22.1,51.6,53.1,21.5,23.5,94.5,23.5,3.69,556,52.6,124,16,0.650,10.4,0.0696,0.220,0.174,0.104,4.20
B6.A-Chr11,f,4389F04,8.69,9.44,6.10,88.7,1.30,1.40,2.10,0.500,330,13.7,14.6,44.1,46.7,14.5,31.1,33.2,17.3,2.10,1071,4.50,75,62.6,194,80,81,1.72,0.500,747,10.5,31.2,24,45.5,50.8,22,24.1,80.3,18.2,2.44,585,37.4,125,13.6,0.530,7.71,0.113,0.122,0.182,0.0435,3.50
B6.A-Chr11,f,4389F05,7.36,10.2,5.20,90.2,1,1.40,1.60,0.700,184,15.6,15.9,48.1,47.1,15.3,32.4,33.1,14,1.79,829,4.50,77,64,184,70,65,1.93,0.300,785,10.6,27.6,20.5,38.8,44.3,21.5,23.9,76.4,8,1.02,599,35.3,87.8,29.4,0.383,6.64,0.0736,0.103,0.118,0.0515,1.80
B6.A-Chr11,f,4389F06,7.63,9.42,5.80,90.2,0.500,1.50,1.10,0.800,151,14.2,14.7,43.3,45.9,15.1,32.9,33.9,14,1.86,829,4.40,69,55.2,189,99,67,2.42,0.300,719,10.5,21.3,16.3,40.1,44,24,26.1,83.5,19.4,2.69,715,37.5,95.8,7.43,0.443,6.88,0.0382,0.114,0.0839,0.0610,1.60
B6.A-Chr11,f,4389F07,7.92,9.62,6.60,89.5,0.600,1.30,1.60,0.400,231,14.2,14.7,43.7,45.4,14.7,32.4,33.7,14.9,1.82,806,4.60,75,60.5,216,123,61,2.59,0.300,782,10.5,30.8,23.3,40,45.6,18.5,20,76.8,14.8,1.90,632,39.8,106,12.7,0.523,7.09,0.0475,0.103,0.127,0.0317,2.40
B6.A-Chr11,f,4389F08,9.61,9.68,6,90.2,0.600,1.40,1.20,0.600,261,14.3,14.6,43.7,45.2,14.8,32.7,33.4,15,1.89,732,4.50,70,56.8,193,87,79,2.05,0.400,705,10.4,29.4,22.4,44.5,48.2,29,31.4,85.2,22.2,3.14,611,36.7,94.7,16.2,0.577,8.67,0.0577,0.135,0.115,0.0577,2.70
B6.A-Chr11,m,4389M01,5.92,9.56,6,89.5,0.400,1.60,1.70,0.800,229,14,14.7,45.2,47.2,14.6,30.9,32.4,15.4,1.80,1355,4.60,95,74.3,212,166,56,2.36,0.300,809,10.5,28.4,21.2,41.2,47.8,14.5,17,74.1,3.20,0.400,601,44.2,112,16,0.355,5.30,0.0237,0.0947,0.101,0.0474,2.40
B6.A-Chr11,m,4389M02,6.98,9.49,8.30,85.9,1.50,1.50,2.30,0.400,275,14.2,14.5,44.2,46.5,15,32.2,32.7,15.6,1.89,1229,4.50,94,74.4,185,160,81,2.32,0.400,789,8.20,20.3,16,41.9,48.1,1.50,1.20,76.1,9.30,1.18,662,63.2,116,9.76,0.579,6,0.105,0.105,0.161,0.0279,2.90
B6.A-Chr11,m,4389M03,7.91,7.51,5.30,89.1,1.30,1.20,2.80,0.300,578,11.5,11.7,35.7,47.5,15.2,32.1,32.7,17,2.20,1364,4.50,90,73,167,117,125,2.29,0.600,680,10.3,31,24.1,43.7,46.5,13.5,14.1,88.3,25.7,3.78,516,40.1,105,10.8,0.419,7.05,0.103,0.0949,0.221,0.0237,7.70
B6.A-Chr11,m,4389M04,9.87,10.1,8.60,85.2,0.900,1.60,3.20,0.400,434,15,15.4,49.1,48.9,15,30.6,31.4,15.9,1.96,1149,4.90,103,79.1,175,131,,,,741,10.4,30,22.6,40.9,45.5,17,20,81.1,13.5,1.82,613,105,93.5,10.5,0.849,8.41,0.0888,0.158,0.316,0.0395,4.30
B6.A-Chr11,m,4389M05,9.11,9.33,7.90,86.3,3,1.70,1,0.200,289,14.3,13.7,43.1,46.2,15.4,33.3,31.9,14.6,1.77,1200,4.60,95,75.3,224,94,74,2.37,0.300,738,10.1,26.2,19.3,42.7,47.4,23,25.6,81.3,5,0.680,609,42,135,18,0.720,7.86,0.273,0.155,0.0911,0.0182,3.10
B6.A-Chr11,m,4389M06,6.94,8.81,6.70,89,2.10,1.10,0.700,0.300,273,13.4,13,40.5,46,15.2,33,32.1,14.7,1.79,1148,4.70,95,75.3,240,121,55,2.45,0.300,743,10.1,28.1,21,41.5,46.3,23.5,23.6,80.9,31.5,4.24,630,40.5,124,13.7,0.465,6.18,0.146,0.0763,0.0486,0.0208,3.10
B6.A-Chr11,m,4389M07,8.52,9.26,8,87.1,2,1.70,0.900,0.200,306,14.2,13.9,43.3,46.7,15.4,32.9,32.1,15.1,1.76,983,4.70,95,76.4,226,93,54,2.08,0.400,717,9,27.6,21.8,41.6,45.5,30,33.7,83.8,22.1,3.09,585,33.7,97.7,28.3,0.682,7.42,0.170,0.145,0.0767,0.0170,3.30
B6.A-Chr11,m,4389M08,9.85,9.34,8,87,2.50,1.20,1.10,0.200,327,14.2,13.8,43.1,46.1,15.2,32.9,32,14.6,1.77,1353,4.60,95,77.2,223,116,157,2.54,,802,8.60,28,22.5,37.9,43.8,19,22.1,74.9,5.70,0.710,607,41.5,112,40.3,0.788,8.57,0.246,0.118,0.108,0.0197,3.50
B6.A-Chr12,f,4390F01,7.10,9.42,6.60,89.4,0.400,1.30,1.60,0.700,198,14,14.6,43.2,45.9,14.9,32.5,33.8,14.1,1.90,824,4.40,83,67.8,212,91,64,2.18,0.400,761,10.9,31.1,23.5,42.8,48.2,23,25.8,78.8,5.10,0.670,608,26.8,103,12.9,0.469,6.35,0.0284,0.0923,0.114,0.0497,2.10
B6.A-Chr12,f,4390F02,4.90,8.95,10.5,84.7,0.500,0.900,2.70,0.600,179,13.6,13.9,40.8,45.6,15.2,33.4,34,13.6,1.88,888,4.40,79,62.3,240,84,106,1.69,0.400,747,10.4,31.3,24.4,42,46.9,24.5,27.3,80.3,7.70,1.03,608,50.3,111,19.9,0.514,4.15,0.0245,0.0441,0.132,0.0294,2
B6.A-Chr12,f,4390F03,6.57,9.47,6.30,89.7,0.700,1.10,1.50,0.600,199,14.4,14.8,45.1,47.6,15.2,32,32.9,14.5,1.75,872,4.60,75,60.4,229,77,64,2.06,0.300,778,10.9,31,23.8,44.1,50.2,13.5,15.3,77.1,16.8,2.15,632,52.4,107,17.5,0.414,5.89,0.0460,0.0723,0.0985,0.0394,2.10
B6.A-Chr12,f,4390F04,9.06,9.41,4.60,92.3,0.500,1,1,0.600,179,14.2,14.6,43.8,46.5,15.1,32.5,33.3,13.9,1.74,859,4.50,85,70.1,234,100,51,2.27,0.300,777,10.3,31.3,24.2,40.4,46.1,23,25.8,77.2,8.20,1.05,611,36.4,120,15.1,0.417,8.36,0.0453,0.0906,0.0906,0.0544,1.90
B6.A-Chr12,f,4390F05,6.65,9.48,6.30,90.2,0.400,0.900,1.50,0.600,199,14,14.8,44.1,46.5,14.8,31.8,33.5,13.7,1.73,827,4.40,65,56.4,245,93,59,1.84,0.500,841,10.9,21.4,15,37.5,43,48,57.4,81.8,340,40.4,598,43,118,19.1,0.419,6,0.0266,0.0599,0.0998,0.0399,2.10
B6.A-Chr12,f,4390F06,7.53,9.16,6.50,89.1,0.600,1.40,1.60,0.800,202,13.9,14.3,41.7,45.5,15.2,33.4,34.3,13.9,1.85,878,4.40,62,54.8,258,80,50,1.83,0.400,764,9.70,31,24.4,38.2,43.2,20.5,23,78.6,17.8,2.33,595,27.7,116,19.2,0.489,6.71,0.0452,0.105,0.120,0.0602,2.20
B6.A-Chr12,f,4390F07,6.08,10.1,7.90,89.2,0.200,1,1.40,0.200,242,15.1,15.7,47.6,47.2,15,31.7,33,14.5,1.75,746,4.50,75,61.4,221,102,68,2.12,0.400,773,10.8,31.2,24,39.7,45.1,18.5,20.7,77.7,19.7,2.55,627,33,106,19.4,0.480,5.42,0.0122,0.0608,0.0851,0.0122,2.40
B6.A-Chr12,f,4390F08,9.35,10.2,5.80,91,0.300,1.30,1,0.700,377,15.2,15.7,47.5,46.7,15,32.1,33,14.9,1.89,768,4.60,80,66.9,227,84,73,1.75,0.300,774,10.9,31.5,23.9,42.6,48.4,23,25.8,77.6,16.2,2.09,589,33.7,117,13.5,0.542,8.51,0.0280,0.122,0.0935,0.0654,3.70
B6.A-Chr12,m,4390M01,4.68,9.86,9.90,86.6,0.200,1.10,2,0.300,385,15.2,15.2,47,47.7,15.4,32.3,32.3,16,1.80,1188,4.40,91,77.5,213,95,46,2.71,0.300,758,10.7,32.1,24.7,39.4,44.3,25,27.8,79.2,9.30,1.23,556,68.4,118,14.7,0.463,4.05,0.00936,0.0515,0.0936,0.0140,3.90
B6.A-Chr12,m,4390M02,5.94,9.50,7.90,87.4,0.700,1,2.50,0.400,304,14.7,14.5,44.5,46.8,15.5,33.1,32.6,14.9,1.79,1158,4.50,116,93.9,250,161,58,4.09,0.400,774,10.2,28.8,21.9,35.9,40.9,27.5,31.2,77.5,12.5,1.62,548,28.2,111,13.5,0.469,5.19,0.0416,0.0594,0.148,0.0238,3.20
B6.A-Chr12,m,4390M03,8.41,8.70,11,82,0.300,2,4.20,0.500,409,13.2,13,39.7,45.6,15.2,33.2,32.8,15.6,1.98,1293,4.50,98,83,253,111,68,3.20,0.400,755,10.6,26.9,19.9,39.1,43.9,27,30.3,79.5,8.60,1.14,572,43.6,114,24,0.925,6.90,0.0252,0.168,0.353,0.0420,4.70
B6.A-Chr12,m,4390M04,6.98,9.31,7.10,88.8,0.200,1.20,2,0.700,317,14.2,14.1,43.9,47.1,15.2,32.3,32.2,15,1.76,1040,4.50,116,94.2,217,146,102,3.70,0.400,774,11.1,31.5,24.6,40.8,46.3,19.5,21.8,77.5,10.6,1.37,525,60,126,18.3,0.496,6.20,0.0140,0.0838,0.140,0.0489,3.40
B6.A-Chr12,m,4390M05,8.66,8.77,10.5,84.4,0.500,1,2.90,0.600,386,13.4,13.3,40.4,46.1,15.3,33.2,32.9,15.1,1.90,1148,4.40,78,66.4,175,119,58,2.97,0.300,759,9.90,30.2,23.9,37.8,42.5,21,23.2,79.1,9.20,1.21,566,26.6,119,23.4,0.909,7.31,0.0433,0.0866,0.251,0.0520,4.40
B6.A-Chr12,m,4390M06,6.85,9.25,9.40,86.4,0.500,1.10,2.30,0.400,287,14.1,14.1,43.8,47.3,15.3,32.3,32.1,15.3,1.77,1051,4.50,129,106,211,149,88,3.68,0.300,778,9.20,29,22.8,38.9,44.3,20,23.3,77.2,12.1,1.55,587,31.5,101,28.3,0.644,5.92,0.0343,0.0754,0.158,0.0274,3.10
B6.A-Chr12,m,4390M07,8.85,9.51,13.3,81.3,0.500,1.20,3.20,0.400,314,14.6,14.5,45.1,47.5,15.4,32.4,32.1,15.2,1.79,1211,4.50,92,78.9,178,114,54,2.92,0.500,785,10.2,29.7,22.6,39.7,45.4,21,24,76.4,5,0.640,600,75.6,115,13.7,1.18,7.20,0.0442,0.106,0.283,0.0354,3.30
B6.A-Chr12,m,4390M08,7.64,8.92,9.80,84.9,0.300,2.90,1.80,0.400,339,13.6,13.4,41.4,46.4,15.3,33,32.3,16.2,1.80,995,4.60,85,69.4,197,137,72,3.58,0.300,765,8.60,29,23.5,40.1,45.3,25.5,28.4,78.5,8,1.05,609,41.7,119,15.2,0.749,6.49,0.0229,0.222,0.138,0.0306,3.80
B6.A-Chr13,f,4391F01,6.46,8.03,4.90,91,0.800,2.30,0.400,0.600,522,12.1,11.8,35.6,44.4,15,33.9,33.1,15.9,2.27,1044,4.80,87,69.9,249,60,146,1.97,0.300,729,10.4,30.2,23.3,41.4,45.7,22,24.2,82.4,27,3.71,627,35.7,116,26.1,0.317,5.88,0.0517,0.149,0.0258,0.0388,6.50
B6.A-Chr13,f,4391F02,10,10,10.5,84.9,1.30,2,1,0.300,440,14.9,14.6,45.5,45.3,14.8,32.7,32,15.6,1.94,1101,4.60,90,74.7,221,75,75,2.19,,778,10.8,31.2,23.5,41.2,47,21,23.9,77.1,10,1.28,648,32.3,120,16.8,1.05,8.49,0.130,0.200,0.100,0.0300,4.40
B6.A-Chr13,f,4391F03,8.57,9.41,5.40,90.6,0.900,2,0.600,0.400,358,13.9,13.6,41.7,44.4,14.8,33.3,32.7,15.4,2.13,1084,4.60,87,75.8,229,66,74,2.30,0.300,824,9.80,29.5,23.2,37.1,43.5,18,21.6,72.9,13,1.58,654,58.5,124,11,0.463,7.76,0.0771,0.171,0.0514,0.0343,3.80
B6.A-Chr13,f,4391F04,7.63,10.1,4.70,92.3,0.600,1.10,1,0.300,162,15,14.5,45.6,45.1,14.9,32.9,31.8,14.9,1.64,923,4.80,93,75,203,67,79,1.98,0.400,741,11.1,30.9,23.5,41,45.6,20.5,22.9,81,12.5,1.69,612,41.6,141,9.03,0.359,7.04,0.0458,0.0839,0.0763,0.0229,1.60
B6.A-Chr13,f,4391F05,9.88,9.85,5.10,92.3,0.500,0.900,0.800,0.300,296,14.7,14.3,43.9,44.6,14.9,33.5,32.5,15.9,1.84,940,4.70,80,68.1,196,50,,1.82,,752,10.5,32,24.9,41.6,46.6,27,30,79.8,14.1,1.87,627,35.3,124,22.9,0.504,9.12,0.0494,0.0889,0.0790,0.0296,3
B6.A-Chr13,f,4391F06,5.73,9.48,6,91,0.700,1.30,0.800,0.200,246,14.2,13.4,42.3,44.6,15,33.7,31.7,15.9,1.77,1064,5,83,69.5,198,63,70,1.83,0.500,767,10.9,31.1,23.9,42.8,48.4,17.5,19.8,78.2,5.90,0.770,616,51.8,120,20.3,0.344,5.21,0.0401,0.0745,0.0458,0.0115,2.60
B6.A-Chr13,f,4391F07,7.10,9.20,6.80,88.9,1.20,2,0.700,0.300,368,14.1,13.7,43.2,47,15.3,32.7,31.6,14.3,1.81,1009,5.20,85,71.6,189,97,58,2.41,0.200,761,11.2,31.3,23.7,43,48.5,22,24.8,78.8,10.3,1.36,673,50.7,120,20.9,0.483,6.31,0.0852,0.142,0.0497,0.0213,4
B6.A-Chr13,f,4391F08,7.17,9.54,6.10,89.7,1.10,1.90,0.900,0.200,324,14.5,14.1,45.3,47.5,15.2,32.1,31.1,14.4,1.76,982,5.30,88,74.1,156,88,96,2.24,0.400,709,11,30.1,22.7,40.2,43.7,17.5,19.2,85,45.1,6.37,661,47.8,113,13.8,0.437,6.43,0.0789,0.136,0.0645,0.0143,3.40
B6.A-Chr13,m,4391M01,7.03,10.2,7.20,88.2,1.70,1.60,1.10,0.300,286,15,14.7,46,45,14.7,32.7,31.9,14,1.84,1146,4.60,116,100,212,69,55,2.23,0.200,757,10.3,28.9,22.2,44.2,49.7,8.50,9.80,79.3,10.7,1.41,591,28.8,99.7,24.4,0.506,6.20,0.120,0.112,0.0773,0.0211,2.80
B6.A-Chr13,m,4391M02,9.12,9.12,17,75.7,3.40,2,1.60,0.400,365,13.6,13.3,41,45,15,33.3,32.4,16.2,1.97,1295,4.50,123,100,256,165,113,3.55,0.500,745,11.2,28.5,21,45.2,50.4,9.50,10.4,80.5,9.80,1.31,633,50.2,121,32.1,1.55,6.90,0.310,0.182,0.146,0.0365,4
B6.A-Chr13,m,4391M03,9.13,9.87,14.9,79,2.10,1.90,2,0.200,424,15,14.3,46.4,47,15.2,32.4,30.9,16.7,1.82,1311,4.80,110,89.7,216,142,56,2.73,0.400,819,10.1,28.4,22.6,41.9,48.9,6,6.70,73.3,5,0.610,599,80.2,112,13.8,1.36,7.21,0.192,0.173,0.183,0.0183,4.30
B6.A-Chr13,m,4391M04,10.5,10.1,22.3,72.4,1.80,1.60,1.50,0.400,444,14.9,14.6,47,46.6,14.8,31.8,31,17.1,1.93,1112,4.80,99,80.7,222,101,99,2.19,0.400,709,9,30.5,24.9,44.2,48.1,8.50,9.20,84.7,16.1,2.27,547,28.6,98.4,17.2,2.34,7.60,0.189,0.168,0.158,0.0420,4.40
B6.A-Chr13,m,4391M05,10.1,8.58,10.7,84.9,1.40,1.20,1.50,0.300,206,13.6,12.4,39,45.4,15.8,34.9,31.9,14.6,1.69,959,4.70,97,81.2,234,82,85,2.14,0.500,773,10.6,28.6,21.7,42.6,48.3,18.5,21.6,77.6,17.4,2.25,587,46.5,112,11.6,1.08,8.57,0.141,0.121,0.151,0.0303,2.40
B6.A-Chr13,m,4391M06,7.78,9.11,10.3,84.4,1.70,1.50,1.60,0.500,255,13.8,13.2,41.4,45.4,15.1,33.2,31.8,16.5,1.83,1304,4.90,113,96.4,245,90,121,2.32,,772,10.3,31.5,24.6,42.3,48,11.5,12.9,77.8,15.5,2,567,45.5,131,8.20,0.801,6.57,0.132,0.117,0.124,0.0389,2.80
B6.A-Chr13,m,4391M07,10.8,9.22,10.3,84.4,1.50,1.60,2,0.200,341,13.3,13.3,42.4,46,14.4,31.3,31.3,15.5,1.88,1007,4.80,93,75.2,171,80,64,2.57,0.700,654,12,29,20.9,48.1,50.1,28,28.2,92.6,59,9.03,591,36.8,97.1,14.9,1.11,9.12,0.162,0.173,0.216,0.0216,3.70
B6.A-Chr13,m,4391M08,7.73,9.43,5.30,89.8,1.30,2.30,1,0.300,283,14,13.8,44,46.6,14.8,31.8,31.3,14.3,1.77,1153,4.80,109,92.6,205,73,122,1.74,0.400,779,10.4,28,21.2,40.9,46.6,20.5,23.3,77,15.1,1.94,611,41.3,104,13.8,0.410,6.94,0.100,0.178,0.0773,0.0232,3
B6.A-Chr14,f,4392F01,9.02,9.57,6.50,91.1,0.100,0.700,1.20,0.400,297,14.5,15,44.3,46.3,15.1,32.7,33.8,14.5,1.82,886,4.40,74,57.1,211,88,68,1.90,0.400,704,11.2,33.3,25.6,42,45.6,24,21.6,86.1,68.2,9.68,589,30.4,108,28.3,0.586,8.22,0.00902,0.0631,0.108,0.0361,3.10
B6.A-Chr14,f,4392F02,10.4,9.91,7.40,89.1,0.200,1.50,1.20,0.500,238,14.8,15.3,45.3,45.7,15,32.8,33.8,15,1.88,820,4.40,80,65.1,200,78,59,1.73,0.300,748,8.50,30.3,25.1,39.4,44,18.5,20.4,80.3,22.9,3.06,667,56.9,105,12.9,0.770,9.27,0.0208,0.156,0.125,0.0520,2.40
B6.A-Chr14,f,4392F03,11,9.72,5.90,90.9,0.300,1.30,1,0.600,233,14.2,14.9,44,45.3,14.7,32.4,33.8,14.3,1.82,762,4.40,73,56.3,219,89,65,1.83,0.200,753,11,31.5,24.3,43.9,49.2,18.5,19.8,79.8,24.7,3.28,592,31.7,108,16,0.649,10,0.0330,0.143,0.110,0.0660,2.40
B6.A-Chr14,f,4392F04,9.78,8.91,6,90.8,0.300,1,1.20,0.600,232,13.5,13.6,39.9,44.8,15.2,33.8,34,13.9,1.86,1025,4.30,68,51.3,198,68,81,1.51,0.200,739,10.9,29.1,21.7,39.5,43.9,23,26.5,81.2,13.4,1.82,594,35.6,113,30.5,0.587,8.88,0.0293,0.0978,0.117,0.0587,2.60
B6.A-Chr14,f,4392F05,6.54,9.14,8.40,87.9,0.100,2.10,1.20,0.300,512,13.5,13.7,41.3,45.2,14.8,32.7,33.2,15.1,2.17,1170,4.50,90,69.4,163,127,65,3.12,0.400,574,12.4,34.6,25.9,51.5,50.2,40.5,41.4,105,40.7,7.09,574,25.2,95.2,23.2,0.549,5.75,0.00654,0.137,0.0785,0.0196,5.60
B6.A-Chr14,f,4392F06,5.95,9.62,7.10,89,0,2.80,1,0.100,568,14.5,14.4,44.7,46.5,15.1,32.4,32.2,15.3,2.08,1240,4.70,80,60.2,200,93,117,2.11,0.400,668,11,35,27.3,44.1,46.5,26,27.5,90,30.3,4.54,577,28.4,104,27,0.422,5.30,0,0.167,0.0595,0.00595,5.90
B6.A-Chr14,f,4392F07,9.97,9.31,4.40,92.1,1,1.20,1,0.300,223,13.6,13.4,40.1,43.1,14.6,33.9,33.3,16,1.92,1188,4.50,81,61.1,195,68,64,1.80,0.300,752,11.5,31.9,24,43.8,49,20,22.8,79.8,7.10,0.950,623,34.2,114,10.6,0.439,9.18,0.0997,0.120,0.0997,0.0299,2.40
B6.A-Chr14,f,4392F08,9.62,9.84,5.30,90.1,1,1.70,1.60,0.300,197,14.3,14.4,43.7,44.4,14.5,32.6,33,15.9,1.82,1047,4.70,74,56.2,214,91,59,1.80,0.500,699,10.5,31.8,24.8,44.7,48.2,21,20.8,86.1,36.9,5.29,670,45,117,17.2,0.510,8.67,0.0962,0.164,0.154,0.0289,2
B6.A-Chr14,m,4392M01,10.1,9.18,5.80,89.4,0.200,2.40,1.90,0.300,505,14,13.5,41.3,45,15.3,33.9,32.7,14.7,2.04,1375,4.50,113,91.8,204,130,54,3.33,0.400,767,10.3,29.6,22.4,42.4,48,17,19.5,78.2,11.7,1.53,642,28.9,115,13.7,0.586,9.03,0.0202,0.242,0.192,0.0303,5.50
B6.A-Chr14,m,4392M02,7.68,8.77,6,90.7,0.100,1.30,1.50,0.300,509,13.6,13,40.4,46.1,15.5,33.6,32.2,15.1,2.06,1316,4.90,104,80.6,181,158,61,3.50,0.400,698,8.60,31.3,25.7,42.8,46.2,16,16.8,86,15.7,2.25,533,46.4,104,16.9,0.461,6.97,0.00768,0.0998,0.115,0.0230,5.80
B6.A-Chr14,m,4392M03,9.61,8.17,7.80,87,0.200,1.50,3.20,0.200,580,11.6,12,37.3,45.7,14.2,31,32.2,15.4,2.20,1482,4.50,122,94.4,180,152,69,3.16,0.500,712,9.60,31.8,25.5,44,47.9,21,22.5,84.4,26.2,3.68,624,39.8,121,20.1,0.750,8.36,0.0192,0.144,0.308,0.0192,7.10
B6.A-Chr14,m,4392M04,10.3,9.64,6,88.9,0.200,1.70,2.90,0.300,588,14.5,14.4,44.6,46.3,15,32.4,32.3,15.4,2.06,1196,4.50,111,90.9,218,130,56,3.29,0.400,775,9,30.4,24.5,42.1,47.8,14,15.2,77.5,10.5,1.36,586,41.5,78,22.7,0.618,9.16,0.0206,0.175,0.299,0.0309,6.10
B6.A-Chr14,m,4392M05,6.26,9.56,7.70,88.3,0.900,2,1,0.300,210,14.3,13.9,42.4,44.4,14.9,33.7,32.8,14.4,1.69,1209,4.60,105,83.7,218,151,47,2.88,0.500,766,10.5,30.9,23.6,41.4,46.8,12.5,13.9,78.3,8.50,1.11,612,48,116,12.3,0.482,5.53,0.0563,0.125,0.0626,0.0188,2.20
B6.A-Chr14,m,4392M06,9.95,9.49,6.70,89,1.30,1.60,1.10,0.300,209,14.5,13.7,42,44.3,15.3,34.4,32.7,15,1.72,1239,4.70,107,84.1,227,150,61,2.56,0.400,771,9.70,31.3,24.9,41,46.5,20.5,23.1,77.8,7.80,1.01,594,34.1,112,14.3,0.667,8.86,0.129,0.159,0.109,0.0299,2.20
B6.A-Chr14,m,4392M07,8.98,9.68,5.40,91.4,0.700,1.60,0.800,0.100,203,14.2,14,42.8,44.2,14.7,33.2,32.8,14.8,1.75,1258,4.40,105,80.8,182,116,64,2,0.400,708,10.3,31.8,24.9,43.8,47.6,20,21.6,84.8,18.7,2.65,581,53.7,101,17.2,0.485,8.21,0.0629,0.144,0.0718,0.00898,2.10
B6.A-Chr14,m,4392M08,10.4,9.63,4.30,92,0.900,1.20,1.30,0.300,250,14.3,14.1,43.3,45,14.8,33,32.5,14.8,1.69,1231,4.80,110,85.8,253,129,46,2.75,0.400,742,10.2,30.8,23.9,40.9,45.5,18.5,21,80.9,9,1.21,568,31.6,117,12.5,0.447,9.57,0.0936,0.125,0.135,0.0312,2.60
B6.A-Chr15,f,4393F01,6.70,6.85,5.80,90.9,0.900,0.800,1.40,0.200,274,5.40,10.3,29.8,43.5,7.90,18,34.5,15.2,2.08,762,4.40,83,64.7,155,79,51,1.74,0.700,731,8.70,21.3,16.8,45.2,49.9,2.50,2.40,82.2,11.8,1.62,630,48,136,22.4,0.389,6.09,0.0603,0.0536,0.0938,0.0134,4
B6.A-Chr15,f,4393F02,8.74,9.14,6,89.7,0.900,1.30,1.70,0.500,247,13.7,13.8,40.5,44.3,15,33.8,34,14.7,1.96,939,4.40,77,60,190,103,109,2.10,0.800,678,10.6,32.8,26.3,42,44.6,17.5,19.3,88.6,23.3,3.44,572,52.2,111,16.2,0.524,7.84,0.0787,0.114,0.149,0.0437,2.70
B6.A-Chr15,f,4393F03,9.65,9.42,8.40,87.3,0.700,1.60,1.70,0.300,254,14.2,14.2,41.9,44.5,15.1,34,33.9,14.1,1.90,914,4.40,73,59.4,187,77,90,1.55,0.800,725,10.1,33.4,26.6,40.4,44.4,19.5,21.5,82.8,20,2.76,637,51.8,110,7.81,0.811,8.42,0.0675,0.154,0.164,0.0290,2.70
B6.A-Chr15,f,4393F04,7.16,9.48,7.90,88,0.900,1.50,1.40,0.200,265,14.6,14.4,42.5,44.8,15.4,34.3,34,14.2,1.99,876,4.40,85,67.6,243,87,102,1.75,0.700,778,11.2,31.3,24,42.5,48.4,11.5,12.5,77.1,12.7,1.63,643,47.5,114,16.5,0.566,6.30,0.0644,0.107,0.100,0.0143,2.80
B6.A-Chr15,f,4393F05,8.16,9.15,7.70,87.9,0.600,1.80,1.50,0.400,339,13.9,13.9,41.3,45.1,15.1,33.6,33.7,14,1.99,944,4.70,69,55.7,198,82,206,1.67,1,718,10,31.4,24.8,40.9,44.8,14.5,17.6,83.6,21.3,2.97,670,43.1,122,15.3,0.628,7.17,0.0490,0.147,0.122,0.0326,3.70
B6.A-Chr15,f,4393F06,7.31,9.34,5.60,90.9,0.700,1.10,1.40,0.300,327,14,14.2,42.3,45.2,15,33.1,33.5,14.4,1.94,971,4.40,74,59.6,207,93,,,,745,10.9,31,23.5,41.8,46.6,23,26.8,80.6,17,2.28,634,69.8,127,14.2,0.409,6.64,0.0512,0.0804,0.102,0.0219,3.50
B6.A-Chr15,f,4393F07,12.4,9.09,6.70,89.7,0.600,1.20,1.10,0.700,436,13.7,13.8,40.6,44.6,15.1,33.8,33.9,15.2,2.08,1018,4.40,66,50.8,216,84,,,,710,9.80,31.8,25.8,42.8,46.4,21.5,20.5,84.7,32.3,4.55,608,86.3,105,15.6,0.831,11.1,0.0744,0.149,0.136,0.0868,4.80
B6.A-Chr15,f,4393F08,8.29,9.55,6,89.9,0.400,1.80,1.60,0.400,229,14.4,14.5,43.1,45.1,15,33.4,33.6,14.5,1.85,1007,4.40,80,60.6,184,102,,,,745,10.1,31.3,24.6,41.2,45.9,27,26.9,81,53.3,7.16,550,73.6,116,8.52,0.497,7.45,0.0332,0.149,0.133,0.0332,2.40
B6.A-Chr15,f,4393F09,8.73,9.41,6.80,89.7,0.400,1.40,1.30,0.500,442,13.9,14.2,42.1,44.7,14.8,33.1,33.8,15.4,2.06,1018,4.40,71,55.4,189,85,100,1.97,0.500,626,11.3,31.5,23.7,48.3,48.9,36.5,28.4,97,66.7,10.7,646,47.4,118,16.9,0.594,7.83,0.0349,0.122,0.113,0.0437,4.70
B6.A-Chr15,m,4393M01,8.64,9.64,7.50,88.8,0.500,1.50,1.60,0.200,347,14.6,14.4,42.8,44.3,15.1,34.2,33.7,14.8,1.94,1071,4.30,114,96.4,184,109,91,2.25,0.800,777,10.9,31.2,23.9,42.6,48.5,15.5,18.4,77.3,8.40,1.08,549,82.4,118,21.9,0.648,7.67,0.0432,0.130,0.138,0.0173,3.60
B6.A-Chr15,m,4393M02,8.45,9.50,9.10,87.2,0.500,1.10,1.70,0.300,294,14.6,14.1,42.5,44.7,15.3,34.3,33.2,14.4,1.90,1177,4.30,104,85.1,245,93,63,1.91,0.600,727,9.90,32.7,25.8,43.7,48.1,10,12.5,82.7,25.3,3.48,496,25.9,124,21.6,0.769,7.37,0.0423,0.0930,0.144,0.0254,3.10
B6.A-Chr15,m,4393M03,9.99,9.59,8.30,88.4,0.400,1.30,1.10,0.400,364,14.5,14.5,44.3,46.1,15.2,32.8,32.7,14.4,1.95,982,4.40,102,86.5,230,96,53,2.08,0.400,721,9.90,32,25.9,42.7,46.8,11,11.8,83.3,15.7,2.17,562,39.6,90.7,12.3,0.829,8.83,0.0400,0.130,0.110,0.0400,3.80
B6.A-Chr15,m,4393M04,8.63,8.84,10.7,81.9,1,1.50,4.20,0.800,477,13.1,13.3,39.9,45.1,14.9,32.9,33.4,14.9,2.13,1177,4.40,117,93.5,210,103,60,2.58,0.700,754,10.3,31,24.3,41,46,19,21.1,79.5,7.40,0.980,552,48,123,18.7,0.923,7.07,0.0863,0.129,0.362,0.0690,5.40
B6.A-Chr15,m,4393M05,9.18,8.98,10.2,82.7,1.40,1.40,3.70,0.500,467,13.8,13.9,41.8,46.6,15.4,33,33.2,14.5,1.98,1183,4.40,102,77.5,187,125,67,2.55,0.300,,,,,,,,,,,,480,39,115,15.3,0.936,7.59,0.129,0.129,0.340,0.0459,5.20
B6.A-Chr15,m,4393M06,,,,,,,,,,,,,,,,,,,,,106,85.4,190,99,127,2.30,0.600,756,10.6,31.7,24.5,41.6,46.7,13,15,79.4,10.8,1.43,475,34,98.2,12.4,,,,,,,
B6.A-Chr15,m,4393M07,10.5,9.31,12.4,81.7,0.700,1.80,2.50,0.800,456,14,14.4,43.4,46.6,15,32.2,33.1,14.8,2,1052,4.50,111,86,240,118,51,2.69,0.700,724,9.70,32.9,26.4,42.3,46.5,25,27.3,82.9,18.1,2.50,439,46.8,115,17.3,1.30,8.58,0.0735,0.189,0.263,0.0840,4.90
B6.A-Chr15,m,4393M08,8.87,9.33,9.50,86.4,0.700,1.30,1.70,0.400,457,13.9,14.1,42.1,45.1,14.9,33,33.4,14.5,1.98,1024,4.30,115,92.1,184,114,76,2.34,0.500,755,10.8,32.2,24.8,41.6,46.7,22.5,25.1,79.4,7.80,1.03,544,47.4,118,8.56,0.843,7.66,0.0621,0.115,0.151,0.0355,4.90
B6.A-Chr16,f,4394F01,7.15,9.34,7.50,88.2,2.10,1.60,0.300,0.300,131,14.3,14.5,42.2,45.2,15.3,33.8,34.4,14.2,1.96,993,4.30,84,69.1,201,98,57,2.32,0.400,611,11.6,32.3,23.9,47.9,48.1,29.5,27.2,99.1,56.1,9.18,671,42.3,104,8.28,0.536,6.31,0.150,0.114,0.0215,0.0215,1.40
B6.A-Chr16,f,4394F02,7.56,9.46,7.60,89.4,0.800,1.60,0.400,0.200,274,14.3,14.9,44.2,46.8,15.2,32.4,33.8,14.9,2.05,861,4.60,76,62.5,180,78,63,1.84,0.500,773,9.80,30.7,24.2,40.7,46.2,18.5,20.9,77.6,8.40,1.09,627,41.5,120,14,0.575,6.76,0.0605,0.121,0.0302,0.0151,2.90
B6.A-Chr16,f,4394F03,5.97,9.59,8.40,87.3,2,1.60,0.300,0.400,211,14.7,14.9,43.5,45.3,15.3,33.7,34.3,13.9,2.07,988,4.30,77,61.9,189,83,66,1.98,0.500,759,10.3,31.3,24.3,38.8,43.7,16.5,18.4,79,8,1.05,674,43.8,125,27.4,0.501,5.21,0.119,0.0955,0.0179,0.0239,2.20
B6.A-Chr16,f,4394F04,7.12,9.23,7.70,88.7,0.900,2.20,0.400,0.200,277,14.3,14.4,42.7,46.2,15.5,33.6,33.8,14.4,2.09,1007,4.60,82,69,224,80,65,1.80,0.300,739,9.40,30.8,24.4,42.8,47.6,15,16.3,81.2,13.2,1.79,605,34.1,97.2,7.67,0.548,6.32,0.0641,0.157,0.0285,0.0142,3
B6.A-Chr16,f,4394F05,8.34,9.04,6.40,89.5,2,1.40,0.400,0.300,217,14.1,14,41.5,45.9,15.6,34,33.9,15.7,1.92,969,4.30,87,68.1,239,70,61,1.90,0.400,751,10.9,31.3,23.9,39.7,44.4,16.5,19.1,79.9,8.50,1.13,,,,,0.534,7.46,0.167,0.117,0.0334,0.0250,2.40
B6.A-Chr16,f,4394F06,9.60,8.72,6.60,89.6,1.90,1,0.400,0.500,270,13.9,13.8,40.7,46.7,15.9,34.2,33.8,15.6,1.90,1134,4.40,69,53.5,230,87,61,1.96,0.400,735,10.2,32.6,26,40.6,45,25,26.7,81.7,21,2.86,,,,,0.634,8.60,0.182,0.0960,0.0384,0.0480,3.10
B6.A-Chr16,f,4394F07,11.2,9.02,5.90,90.4,1.70,1,0.600,0.400,253,13.8,14,40.6,45.1,15.3,33.9,34.4,15.8,1.98,896,4.30,77,59.6,229,73,84,1.80,0.500,766,10.6,30.4,23.3,42.3,47.8,22,25.2,78.4,7.40,0.970,719,31.7,120,22.4,0.661,10.1,0.190,0.112,0.0672,0.0448,2.80
B6.A-Chr16,f,4394F08,8.73,9.04,4.80,91.6,1.70,1.30,0.500,0.200,244,13.9,14.1,41.4,45.8,15.4,33.7,34,16.2,1.98,1168,4.50,86,65.6,218,103,81,2.21,0,746,10.8,32.4,25,38.1,42.5,23.5,26.5,80.4,11.6,1.55,618,42.6,101,19.8,0.419,8,0.148,0.113,0.0437,0.0175,2.70
B6.A-Chr16,m,4394M01,9.03,9.59,7.10,89.6,1.10,1.60,0.400,0.100,201,14.6,14.9,44,45.9,15.3,33.3,33.8,13.8,1.87,1278,4.40,118,98.3,245,125,69,2.74,0.300,769,9.70,30.5,24.1,38.3,43.4,25,28.5,78,12.9,1.68,635,50.1,104,13.6,0.641,8.09,0.0993,0.144,0.0361,0.00903,2.10
B6.A-Chr16,m,4394M02,12.4,9.55,4.80,92.6,0.800,1,0.400,0.400,248,14.8,14.9,44.8,46.9,15.4,33,33.3,14.4,1.94,1337,4.40,136,112,223,119,71,2.91,0.400,713,8.80,32.8,27.3,43.2,47.1,14.5,16,84.2,16.6,2.33,586,53.7,109,12.6,0.595,11.5,0.0992,0.124,0.0496,0.0496,2.60
B6.A-Chr16,m,4394M03,11,9.38,9.70,85.7,2.10,1.50,0.500,0.500,300,14.2,14.5,43.6,46.4,15.1,32.6,33.3,14.9,1.97,1111,4.40,124,100,213,120,71,2.65,0.500,756,10.6,32.1,25.3,40.6,45.5,19,20.9,79.4,5.60,0.740,608,39.3,100,14.7,1.07,9.43,0.231,0.165,0.0550,0.0550,3.20
B6.A-Chr16,m,4394M04,11,9.28,5.10,90.6,1.10,2.10,0.600,0.400,186,14.1,14.3,42.6,45.9,15.2,33.2,33.7,13.9,1.83,1238,4.30,124,103,212,122,,2.59,,760,10.6,29.7,22.5,42.1,47.4,20.5,23,78.9,11.8,1.55,633,36.5,87.5,17.9,0.561,9.97,0.121,0.231,0.0660,0.0440,2
B6.A-Chr16,m,4394M05,11.9,10.1,4.90,90.6,0.500,2.30,1.40,0.300,252,15.4,15.4,46.2,45.8,15.3,33.5,33.3,14.3,1.75,1108,4.50,114,90.7,235,137,65,2.40,0.400,791,9.20,29.3,22.8,41.1,47.2,23,26.6,75.9,4.30,0.550,656,27.8,127,13.3,0.583,10.8,0.0595,0.274,0.167,0.0357,2.50
B6.A-Chr16,m,4394M06,10,9.50,7,88.4,0.700,1.50,1.80,0.700,190,14.8,14.5,42.7,45,15.5,34.5,33.8,15.1,1.84,1187,4.40,107,88.1,229,90,54,1.73,0.500,785,10.3,31,23.9,42.1,48.1,15,17.4,76.4,5.70,0.730,615,57.4,131,19.3,0.700,8.84,0.0700,0.150,0.180,0.0700,2
B6.A-Chr16,m,4394M07,10.5,9.75,6.40,89.7,0.900,1.90,0.800,0.300,273,15.1,14.7,45.2,46.4,15.5,33.3,32.6,14.3,1.73,1083,4.50,105,85.3,226,126,,2.13,,707,9.80,30.1,23.8,41.3,44.8,12,13.6,84.9,15.4,2.17,525,52.8,109,17,0.672,9.42,0.0945,0.200,0.0840,0.0315,2.80
B6.A-Chr16,m,4394M08,10.4,9.82,5.70,89.9,0.500,1.70,1.80,0.300,354,15.1,15,45.4,46.3,15.4,33.3,32.9,15,1.83,1324,4.60,105,85.2,221,153,83,2.50,0.400,781,10.4,30.5,23.5,41,46.8,20,22.8,76.9,11.6,1.49,604,75.8,107,15,0.593,9.35,0.0520,0.177,0.187,0.0312,3.60
B6.A-Chr17,f,4395F01,10.4,9.04,6.60,89.6,0.300,1.80,1.30,0.400,244,14,13.9,41.3,45.7,15.5,33.9,33.6,14.2,1.79,1130,4.50,73,57.7,176,86,,,,741,10.8,32.4,25.1,39.4,43.8,23,26.1,81,10.9,1.47,678,33.4,112,9.75,0.686,9.32,0.0312,0.187,0.135,0.0416,2.70
B6.A-Chr17,f,4395F02,11.7,9.39,4.50,91.1,0.600,2,1,0.700,197,14.2,14.5,43.6,46.4,15.1,32.4,33.3,14.4,1.78,1025,4.60,89,70,197,103,,,,748,11.3,28.8,21.3,40.1,44.8,20.5,22.9,80.3,18.2,2.44,632,39.9,117,15.8,0.526,10.7,0.0702,0.234,0.117,0.0819,2.10
B6.A-Chr17,f,4395F03,11.8,9.19,5.90,90.7,0.300,1.30,1.20,0.700,165,13.9,14.3,42,45.8,15.1,33,34.1,14.2,1.83,1288,4.30,74,61.7,192,79,,,,719,10,30.9,24.2,42.2,46.2,23,25.5,83.4,16.8,2.34,695,28.8,124,14,0.696,10.7,0.0354,0.153,0.142,0.0826,1.80
B6.A-Chr17,f,4395F04,9.85,9.12,6.50,90.1,0.300,1.40,1.40,0.400,164,14.2,14,41.9,45.9,15.6,33.9,33.5,14.3,1.78,1117,4.40,61,46.6,193,67,,1.77,3,661,11.4,33.1,25,44.8,46.8,27,26.5,91.6,59.8,9.05,636,35.1,124,15.1,0.640,8.87,0.0295,0.138,0.138,0.0394,1.80
B6.A-Chr17,f,4395F05,12.7,9.52,3.40,92.5,0.500,2.30,1,0.400,276,14.1,14.5,43.1,45.3,14.9,32.8,33.5,15.1,1.78,1135,4.50,70,53.6,173,118,87,2.81,0.200,720,8.80,28.4,22.6,41.7,45.6,28.5,31.7,83.4,20.1,2.80,613,35.6,116,19.2,0.432,11.7,0.0635,0.292,0.127,0.0508,2.90
B6.A-Chr17,f,4395F06,13.9,9.73,6,89.7,0.500,1.90,1.30,0.700,370,14.6,15.1,44.6,45.9,15,32.7,33.7,15.9,2,1134,4.40,77,59,174,126,108,2.80,0.500,746,12,31.9,23.8,42.7,47.6,19,20.7,80.5,16.6,2.23,627,30.3,110,15.7,0.834,12.5,0.0695,0.264,0.181,0.0973,3.80
B6.A-Chr17,f,4395F07,12.7,9.29,7.40,87.6,0.500,2.20,1.90,0.400,390,14.3,14.5,44.9,48.3,15.4,31.9,32.3,17.1,1.85,942,5,62,41.7,152,92,122,2.49,0.600,664,10,31.6,24.4,43.9,46.2,24.5,26.1,90.4,19.1,2.88,602,25.3,116,21.7,0.940,11.1,0.0635,0.279,0.241,0.0508,4.20
B6.A-Chr17,f,4395F08,13,9.71,5.50,91.5,0.300,1.20,1,0.500,146,14.7,14.9,44.2,45.5,15.2,33.3,33.8,14.2,1.64,1133,4.40,83,66.4,177,100,79,2.64,0.500,629,11.7,32.1,23.7,49.3,50.4,40.5,44.1,96.9,77,12.2,644,43.1,114,9.61,0.715,11.9,0.0390,0.156,0.130,0.0650,1.50
B6.A-Chr17,m,4395M01,13.9,9.13,5.20,90.6,1.30,1.50,0.800,0.600,274,14.4,14.8,43.3,47.4,15.8,33.4,34.3,14.7,2.28,1192,4.10,109,94.2,286,92,49,2.16,0.400,748,10.9,32.1,24.7,43.6,48.7,22,25.6,80.3,13.7,1.83,526,48.5,139,21.3,0.723,12.6,0.181,0.208,0.111,0.0834,3
B6.A-Chr17,m,4395M02,11.9,9.50,11.5,84.6,0.800,1.90,0.900,0.300,304,14.9,15.4,45.4,47.8,15.7,32.8,34,15,2.20,1335,4.20,102,85.5,277,91,63,1.84,0.500,699,9.70,33.8,27.3,42,45.3,26,26.1,86,19.5,2.79,480,44.6,126,15.9,1.37,10.1,0.0952,0.226,0.107,0.0357,3.20
B6.A-Chr17,m,4395M03,12.5,8.95,8.50,87,1.20,2,0.700,0.600,260,14.3,14.7,42.4,47.4,16,33.7,34.7,14.4,2.28,1111,4.10,103,88.4,256,92,68,2.34,0.400,747,10,28.9,22,41.5,46.3,28.5,31.7,80.4,9.90,1.33,490,29.3,120,19.5,1.06,10.9,0.150,0.250,0.0875,0.0750,2.90
B6.A-Chr17,m,4395M04,13,9.25,9.70,85.5,1.30,2.20,0.800,0.600,324,14.8,15.1,43.4,46.9,16,34.2,34.8,14.7,2.28,1155,4.10,105,88.8,205,94,113,2.10,0.600,,,,,,,,,,,,501,60.7,134,15,1.26,11.1,0.169,0.286,0.104,0.0780,3.50
B6.A-Chr17,m,4395M05,9.22,9.12,10.4,84.2,0.400,1.80,3.20,0.100,319,14.2,14.3,43.5,47.7,15.6,32.7,32.8,14,1.81,1411,4.60,95,79.4,178,97,56,2.31,0.200,755,11.2,29.8,22.1,41.5,46.5,13,14.7,79.5,8.40,1.12,658,50.3,103,19,0.959,7.76,0.0369,0.166,0.295,0.00922,3.50
B6.A-Chr17,m,4395M06,11.9,8.80,9.70,85.7,1.80,1.90,0.500,0.400,343,13.8,13.6,41.7,47.3,15.6,33,32.7,14.6,1.82,1279,4.60,100,82.6,193,104,72,2.23,0.300,769,8.60,26.8,21.2,38,43,24.5,27.8,78,5,0.650,640,39.2,114,15.6,1.15,10.2,0.214,0.226,0.0595,0.0476,3.90
B6.A-Chr17,m,4395M07,11.2,9.05,9,86,0.400,1.50,2.80,0.300,253,13.7,13.8,41.4,45.7,15.2,33.2,33.2,14.4,1.79,1371,4.50,100,82.3,222,97,65,2.44,0.400,723,10.7,29.5,22.1,41.8,45.9,27.5,29.5,83.1,20,2.77,633,35.9,104,10.4,1.01,9.63,0.0448,0.168,0.314,0.0336,2.80
B6.A-Chr17,m,4395M08,12.5,9.05,10,86,0.400,1.40,1.90,0.300,281,13.6,13.9,41.8,46.2,15.1,32.6,33.2,13.9,1.82,1396,4.40,102,83.5,204,83,59,2.17,0.300,724,10.7,28.9,21.9,42.2,46.3,17.5,18.1,82.9,17.1,2.36,585,31.9,90.7,26.6,1.25,10.8,0.0500,0.175,0.237,0.0375,3.10
B6.A-Chr18,f,4396F01,7.67,9.85,7.40,88.7,1.20,1.70,0.600,0.300,374,14.9,14.8,44.5,45.2,15.2,33.5,33.3,15.6,2.04,831,4.50,68,53.3,170,122,55,2.65,0.400,769,11.4,28.7,21,41,46.4,20,22.4,78.1,15.5,2.01,672,24.2,96.7,9.84,0.568,6.80,0.0920,0.130,0.0460,0.0230,3.80
B6.A-Chr18,f,4396F02,10.5,9.70,8.30,88,1.30,1.40,0.800,0.300,301,14.5,14.4,43.4,44.7,14.9,33.4,33.3,15.2,2.05,1155,4.50,58,47.3,175,75,82,2.03,0.400,672,11.5,27.3,19.5,45.5,48.2,25.5,27.2,90,60,8.93,647,40,98.5,18.7,0.872,9.24,0.137,0.147,0.0840,0.0315,3.10
B6.A-Chr18,f,4396F03,9.11,9.66,7.30,90.1,0.600,1,0.600,0.500,377,14.3,14.5,43.3,44.8,14.8,33.1,33.4,16.4,2.14,1026,4.50,67,53.5,173,88,78,2.41,0.600,728,9.70,30,23.8,40.7,44.9,19,21,82.5,20.9,2.88,638,42.6,101,12.1,0.665,8.21,0.0547,0.0911,0.0547,0.0456,3.90
B6.A-Chr18,f,4396F04,9.97,9.60,4.90,92.7,0.700,0.600,1,0.200,211,14.5,14.1,42.7,44.4,15.1,34,33.1,15,1.90,952,4.70,82,64.6,192,105,52,2.22,0.300,752,10.7,29.1,21.8,40,44.7,19.5,21.5,79.8,10.8,1.44,627,23.6,113,15.9,0.489,9.24,0.0698,0.0598,0.0997,0.0199,2.20
B6.A-Chr18,f,4396F05,8.30,10.2,5.10,90.8,0.800,2.40,0.600,0.300,265,15,14.9,45.7,44.7,14.7,32.9,32.6,15.5,1.86,738,4.80,80,61,206,107,59,2.32,0.300,808,9.60,29.1,22.9,37.1,43.1,22,25.1,74.2,7.50,0.930,673,44.2,110,10.9,0.423,7.54,0.0664,0.199,0.0498,0.0249,2.60
B6.A-Chr18,f,4396F06,10.6,9.38,5.80,91.1,0.900,1,0.700,0.500,347,14.1,13.7,42.3,45.1,15,33.3,32.5,15.3,1.95,1019,4.80,88,63.8,228,102,121,2.09,0.600,740,11,29.6,22,41.6,46.2,20.5,22.2,81.2,16.7,2.25,650,36.4,116,13.4,0.615,9.66,0.0954,0.106,0.0742,0.0530,3.70
B6.A-Chr18,f,4396F07,9.68,9.42,6.30,90,1,1.50,0.800,0.300,386,13.9,13.8,41.8,44.4,14.7,33.2,33,15.1,1.92,1012,4.60,78,55.8,253,108,96,2.10,0.800,741,10.8,30.1,22.6,39.8,44.3,28.5,29.7,81,17.4,2.34,655,34.4,124,21.9,0.610,8.71,0.0968,0.145,0.0774,0.0290,4.10
B6.A-Chr18,f,4396F08,8.53,9.48,5.50,90.7,1.20,1.60,0.700,0.300,332,14.1,13.7,41.5,43.8,14.9,34,33,14.9,1.94,1115,4.50,66,51.3,209,68,133,1.65,0.600,710,11,29.9,22.4,40.7,44.3,22.5,24.3,84.6,27.5,3.87,630,51.1,119,19.3,0.469,7.74,0.102,0.136,0.0597,0.0256,3.50
B6.A-Chr18,m,4396M01,6.49,9.22,8.10,86.6,0.700,1.60,2.30,0.600,452,13.9,14.1,42.8,46.4,15.1,32.5,33,15.5,2.03,1338,4.40,91,74.4,228,139,82,2.62,0.400,715,9.80,28.4,22.1,42.2,46,10.5,10.9,83.9,17,2.38,570,38.1,110,31.9,0.526,5.62,0.0454,0.104,0.149,0.0389,4.90
B6.A-Chr18,m,4396M02,10.5,9.43,7.20,87.2,0.300,2.30,2.30,0.700,528,13.9,14.3,43.5,46.2,14.8,32,32.8,15.8,2.09,1402,4.40,76,64.5,249,97,74,1.96,0.500,768,10.2,27.3,20.7,40.1,45.3,21,24.6,78.1,7.90,1.02,630,30.6,121,18.3,0.756,9.16,0.0315,0.241,0.241,0.0735,5.60
B6.A-Chr18,m,4396M03,7.09,9.20,8.20,85.7,0.800,1.80,2.80,0.700,570,14,14,42.5,46.1,15.2,33,33.1,15.2,2.05,1425,4.40,90,74.3,221,131,85,2.55,0.500,735,9.30,30.8,24.5,39.6,43.8,22.5,25,81.7,14.2,1.93,592,33.7,124,15.6,0.581,6.08,0.0567,0.128,0.199,0.0496,6.20
B6.A-Chr18,m,4396M04,8.63,9.73,6.90,88.2,0.600,1.60,1.90,0.700,535,14.1,14.7,44.6,45.9,14.5,31.7,32.9,15.3,2.05,1209,4.30,96,80.2,251,123,84,2.41,0.400,756,10.5,28.7,21.4,39.8,44.7,23,25.2,79.4,17.3,2.29,565,40.8,125,19.6,0.595,7.61,0.0518,0.138,0.164,0.0604,5.50
B6.A-Chr18,m,4396M05,10.2,9.66,7.90,88.6,0.300,1.20,1.60,0.300,647,14.4,14.3,44.1,45.7,14.9,32.6,32.5,15.7,2.15,1149,4.50,103,80.3,233,163,160,3.07,0.500,791,10.3,27.2,20.3,38.8,44.5,24,28.1,75.8,5.90,0.750,647,31.1,103,17.4,0.806,9.04,0.0306,0.122,0.163,0.0306,6.70
B6.A-Chr18,m,4396M06,9.48,9.49,7.20,87.6,0.300,1.40,3.30,0.200,759,14,13.9,43.2,45.5,14.8,32.5,32.3,16.5,2.21,1286,4.60,94,76.1,183,123,73,3.03,0.300,731,10,28.6,21.7,40.9,45.2,25,27.9,82.1,12.9,1.76,610,43.4,129,13.5,0.683,8.30,0.0284,0.133,0.313,0.0190,8
B6.A-Chr18,m,4396M07,9.43,10.1,5.30,90.4,0.300,1.20,2.60,0.300,717,15,14.9,46.8,46.2,14.8,32.1,31.9,15.8,2.21,1204,4.50,101,83.4,182,147,56,2.71,0.300,744,10.3,29.2,22.3,40.4,45,27.5,29.7,80.7,16.5,2.22,548,25.4,104,9.59,0.500,8.52,0.0283,0.113,0.245,0.0283,7.10
B6.A-Chr18,m,4396M08,14.2,9.13,5.60,90.5,0.500,1.30,1.80,0.400,520,13.7,13.3,41.1,45,15,33.3,32.4,15.6,2.20,1339,4.50,92,75,212,131,87,3.22,0.500,727,10.8,29,21.6,43.1,47.5,11,12.9,82.6,14.1,1.93,537,17.6,74.5,23.4,0.795,12.9,0.0710,0.185,0.256,0.0568,5.70
B6.A-Chr19,f,4397F01,9.08,9.48,5.70,90.8,0.800,1.80,0.400,0.600,303,14.5,15.4,44.3,46.8,15.3,32.7,34.7,15,2.45,977,4.30,77,60.3,247,95,69,1.88,0.500,762,11.1,31.9,24.3,42,47.3,17,18.7,78.7,15,1.97,481,62.8,130,33.2,0.518,8.24,0.0726,0.163,0.0363,0.0545,3.20
B6.A-Chr19,f,4397F02,9.39,9.54,6.40,90.6,0.600,1.40,0.600,0.400,162,15.2,15.8,45.5,47.7,15.9,33.4,34.8,14.4,2.27,1169,4.30,76,63,225,68,64,1.69,0.500,775,9.80,30.8,24.4,38.9,44.2,21.5,24.3,77.5,5.10,0.660,490,54.2,103,21.9,0.601,8.51,0.0563,0.131,0.0563,0.0376,1.70
B6.A-Chr19,f,4397F03,11.6,9.67,5.60,90.6,0.900,1.70,0.600,0.700,319,15,15.9,45.7,47.3,15.5,32.8,34.8,14.9,2.40,977,4.30,74,60.7,264,99,66,2.30,0.300,779,10.1,30.7,23.8,40.3,45.9,13,14.4,77,7.40,0.950,555,53,152,34.2,0.650,10.5,0.104,0.197,0.0696,0.0812,3.30
B6.A-Chr19,f,4397F04,9.17,9.77,6.20,89.9,1.20,1.80,0.600,0.400,205,15.7,16.2,46.9,48,16.1,33.5,34.5,15.2,2.27,962,4.40,82,63.4,231,130,138,2.65,0.400,755,10.6,30.8,23.7,39.8,44.6,22.5,25.2,79.4,9.80,1.30,526,41.6,120,20.8,0.569,8.24,0.110,0.165,0.0550,0.0367,2.10
B6.A-Chr19,f,4397F05,4.69,9.25,6,91.6,0.400,1.10,0.700,0.200,222,14.3,13.9,42.5,46,15.5,33.6,32.8,15.2,1.81,1108,5.30,82,65.2,247,115,77,2.31,0.400,660,11.6,31.8,23.8,44.6,46.7,25.5,28.1,91.6,53.4,8.09,666,42.2,129,15.2,0.281,4.30,0.0188,0.0516,0.0328,0.00938,2.40
B6.A-Chr19,f,4397F06,9.67,9.81,5.20,91.6,1.10,1,1,0.200,167,15.4,14.8,45.6,46.5,15.6,33.6,32.4,15.2,1.74,971,4.70,82,65.9,262,80,,,,777,11,31.2,23.6,42.8,48.7,9,9.80,77.3,6.80,0.880,624,23.1,128,17,0.503,8.86,0.106,0.0967,0.0967,0.0193,1.70
B6.A-Chr19,f,4397F07,9.79,9.35,5.10,91.7,1,1.20,0.800,0.200,243,14.2,13.8,42.4,45.3,15.2,33.5,32.6,15.1,1.76,1240,4.60,82,63,253,80,64,2.20,0.500,744,10.5,31.3,24,40.7,45.4,23.5,26.2,80.6,18.1,2.43,578,34.3,106,20.9,0.499,8.98,0.0979,0.117,0.0783,0.0196,2.60
B6.A-Chr19,f,4397F08,10.6,8.80,6.30,90.5,0.700,1.20,0.900,0.400,273,13.9,13.1,40,45.5,15.8,34.8,32.9,15,1.88,1183,4.60,93,70.8,222,130,70,2.79,0.400,680,10.6,32.2,25.1,43.3,46.2,32.5,34,88.5,32.6,4.80,623,36.6,119,12.1,0.668,9.59,0.0742,0.127,0.0954,0.0424,3.10
B6.A-Chr19,m,4397M01,11.1,9.56,8.30,86.6,1.50,2.30,0.900,0.500,315,14.6,15.4,44.2,46.2,15.3,33.1,34.8,15.5,2.40,1234,4.30,107,86.1,236,189,77,3.62,0.400,767,9.80,31.2,24.5,38.2,43.2,29,32.8,78.3,5.60,0.740,518,94.6,134,15.1,0.921,9.61,0.167,0.255,0.0999,0.0555,3.30
B6.A-Chr19,m,4397M02,9.54,10.1,6.90,89.5,0.800,1.60,0.800,0.400,374,16,16.1,49.7,49.4,15.9,32.1,32.4,16.1,2.16,919,4.50,96,76,217,160,78,3.01,0.400,748,11,31.2,23.8,38.9,43.4,25.5,27.9,80.2,13.3,1.77,505,52.2,121,23.3,0.658,8.54,0.0763,0.153,0.0763,0.0382,3.70
B6.A-Chr19,m,4397M03,8.26,9.86,6.50,89.3,1.30,2.20,0.500,0.300,325,15.3,15.8,46.5,47.1,15.5,32.9,33.9,15.5,2.28,1307,4.20,106,90.2,211,155,69,3.45,0.500,768,10.3,30.9,23.8,42,47.5,19,22.4,78.3,35.8,4.66,487,42.5,130,21.2,0.537,7.38,0.107,0.182,0.0413,0.0248,3.30
B6.A-Chr19,m,4397M04,10.7,9.34,9.10,87,1.50,1.50,0.500,0.400,336,14.6,15.2,44.1,47.3,15.7,33.2,34.4,15.8,2.40,1236,4.20,108,88.8,240,109,69,2.85,0.300,783,10.5,30.7,23.5,41,46.8,16,18.1,76.7,6.40,0.820,523,42.9,120,17.1,0.974,9.31,0.161,0.161,0.0535,0.0428,3.60
B6.A-Chr19,m,4397M05,10.4,9.52,5.50,90.3,1,2,1,0.300,409,14.3,14.2,45.2,47.5,15,31.6,31.4,14.3,1.79,1143,4.90,103,88.7,288,116,70,3.27,0.500,743,10.4,31.9,24.8,40.4,44.9,25.5,29.3,80.9,18.2,2.45,571,44.2,109,31.4,0.572,9.39,0.104,0.208,0.104,0.0312,4.30
B6.A-Chr19,m,4397M06,,,,,,,,,,,,,,,,,,,,,122,101,280,131,76,2.83,0.500,807,10.2,30.1,23.8,42.3,49.1,9,10.9,74.4,6.40,0.790,499,72.1,137,33.2,,,,,,,
B6.A-Chr19,m,4397M07,13.9,9.70,7.30,88.1,1.30,1,2,0.400,272,15.1,14.6,46.6,48,15.5,32.3,31.3,15,1.68,1195,4.80,124,103,269,131,66,3.02,0.500,803,9.90,30.4,24.1,39.2,45.4,13,15.1,74.7,9.40,1.17,504,63,121,25.1,1.01,12.2,0.181,0.139,0.278,0.0556,2.80
B6.A-Chr19,m,4397M08,11.2,9.07,6.30,90.3,1.10,1.30,0.800,0.200,254,14.3,13.8,43.4,47.9,15.8,33,31.7,15.6,1.75,1144,4.80,121,100,255,136,,2.69,,756,10.6,30.7,23.9,41.3,46.4,21.5,24.6,79.4,15.4,2.04,458,81.3,114,30.2,0.706,10.1,0.123,0.146,0.0896,0.0224,2.80
B6.A-Chr1,f,4379F01,7.76,8.94,8.50,87,0.400,2.60,1.20,0.200,232,13.8,13.7,40.7,45.6,15.5,34,33.7,15.1,1.97,1088,4.50,79,59.4,198,100,,,,770,10.5,31.3,24.1,43,48.7,15,15.8,77.9,19.1,2.48,577,118,132,22.7,0.660,6.75,0.0310,0.202,0.0931,0.0155,2.60
B6.A-Chr1,f,4379F02,11.2,9.31,7.90,86.9,0.600,3,1,0.500,447,14.4,14.5,43.9,47.1,15.5,32.9,33.1,15.7,2.08,775,4.60,75,58.3,189,92,56,2.24,,756,9.10,31.8,25.9,42,47.2,22.5,26,79.4,21,2.78,546,76.7,117,15.4,0.885,9.73,0.0672,0.336,0.112,0.0560,4.80
B6.A-Chr1,f,4379F03,8.96,9.16,9.30,85.6,0.700,2.60,1.50,0.400,284,14.4,14.2,42.5,46.4,15.7,33.7,33.4,15.6,2,966,4.60,77,59.1,150,68,,,,739,11,32.8,26,37.3,41.4,24,27.1,81.2,16.2,2.20,559,62.2,109,15.4,0.833,7.67,0.0627,0.233,0.134,0.0358,3.10
B6.A-Chr1,f,4379F04,8.93,8.85,10.6,85.5,0.700,2.20,0.600,0.300,354,13.3,13.6,40.6,45.9,15,32.6,33.4,15.4,2.05,991,4.60,74,56.1,194,106,,,,772,11.2,30.2,22.3,43,48.8,19.5,22.4,77.7,16.6,2.15,493,68.5,111,25.5,0.947,7.64,0.0625,0.196,0.0536,0.0268,4
B6.A-Chr1,f,4379F05,11.3,8.83,10.7,82.5,0.800,2.60,2.50,0.900,397,12.9,13.4,40.7,46,14.6,31.8,33,17.7,2.42,1282,4.40,90,71.7,144,112,82,2.89,0.400,754,10.8,30,22.4,47,52.6,5.50,6.80,79.6,7.40,0.980,640,28.1,149,14.5,1.21,9.32,0.0904,0.294,0.282,0.102,4.50
B6.A-Chr1,f,4379F06,9.22,9.07,7.80,83.3,0.800,5.40,1.90,0.800,299,14.4,14.4,43.8,48.2,15.9,32.9,32.8,16.2,2.05,1041,4.80,94,74.7,207,126,74,3.27,0.400,787,9.90,30.4,24,40.1,46,21.5,24.9,76.2,3.80,0.480,688,35.4,144,14,0.719,7.68,0.0738,0.498,0.175,0.0738,3.30
B6.A-Chr1,f,4379F07,9.87,8.97,7.80,86.1,0.500,2.80,2,0.700,413,13.9,14.1,42.4,47.3,15.5,32.8,33.2,16.2,2.04,1126,4.50,81,65.7,193,83,72,2.31,0.400,774,10.6,30.7,23.7,41.6,47.2,21.5,24.5,77.5,5.40,0.690,689,48.3,123,11.1,0.770,8.50,0.0493,0.276,0.197,0.0691,4.60
B6.A-Chr1,f,4379F08,11.7,9.19,10.9,81.5,1.10,2.50,2.90,1,441,13.8,14.4,43.7,47.5,15,31.6,33,18.3,2.22,727,4.60,55,34.4,138,81,90,2.33,0.500,752,11.9,31.8,24.1,44.6,49.9,23,25.8,79.8,6.20,0.830,636,43.1,81.5,6.44,1.28,9.54,0.129,0.292,0.339,0.117,4.80
B6.A-Chr1,m,4379M01,10.5,9.16,11.6,83.5,0.600,2.20,1.80,0.200,211,14.8,14.2,42.6,46.5,16.1,34.7,33.4,14,1.86,1086,4.60,121,96.8,203,172,72,2.86,0.600,773,11,29.8,22.4,36.8,41.7,16.5,18.8,77.7,6.50,0.840,622,49.7,104,8.69,1.22,8.77,0.0630,0.231,0.189,0.0210,2.30
B6.A-Chr1,m,4379M02,7.98,8.78,9.50,84.7,0.900,2.60,1.80,0.600,140,13.7,13.5,40,45.5,15.6,34.3,33.7,13.8,1.87,1193,4.50,114,90.2,240,145,102,3.26,0.600,765,9.80,30.7,24,38.6,43.7,23.5,27,78.4,10.1,1.32,629,39.5,114,11.7,0.758,6.76,0.0718,0.207,0.144,0.0479,1.60
B6.A-Chr1,m,4379M03,10.2,8.84,10.5,84.9,0.800,2.50,1.10,0.400,141,14,13.5,40.2,45.4,15.9,34.9,33.7,13.8,1.87,1087,4.40,109,89.1,250,107,91,2.57,0.500,779,10.1,29.4,22.5,38.2,43.6,23,25.9,77,7.40,0.950,628,35.1,108,6.79,1.07,8.66,0.0816,0.255,0.112,0.0408,1.60
B6.A-Chr1,m,4379M04,11.2,9.37,11.1,82.5,0.900,3.50,1.60,0.400,206,14.5,14.4,43.3,46.2,15.5,33.5,33.4,13.7,1.86,850,4.60,108,88.5,250,114,,2.40,,806,9.80,26.6,19.9,38.1,44.1,20.5,23.8,74.4,3.90,0.490,652,44.9,112,12,1.24,9.24,0.101,0.392,0.179,0.0448,2.20
B6.A-Chr1,m,4379M05,11.1,9.18,7.60,87.5,0.500,2.60,1.20,0.600,340,13.4,14.2,42.6,46.4,14.6,31.5,33.2,15.5,2.07,1202,4.40,112,95.9,259,133,62,3.13,0.400,805,10.1,30.3,23.7,39.7,46,18,21.2,74.5,8.30,1.03,477,36,116,27.9,0.844,9.71,0.0555,0.289,0.133,0.0666,3.70
B6.A-Chr1,m,4379M06,12,9.62,10.7,85,0.600,2.20,0.900,0.600,298,14.8,14.8,45.6,47.3,15.3,32.4,32.6,15.2,2.02,1078,4.50,109,92.3,280,106,74,2.90,0.500,749,10.2,29.1,22.4,39.9,44.5,18,20.2,80.1,14.3,1.91,436,40,105,18,1.28,10.2,0.0720,0.264,0.108,0.0720,3.10
B6.A-Chr1,m,4379M07,9.98,8.95,8.70,84.8,0.700,2.90,2,0.800,295,13,13.8,42.2,47.2,14.6,30.9,32.7,16,2.04,1160,4.40,108,91.2,215,118,65,2.94,0.400,828,9.80,29.2,22.5,38.9,45.7,13,15.3,72.5,11.7,1.42,510,45.5,114,11.5,0.868,8.46,0.0699,0.289,0.200,0.0798,3.30
B6.A-Chr1,m,4379M08,10.1,8.89,8.60,85.3,0.700,3,1.80,0.600,302,13.4,13.8,42,47.3,15.1,31.9,32.9,15.5,2.05,1043,4.50,108,92.8,218,137,72,3.10,0.500,773,10.8,31.3,23.8,38,43.1,24,27.4,77.6,7.40,0.960,477,59.9,119,27,0.869,8.62,0.0707,0.303,0.182,0.0606,3.40
B6.A-Chr2,f,4380F01,11.8,9.05,7.10,87.9,0.600,1.30,2.30,0.900,299,13.5,14,42.2,46.6,14.9,32,33.1,14.8,1.89,1152,4.50,68,56.1,164,92,71,2.24,0.300,768,9.60,30.3,24.3,40.7,46.1,10.5,11.5,78.1,14.8,1.93,592,28.9,132,15,0.838,10.4,0.0708,0.153,0.271,0.106,3.30
B6.A-Chr2,f,4380F02,,,,,,,,,,,,,,,,,,,,,85,66.3,156,125,76,2.86,0.300,692,11.6,31.5,23.5,44.3,47.6,10.5,12,86.8,25.3,3.66,621,50.7,99.8,9.22,,,,,,,
B6.A-Chr2,f,4380F03,11.5,9.26,5.20,91.2,0.500,1.10,1.40,0.600,296,13.8,14.2,43,46.4,14.9,32,33,15.5,2.04,1149,4.50,82,65.7,200,123,106,2.53,0.500,760,10.9,30.1,22.8,42.6,47.9,22,25,79,16.1,2.11,590,94.2,130,15.4,0.598,10.5,0.0575,0.127,0.161,0.0690,3.20
B6.A-Chr2,f,4380F04,11.5,8.92,5.20,90.6,0.500,1.80,1.10,0.800,241,13.4,13.6,40.7,45.6,15,32.9,33.5,14.4,1.92,1265,4.50,91,68,195,106,73,2.31,0.400,781,10,30.1,23.5,41.9,47.8,19,21.2,76.9,10.6,1.36,638,47,129,17.1,0.598,10.4,0.0575,0.207,0.127,0.0920,2.70
B6.A-Chr2,f,4380F05,7.92,8.74,6.80,90.3,0.700,1.30,0.500,0.400,306,13.1,12.9,39.1,44.7,15,33.6,32.9,15.5,2.04,1194,4.60,84,63.7,152,137,63,3.02,0.400,737,10.5,32.2,25,43.9,48.5,30.5,33.3,82,54.1,7.35,588,35.9,108,28.3,0.539,7.15,0.0554,0.103,0.0396,0.0317,3.50
B6.A-Chr2,f,4380F06,11.9,9,7.40,88.4,0.300,1.60,2,0.300,324,13.3,13.4,40.7,45.2,14.7,32.6,33,16.2,1.99,982,4.50,76,57.5,182,121,105,2.83,0.400,703,9.50,30.5,24.6,40.8,44.2,9,9.40,85.4,14.2,2.02,622,44.7,109,16.8,0.881,10.5,0.0357,0.190,0.238,0.0357,3.60
B6.A-Chr2,f,4380F07,13.6,8.99,7.70,88.1,0.600,1.80,1.40,0.500,297,13.1,13.2,39.8,44.3,14.5,32.9,33.2,14.7,1.92,1197,4.50,72,54.9,154,144,82,2.81,0.300,751,10.9,29.8,22.3,41.8,46.9,21.5,23.1,79.9,17.2,2.29,552,31.3,103,10.2,1.05,12,0.0816,0.245,0.190,0.0680,3.30
B6.A-Chr2,f,4380F08,11.3,8.79,7.50,88.3,0.400,1.10,2.30,0.300,360,13.6,13.3,40.5,46,15.5,33.7,32.8,15.5,1.94,1010,4.60,82,62.8,191,128,108,2.62,0.300,737,9.10,31.9,25.8,43.9,48.7,14,15.6,81.4,13.9,1.89,556,21.9,101,17.5,0.848,9.98,0.0452,0.124,0.260,0.0339,4.10
B6.A-Chr2,m,4380M01,8.91,9.76,11,83.9,0.800,1.40,2.40,0.500,351,14,14.2,43,44.1,14.4,32.6,33,15,1.86,1241,4.50,108,83.6,221,110,139,2.05,1.40,793,10.4,30.5,23.5,40.9,47,22,24.8,75.7,6.50,0.820,505,69.4,103,12.8,0.980,7.48,0.0713,0.125,0.214,0.0445,3.60
B6.A-Chr2,m,4380M02,11.5,9.54,9.90,85,0.800,1.20,2.60,0.400,353,13.9,14,42.7,44.8,14.6,32.5,32.7,15.1,1.94,1249,4.40,99,79.2,255,128,66,2.47,0.600,804,10.4,29,21.9,40.5,46.9,10.5,12.4,74.6,5.90,0.730,436,35.2,137,28.7,1.14,9.78,0.0920,0.138,0.299,0.0460,3.70
B6.A-Chr2,m,4380M03,8.67,9.63,12,84.8,0.600,0.900,1.30,0.300,337,14,14.1,43,44.6,14.5,32.6,32.9,14.9,1.94,1247,4.40,98,78.7,242,148,92,2.63,0.600,696,10.4,31.6,24.7,47.8,51.4,10,10.7,86.4,34.9,5.01,436,31.2,109,23.7,1.04,7.35,0.0520,0.0780,0.113,0.0260,3.50
B6.A-Chr2,m,4380M04,9.53,9.42,8.50,86.6,0.900,1.30,2.40,0.300,330,13.4,13.7,41.3,43.8,14.2,32.5,33.1,15.5,1.93,1232,4.50,92,73.8,203,130,83,2.29,0.600,742,9.70,30.9,24.6,45.3,50.4,16,18.1,80.9,9.30,1.26,431,43.4,106,14.6,0.810,8.25,0.0858,0.124,0.229,0.0286,3.50
B6.A-Chr2,m,4380M05,8.58,9.12,7,87.6,0.900,1.40,2.70,0.300,502,13.2,13.2,40.4,44.3,14.5,32.8,32.8,15.9,2.12,1382,4.60,99,77.2,193,142,60,2.77,0.600,733,9.70,30.1,23.5,41.5,45.9,27.5,30.6,81.9,11.4,1.56,489,65.2,131,30.4,0.601,7.52,0.0772,0.120,0.232,0.0257,5.50
B6.A-Chr2,m,4380M06,13.5,9.51,7,89.2,0.600,1.20,1.80,0.300,371,13.8,13.8,42.4,44.6,14.5,32.4,32.4,16.1,1.95,1168,4.50,106,83.3,184,179,,,,768,10.1,27.3,20.6,40,45.3,20,22.2,78.2,7.30,0.950,510,105,112,15.4,0.945,12,0.0810,0.162,0.243,0.0405,3.90
B6.A-Chr2,m,4380M07,10.6,9.64,7,88.5,0.700,1.60,1.80,0.300,443,13.8,14.1,42.7,44.3,14.3,32.2,33,15.6,1.98,1293,4.40,108,83.8,227,174,,,,747,10.7,29,21.6,41.3,46.1,16,17.7,80.3,7.10,0.960,439,26.5,123,27.2,0.742,9.38,0.0742,0.170,0.191,0.0318,4.60
B6.A-Chr2,m,4380M08,11.4,9.34,8.70,85.9,1.10,1.70,2.20,0.400,383,13.8,13.6,40.6,43.4,14.8,34,33.5,14.9,1.95,1289,4.40,109,87.2,225,161,,,,778,9.80,30.6,23.8,39.6,45.1,24,26.7,77.2,12.3,1.58,540,85.8,104,20.5,0.992,9.79,0.125,0.194,0.251,0.0456,4.10
B6.A-Chr3,f,4381F01,8.34,9.32,4.30,90.9,0.300,1.40,2.20,0.800,615,14.3,14.3,43.1,46.2,15.3,33.1,33.2,17,2.13,1186,4.40,73,56.8,193,129,82,2.69,0.300,775,11.6,17.6,11.7,43.1,48.9,20,22.8,77.4,6.40,0.820,644,49.3,117,15.4,0.359,7.58,0.0250,0.117,0.183,0.0667,6.60
B6.A-Chr3,f,4381F02,9.72,8.32,12.3,83.6,0.300,1.20,2,0.600,699,12.5,12.7,38.8,46.6,15,32.3,32.8,18,2.26,1527,4.40,71,55.2,185,115,70,2.32,0.400,793,9.70,28.8,22.5,38.3,44,14,15.5,75.7,9.90,1.25,615,30.5,113,20.4,1.20,8.13,0.0292,0.117,0.194,0.0583,8.40
B6.A-Chr3,f,4381F03,8.64,8.56,5.70,89.9,0.400,1.20,1.80,1.10,402,12.9,12.9,38.4,44.8,15,33.6,33.7,17.1,2.15,1320,4.30,76,60.1,192,107,74,2.06,0.300,733,11.3,28.2,20.5,41.7,46.1,24,26.8,81.9,6.60,0.900,597,39.1,137,16.4,0.492,7.77,0.0346,0.104,0.156,0.0950,4.70
B6.A-Chr3,f,4381F04,7.01,9.22,7.90,88,0.400,1.40,1.50,0.700,387,13.8,14.1,42.2,45.8,15,32.7,33.5,17.5,2.10,1177,4.30,60,49.6,229,93,70,2.02,0.400,737,10.8,27.3,19.7,38.9,43.1,23,26.7,81.4,17.2,2.33,625,42,137,31.9,0.554,6.17,0.0280,0.0981,0.105,0.0491,4.20
B6.A-Chr3,f,4381F05,10.1,9.41,6.80,89.7,0.600,1.60,1.10,0.200,301,13.6,13.5,41.9,44.5,14.5,32.5,32.2,15.8,1.87,1031,4.50,65,57.3,190,83,51,2.19,0.300,732,7.70,25.8,21.2,40.6,44.8,13,14,82,5.80,0.790,658,33.8,129,15.5,0.687,9.06,0.0606,0.162,0.111,0.0202,3.20
B6.A-Chr3,f,4381F06,8.32,9.53,5.90,90.4,0.500,2.40,0.600,0.200,362,14.6,13.6,43,45.1,15.4,34.1,31.5,15.8,1.94,1040,4.70,77,65.4,200,111,83,3.10,0.400,735,10.6,29.9,22.8,41.1,45.5,20.5,22.9,81.6,10,1.36,623,27,127,23.4,0.491,7.52,0.0416,0.200,0.0499,0.0166,3.80
B6.A-Chr3,f,4381F07,8.35,9.91,6.20,89.5,0.600,2,1.30,0.400,238,14.4,14,44.3,44.7,14.5,32.5,31.7,14.6,1.86,918,4.90,84,67.7,201,90,52,2.03,0.400,750,10.9,28.3,20.8,35.8,40.1,27.5,30.6,80.1,29.5,3.93,489,76.8,148,15.1,0.518,7.47,0.0501,0.167,0.109,0.0334,2.40
B6.A-Chr3,f,4381F08,8.47,10.1,7.90,88.7,0.800,1.30,1,0.300,212,14.7,14.5,44,43.7,14.6,33.4,32.9,14,1.88,882,4.50,87,73.1,210,104,77,2.70,0.600,767,9.70,27.9,21.6,36.6,41.4,17,18.7,78.2,13.8,1.80,511,62.5,123,21,0.669,7.51,0.0678,0.110,0.0847,0.0254,2.10
B6.A-Chr3,m,4381M01,14.2,9.69,7.40,88.5,1,2.30,0.600,0.400,203,14.8,14.4,43.9,45.3,15.3,33.7,32.8,14.8,1.86,1406,4.30,95,78.7,274,111,72,2.10,0.600,725,8.80,29.6,23.9,39.2,43.1,24.5,28.1,82.8,16.8,2.32,637,35.4,92.1,22.9,1.05,12.6,0.142,0.327,0.0852,0.0568,2.10
B6.A-Chr3,m,4381M02,14.1,9.57,6.60,88.6,1.30,2.20,0.900,0.400,153,14.8,14.7,44.6,46.7,15.5,33.2,32.9,15.8,1.88,1042,4.30,97,82.1,244,98,76,1.94,0.600,739,9.70,29.7,23,42.2,46.8,20.5,23.2,81.2,20.2,2.73,659,43.8,105,12.5,0.931,12.5,0.183,0.310,0.127,0.0564,1.60
B6.A-Chr3,m,4381M03,12.6,9.29,10.7,85.3,1.60,1.30,0.500,0.500,186,14.3,14.1,42.4,45.6,15.4,33.7,33.3,16.3,1.99,1221,4.30,96,78.8,223,104,79,2.15,0.600,799,8.40,29,23.5,38.5,44.4,20,23.4,75.1,7.80,0.970,609,67.5,98.8,15.4,1.35,10.7,0.202,0.164,0.0630,0.0630,2
B6.A-Chr3,m,4381M04,11.6,9.11,12.9,81.3,2.70,1.50,1,0.600,182,14,13.7,40.9,45,15.3,34.1,33.4,16,1.98,1343,4.20,102,83.6,260,129,59,2.24,0.100,766,10.6,27.9,20.6,42.2,47.7,10.5,11.6,78.4,10.9,1.42,619,40.7,92.1,16.4,1.50,9.43,0.313,0.174,0.116,0.0696,2
B6.A-Chr3,m,4381M05,9.13,9.44,6.80,89.3,1.20,2,0.500,0.200,151,14.6,14,42.2,44.7,15.5,34.7,33.1,15.2,1.83,1181,4.20,110,88.2,201,176,91,2.84,0.800,668,10.6,31.6,24,43,45.3,24,25.2,89.9,15.3,2.28,632,40.3,102,11.1,0.621,8.15,0.110,0.183,0.0457,0.0183,1.60
B6.A-Chr3,m,4381M06,12.2,9.08,5.90,90.6,1.20,1.20,0.800,0.300,209,14.1,13.7,42.3,46.6,15.5,33.2,32.5,15.5,1.80,1473,4.30,95,75.6,219,141,155,2.31,1,703,9.30,31,24.7,43.8,47.4,11.5,13.2,85.5,29.5,4.20,595,33.3,106,13.3,0.720,11.1,0.146,0.146,0.0976,0.0366,2.30
B6.A-Chr3,m,4381M07,10.5,9.30,10.3,86.1,1.10,1.50,0.500,0.400,149,14.2,14,41.7,44.9,15.2,33.9,33.6,16.1,2.01,1359,4.20,87,70,228,130,117,2.23,0.800,661,10.9,29.2,21.4,43.3,44.7,39.5,31.6,92.8,90.5,13.7,634,57,101,10.2,1.08,9.04,0.116,0.158,0.0525,0.0420,1.60
B6.A-Chr3,m,4381M08,11.7,9.07,6.30,90.1,1.30,1.10,1,0.300,227,13.9,13.5,41,45.2,15.3,33.8,33,16.4,1.88,1310,4.20,102,80.9,274,132,71,2.26,0.600,736,9.70,32.5,26.1,43,47.7,23.5,25.9,81.6,14.4,1.96,506,30.2,95.5,9.46,0.737,10.5,0.152,0.129,0.117,0.0351,2.50
B6.A-Chr4,f,4382F01,8.10,9.52,8.60,87.2,1.70,1.90,0.400,0.200,209,14.5,14.6,44.6,46.8,15.2,32.5,32.8,16.1,1.92,1272,4.80,72,58.3,217,88,64,2.23,0.500,668,10.8,30.2,22.4,43.9,46.3,17.5,18,90,32.3,4.83,655,33.1,93.7,6.69,0.697,7.06,0.138,0.154,0.0324,0.0162,2.20
B6.A-Chr4,f,4382F02,6.63,9.27,11.4,84.4,1.10,2.60,0.300,0.200,158,13.8,14,41.5,44.8,14.9,33.3,33.8,15.8,2.05,1032,4.30,67,55.4,203,108,60,2.67,0.400,774,10.9,26.2,18.7,41.5,47.2,23.5,26.3,77.5,13.1,1.70,616,36.1,116,6.92,0.756,5.60,0.0729,0.172,0.0199,0.0133,1.70
B6.A-Chr4,f,4382F03,6.48,9.23,9.10,85.4,2,2.90,0.300,0.400,102,13.5,13.9,41.1,44.5,14.7,33,33.8,15.1,1.95,1031,4.50,71,57.9,167,110,,2.73,,667,9.20,21.1,16,47.6,50,63.5,78,95.9,137,20.6,662,36.1,108,28.3,0.590,5.53,0.130,0.188,0.0194,0.0259,1.10
B6.A-Chr4,f,4382F04,6.88,8.78,9.10,85.7,1.40,3,0.400,0.400,132,13.1,13.3,39.7,45.2,15,33.1,33.5,16.2,1.91,1103,4.50,67,52.7,162,98,64,2.30,0.500,705,10.6,29.8,22.4,43.1,46.7,30.5,30.8,85.2,28.7,4.07,687,42.4,96.3,11.9,0.626,5.90,0.0963,0.206,0.0275,0.0275,1.50
B6.A-Chr4,f,4382F05,8.77,9.32,6.90,90.3,0.500,1.50,0.600,0.200,252,13.9,14.1,42.4,45.4,14.9,32.7,33.2,15.4,1.90,1253,4.60,65,53.4,223,84,61,2.24,0.400,769,10,25.9,19.8,45,50.9,7,5.60,78.1,21.2,2.76,678,33.5,103,14,0.605,7.92,0.0439,0.132,0.0526,0.0175,2.70
B6.A-Chr4,f,4382F06,8.07,9.81,9.20,86.5,0.900,2,1,0.300,294,14.8,14.9,44.9,45.8,15.1,33.1,33.1,15.5,1.82,1049,4.60,69,55.2,241,91,67,2.25,0.400,774,11,30.2,22.9,45.8,51.9,12.5,10.5,77.7,35.7,4.62,639,53.3,108,8.20,0.742,6.98,0.0726,0.161,0.0807,0.0242,3
B6.A-Chr4,f,4382F07,7.36,8.98,8.80,86.5,1.10,2.80,0.600,0.200,251,13.7,13.4,40.3,44.9,15.2,33.9,33.3,15.9,1.96,1225,4.60,68,52,195,67,74,2.03,0.900,740,7.60,28.8,24.3,44.2,49.1,6.50,6.60,81.1,14.4,1.95,702,36.4,109,4.63,0.648,6.37,0.0810,0.206,0.0442,0.0147,2.80
B6.A-Chr4,f,4382F08,6.20,8.09,8.70,87.9,0.400,2.40,0.500,0.100,89.0,14,12,37.9,46.8,17.2,36.9,31.8,14.4,1.73,1225,5.20,74,59.3,197,120,,2.92,,756,10.5,28.3,21.3,40.1,45,19.5,22.2,79.5,26.8,3.55,614,34.8,134,7.04,0.539,5.45,0.0248,0.149,0.0310,0.00620,1.10
B6.A-Chr4,m,4382M01,7.51,9.54,12.5,84.1,1,1.20,1,0.300,286,14.3,14.4,44.8,46.9,14.9,31.9,32.2,15.7,1.78,1155,4.60,86,73.5,247,94,68,2.58,0.400,704,9.40,25.9,20.3,47.6,51.5,10,9.60,85.3,25.8,3.66,702,43.9,121,12.7,0.939,6.32,0.0751,0.0901,0.0751,0.0225,3
B6.A-Chr4,m,4382M02,7.72,9.49,9.30,87.4,1.10,1.10,0.900,0.200,361,14.3,14.2,44.4,46.8,15,32.1,32,16.7,1.91,1277,4.60,79,65,243,89,69,2.38,0.600,655,13,32,23.7,53.7,56.1,13,11.6,91.8,27.6,4.21,629,67.8,105,14,0.718,6.75,0.0849,0.0849,0.0695,0.0154,3.80
B6.A-Chr4,m,4382M03,,,,,,,,,,,,,,,,,,,,,86,74,237,91,108,2.37,0.500,771,10.5,27.6,20.8,45.3,51.4,5,5.10,77.8,13.8,1.79,672,54,105,9.88,,,,,,,
B6.A-Chr4,m,4382M04,6.57,9.26,10.5,86,1.20,1.30,0.800,0.100,352,14.1,14,43.8,47.3,15.2,32.2,32,16.9,1.93,1219,4.70,84,68.1,228,89,56,2.59,0.600,751,10.4,29.9,23,46.3,51.8,6,7.50,80,15.7,2.09,682,46.8,119,15.5,0.690,5.65,0.0788,0.0854,0.0526,0.00657,3.80
B6.A-Chr4,m,4382M05,9.72,8.99,23.3,73.1,0.800,1.80,0.800,0.300,324,13.7,13.4,42.2,47,15.3,32.5,31.8,15.2,1.88,1248,4.70,79,66.6,267,90,83,2.41,0.500,812,8.40,16.8,12.8,40.5,47.1,2,1.80,73.9,10.4,1.27,629,60.9,108,18.3,2.26,7.11,0.0778,0.175,0.0778,0.0292,3.60
B6.A-Chr4,m,4382M06,7.96,9.28,17,79.4,0.800,1.50,1.20,0.100,418,13.8,14,44.9,48.4,14.9,30.8,31.2,15.7,1.93,1228,4.80,82,69.9,271,92,118,2.17,,664,11.9,27.8,19.2,49.7,52.3,14,12.6,90.4,18.6,2.80,573,51.5,97.1,17.8,1.35,6.32,0.0637,0.119,0.0955,0.00796,4.50
B6.A-Chr4,m,4382M07,7.10,9.72,8.90,85.6,1.50,3.20,0.700,0.100,321,14.9,14.3,46.4,47.7,15.3,32.1,30.8,14.4,1.79,1341,5.10,84,70,227,94,51,2.39,0.400,755,10.9,27.8,21.1,44.4,49.8,23.5,26.3,79.5,9,1.19,589,32.2,109,20.2,0.632,6.08,0.106,0.227,0.0497,0.00710,3.30
B6.A-Chr4,m,4382M08,9.47,9.85,8.90,86.7,0.900,1.90,1.40,0.200,246,14.9,14.5,46.8,47.5,15.1,31.9,31,14.2,1.62,1409,4.90,87,75.3,247,124,45,2.79,0.400,824,9.40,27.8,21.3,39.9,46.7,8.50,9.70,72.8,9.90,1.20,653,32.8,116,23.1,0.843,8.21,0.0852,0.180,0.133,0.0189,2.50
B6.A-Chr5,f,4383F01,6.45,8.61,7.30,88.4,0.400,1.50,1.80,0.700,413,12.7,12.9,38.1,44.3,14.7,33.2,33.8,16,2.01,1130,4.50,67,55.4,250,100,52,2.24,0.200,686,9.50,31.1,24.7,42.4,45.2,48,50.8,88.7,67.3,9.81,500,52,128,24.9,0.471,5.70,0.0258,0.0968,0.116,0.0452,4.80
B6.A-Chr5,f,4383F02,9.25,9.25,5.30,90.6,0.400,1.80,1.40,0.500,314,13.4,14,41.3,44.7,14.4,32.3,33.9,15.7,2.05,1129,4.30,69,55.3,217,99,62,2.26,0.400,727,10.7,33.2,26.1,42.9,47.2,22.5,24.5,82.6,10.9,1.50,576,62,113,17.7,0.490,8.38,0.0370,0.167,0.130,0.0462,3.40
B6.A-Chr5,f,4383F03,7.09,9.22,9.30,86,0.400,2,1.70,0.600,562,13.5,13.9,41.6,45.1,14.6,32.4,33.4,16.4,2.05,1189,4.40,53,45,210,90,64,2.14,0.300,755,11.9,31.8,23.9,43.9,49.2,17,19,79.5,14.2,1.88,483,69.6,117,29.5,0.659,6.10,0.0284,0.142,0.121,0.0425,6.10
B6.A-Chr5,f,4383F04,11.4,9.36,6.80,86.8,0.500,3,2.50,0.400,440,13.5,14,42.4,45.3,14.4,31.8,33,16.7,2,1174,4.40,57,47.4,180,110,67,2.03,0.300,723,9,32.8,27,42.8,46.9,15.5,17.4,83.1,9.80,1.36,511,109,113,19.5,0.775,9.90,0.0570,0.342,0.285,0.0456,4.70
B6.A-Chr5,f,4383F05,7.01,9.46,7.30,85,6.90,0,0.400,0.300,284,14,14,41.9,44.3,14.8,33.5,33.3,16,1.83,1011,4.50,64,53.2,192,89,70,2.20,0.300,684,10.5,32.3,25.1,46.1,49.1,22,27.5,88.4,56.6,8.28,645,40.8,106,13.4,0.512,5.96,0.484,0,0.0280,0.0210,3
B6.A-Chr5,f,4383F06,8.71,9.73,5,91.9,0.800,1.20,0.800,0.200,302,14.5,14.5,43.4,44.6,14.9,33.3,33.4,16.2,1.86,1043,4.60,65,58.8,177,84,90,2.42,0.500,746,10.5,31.1,23.7,42.7,47.6,18.5,20.9,80.7,42.2,5.67,649,33.3,116,18.7,0.435,8,0.0697,0.105,0.0697,0.0174,3.10
B6.A-Chr5,f,4383F07,7.53,9.71,8.90,82.6,8,0,0.300,0.200,243,14.4,14.4,43.7,45.1,14.8,33,32.8,16.1,1.79,948,4.60,67,56.8,206,86,74,2.24,0.400,696,10.4,30.6,23.6,42.5,45.7,17,18.2,86.3,20.1,2.89,631,56,111,25.7,0.670,6.22,0.602,0,0.0226,0.0151,2.50
B6.A-Chr5,f,4383F08,11.2,9.90,4.60,91.7,0.700,1.80,0.700,0.400,624,15,14.6,44.1,44.5,15.1,33.9,33.2,17.8,1.99,918,4.50,57,48.2,191,81,62,2.01,0.300,781,10.9,30.5,23.1,40.2,45.8,20.5,23.3,76.9,3.10,0.400,630,42.7,118,15.9,0.515,10.3,0.0784,0.202,0.0784,0.0448,6.30
B6.A-Chr5,m,4383M01,9.52,8.67,6.20,88.3,0.400,1.50,3.30,0.300,720,13.4,13.1,39.8,45.9,15.4,33.7,32.8,15.8,2.11,1298,4.60,84,70.3,251,122,54,2.91,0.400,737,10.7,31.4,23.8,41.5,46,24,26.8,81.5,13.9,1.88,624,48.3,119,16.9,0.590,8.41,0.0381,0.143,0.314,0.0286,8.30
B6.A-Chr5,m,4383M02,9.37,9.48,4.30,91.5,0.300,1.20,2.20,0.400,483,14.1,14.2,42.6,45,14.8,33,33.3,14.3,1.90,1179,4.50,92,76.9,226,127,65,2.59,0.400,770,10.5,31.4,24.1,39.9,45.1,14.5,16,78,12.9,1.67,517,37.2,127,15.6,0.403,8.57,0.0281,0.112,0.206,0.0375,5.10
B6.A-Chr5,m,4383M03,9.07,9.28,5,90,0.300,1.70,2.80,0.200,427,13.9,13.8,41.8,45,15,33.3,33.1,14.5,1.95,1162,4.60,89,75.4,223,140,70,2.61,0.400,746,10.2,32,25.3,44.8,50,14,16.3,80.4,14,1.87,520,35.5,117,17,0.454,8.16,0.0272,0.154,0.254,0.0181,4.60
B6.A-Chr5,m,4383M04,11.4,9.05,5.60,90.5,0.400,1.30,1.70,0.400,570,13.9,13.4,41.3,45.6,15.4,33.8,32.5,15.5,2.05,1207,4.80,82,66.8,204,191,64,3.39,0.400,767,10,31.5,24.9,41.3,46.6,15.5,17.6,78.3,7.40,0.960,627,44.1,108,11.4,0.638,10.3,0.0456,0.148,0.194,0.0456,6.30
B6.A-Chr5,m,4383M05,9.70,9.68,7.90,88.3,0.300,1.50,1.30,0.500,503,15,14.4,46.5,48,15.5,32.3,31,16,2.52,1291,7.10,86,69.5,178,139,61,2.76,0.500,672,10.1,33.8,26.6,42.8,45.3,21.5,22.2,89.3,20.9,3.12,510,40.5,117,9.25,0.766,8.57,0.0291,0.145,0.126,0.0485,5.20
B6.A-Chr5,m,4383M06,8.18,9.29,8.70,87.6,0.300,1.40,1.80,0.300,539,14.2,13.9,43.7,47,15.3,32.5,31.8,15.2,1.92,1268,4.50,82,66.4,186,187,61,3.06,0.400,774,9.80,24.1,18.1,43,48.8,10.5,11,77.6,17,2.20,599,43,122,23,0.712,7.17,0.0245,0.115,0.147,0.0245,5.80
B6.A-Chr5,m,4383M07,7.59,9.01,6.50,89.6,1.20,1.70,0.700,0.400,360,13.2,13.1,40,44.5,14.7,33.1,32.7,16.8,1.85,1081,4.70,95,82.3,269,135,60,2.90,0.400,763,10.4,29.8,23,42.1,47.4,15.5,17.9,78.7,13.2,1.73,622,32.8,99.6,19.7,0.493,6.80,0.0911,0.129,0.0531,0.0304,4
B6.A-Chr5,m,4383M08,6.50,9.09,6.90,88.7,1.30,2.10,0.600,0.300,436,13.1,13.4,40.9,45,14.4,32.1,32.8,16.2,1.84,1115,4.60,97,85.9,246,117,62,2.77,0.600,769,9.60,30.9,24.4,43.1,48.8,10.5,11.9,78.1,26,3.38,622,39.9,106,22.6,0.449,5.77,0.0845,0.137,0.0390,0.0195,4.80
B6.A-Chr6,f,4384F01,10.1,9.45,10.1,84.9,1.70,2.20,0.600,0.500,198,14.4,14,41.8,44.2,15.2,34.4,33.5,15.4,2.03,885,4.50,72,64.1,194,96,91,2.09,0.300,741,10.3,29.8,22.5,42.5,47.2,21.5,23.5,81,14.1,1.90,639,34.4,114,27.6,1.02,8.57,0.172,0.222,0.0606,0.0505,2.10
B6.A-Chr6,f,4384F02,9.24,9.42,8.90,85.7,2.10,1.90,0.700,0.600,141,14.3,14,41.5,44,15.2,34.4,33.8,15.2,1.93,964,4.40,70,64.9,245,90,63,1.79,0.300,758,10,29.9,23.1,39.8,44.8,19,22,79.1,12.1,1.59,595,27.7,112,8.27,0.822,7.92,0.194,0.176,0.0647,0.0554,1.50
B6.A-Chr6,f,4384F03,6.23,9.91,9.80,83.5,2.30,3.50,0.400,0.400,149,14.9,14.4,43.4,43.9,15.1,34.4,33.2,14.4,1.82,920,4.30,79,67.9,178,113,114,2.45,0.500,,,,,,,,,,,,,,,,0.611,5.20,0.143,0.218,0.0249,0.0249,1.50
B6.A-Chr6,f,4384F04,7.79,9.44,7.90,88.2,1.70,1.20,0.400,0.600,142,14.6,13.9,41.8,44.2,15.4,34.9,33.4,14.8,1.94,928,4.50,70,59.9,168,103,86,2.65,0.400,758,10.7,30.9,23.5,39.8,44.7,23.5,26.3,79.2,14.6,1.93,577,41.7,128,26.7,0.615,6.87,0.132,0.0935,0.0312,0.0467,1.50
B6.A-Chr6,f,4384F05,4.85,9.47,7.80,88.8,1.20,1.30,0.400,0.400,152,14.5,14.3,42.7,45.1,15.4,34,33.4,15.2,1.88,927,4.50,78,68.5,223,117,76,2.28,0.300,761,10.7,29.2,21.9,41.7,46.9,20,22,78.9,23.8,3.13,654,52,136,10.9,0.378,4.31,0.0582,0.0630,0.0194,0.0194,1.60
B6.A-Chr6,f,4384F06,7.65,10,9.50,86.7,1.30,1.50,0.600,0.400,140,15,14.9,44.1,44.1,15,34.1,33.7,14.8,1.84,1000,4.40,72,64.8,208,94,117,2.13,0.700,775,10.7,30.7,23.5,37.2,42.2,19,21.8,77.5,11,1.42,600,40,130,24.6,0.727,6.63,0.0994,0.115,0.0459,0.0306,1.40
B6.A-Chr6,f,4384F07,6.50,9.50,8.40,87.8,1.30,1.40,0.400,0.800,218,14.1,14.2,42.3,44.5,14.8,33.4,33.5,15,1.88,937,4.30,70,62.8,252,94,,2.02,,751,10.5,31.9,24.5,43.6,48.8,20,22.2,79.9,13,1.73,574,28.6,134,12.4,0.546,5.71,0.0845,0.0910,0.0260,0.0520,2.30
B6.A-Chr6,f,4384F08,8.40,9.71,9.50,86,1.50,1.90,0.400,0.800,291,14.8,14.5,43.5,44.8,15.2,34,33.4,15.4,2,701,4.50,80,70.1,240,110,77,2.36,0.400,666,10.9,32.1,24.7,46.1,48.5,16,18.5,90.3,33.8,5.07,633,35.1,119,26.7,0.798,7.22,0.126,0.160,0.0336,0.0672,3
B6.A-Chr6,m,4384M01,5.75,8.91,17.6,77.3,1.30,1.40,2.40,0.100,339,13.5,13.4,40.1,45.1,15.2,33.7,33.3,15.6,2.02,1173,4.40,95,81.4,261,95,81,1.93,0.500,751,9.90,32.2,25.6,40.9,45.8,23,26.3,80,16.6,2.21,581,50.4,129,8.16,1.01,4.44,0.0747,0.0805,0.138,0.00575,3.80
B6.A-Chr6,m,4384M02,9.51,9.63,7.60,88.3,0.700,1,1.50,0.800,366,14.6,14.1,43.1,44.8,15.2,34,32.8,15.5,2.11,1293,4.80,102,85.6,273,141,117,2.81,0.700,777,9.60,29.2,22.7,38.2,43.5,26.5,30.1,77.2,9.30,1.19,556,81.7,123,26.3,0.723,8.40,0.0666,0.0951,0.143,0.0761,3.80
B6.A-Chr6,m,4384M03,6.48,8.64,6.40,89.7,0.900,0.600,2.10,0.300,354,11.5,12.8,37.3,43.1,13.3,31,34.2,15.8,2.23,1222,4.50,97,78,238,152,73,2.63,0.700,761,10.1,30.4,23.5,43.6,49.1,10.5,11.7,78.9,6.70,0.880,544,54.2,121,13.5,0.415,5.81,0.0583,0.0389,0.136,0.0194,4.10
B6.A-Chr6,m,4384M04,9.22,8.36,13.1,82.3,1.20,1,2,0.500,527,11.8,12.5,37,44.3,14.1,31.9,33.7,16.8,2.28,1258,4.40,103,87.5,223,131,134,2.46,0.700,746,9.50,30.5,24.1,42.2,47,17.5,17.8,80.6,32.2,4.31,555,43.3,110,9.21,1.21,7.59,0.111,0.0922,0.184,0.0461,6.30
B6.A-Chr6,m,4384M05,8.68,10.2,5.80,89.5,0.400,2,1.90,0.300,510,14.5,15.4,48.5,47.7,14.3,30,31.7,15.3,1.98,1151,5.10,107,88.4,225,173,79,2.20,0.200,781,10.3,29.1,22.1,42.6,48.6,17.5,19.5,76.8,9.80,1.26,579,69.1,111,13.6,0.503,7.77,0.0347,0.174,0.165,0.0260,5
B6.A-Chr6,m,4384M06,9.93,10.1,4.90,88.9,0.400,2.90,2.30,0.600,283,14.2,15.4,45.2,45,14.1,31.3,33.9,14.6,2.23,1107,4.30,91,76.8,239,136,92,2.25,0.400,760,9.90,30.2,23.4,38.4,43.2,28.5,32.4,79,18.6,2.45,627,37.8,117,9.56,0.487,8.83,0.0397,0.288,0.228,0.0596,2.80
B6.A-Chr6,m,4384M07,6.72,9.55,6.90,88.9,0.400,1.20,2.10,0.500,286,13.7,14.7,42.8,44.8,14.3,32,34.3,14.9,2.29,1128,4.10,103,83.8,274,181,92,2.31,0.600,648,11.4,32.9,24.9,46.1,47.8,13.5,12.4,92.6,18.4,2.85,566,56.3,114,14.4,0.464,5.97,0.0269,0.0806,0.141,0.0336,3
B6.A-Chr6,m,4384M08,5.57,9.92,10.9,82.2,0.700,2.50,2.70,1.20,337,14.5,15.1,44.5,44.9,14.6,32.5,34,14.6,2.31,1189,4.20,98,83.4,250,118,132,2.20,0.700,746,10.9,28.8,21.1,39.4,43.9,23.5,25.8,80.4,9.60,1.29,503,66.4,113,7.92,0.607,4.58,0.0390,0.139,0.150,0.0668,3.40
B6.A-Chr7,f,4385F01,13.2,9.81,7.50,86.7,0.300,1.80,3.30,0.400,294,14.8,15.2,44.7,45.6,15.1,33.1,34.1,14.5,1.92,975,4.70,74,58.7,169,82,70,2.14,0.400,748,10,29.4,22.8,43.4,48.5,17.5,21.3,80.2,16.1,2.15,652,53.9,129,9.84,0.990,11.4,0.0396,0.238,0.436,0.0528,3
B6.A-Chr7,f,4385F02,10.2,9.80,6.50,88.4,0.600,1.70,2.60,0.300,245,15.2,15.6,44.6,45.5,15.5,34.2,34.9,14.6,2.04,946,4.60,75,59.8,194,88,73,2.31,0.400,736,9.30,33.2,26.9,42.2,46.7,20.5,22.6,81.6,21.2,2.88,617,41,111,11.8,0.663,9.02,0.0612,0.173,0.265,0.0306,2.50
B6.A-Chr7,f,4385F03,10.2,9.53,6.40,89.3,0.500,1.30,2.40,0.100,276,14.6,15,42.9,45,15.3,34.1,34.9,15.2,2.32,939,4.50,80,61.3,195,134,94,2.98,0.400,718,10.1,32.4,25.5,46,50.2,21,19.6,83.9,44.4,6.19,620,58.3,106,6.25,0.653,9.11,0.0510,0.133,0.245,0.0102,2.90
B6.A-Chr7,f,4385F04,9.05,9.38,7.40,88.5,0.600,1,2.20,0.200,291,14.3,14.8,42.3,45.1,15.2,33.8,35,14.7,2.29,975,4.50,83,64.7,171,111,68,2.57,0.200,760,10,29.7,22.7,41.5,46.7,21,23.6,79,21.1,2.77,527,46.9,116,11.3,0.670,8.01,0.0543,0.0905,0.199,0.0181,3.10
B6.A-Chr7,f,4385F05,11.3,9.57,5.30,90.7,1.30,1.80,0.700,0.200,230,15.1,14.7,43.3,45.3,15.8,34.9,33.8,14.7,1.84,995,4.70,89,70.7,170,88,67,2.44,0.600,654,11.8,31.4,23.2,46.5,48.4,32,32.7,92.2,43.3,6.63,641,30.8,131,17.2,0.599,10.2,0.147,0.203,0.0791,0.0226,2.40
B6.A-Chr7,f,4385F06,9.92,9.25,4.60,90.8,1.40,2.30,0.600,0.300,314,14.5,14.2,41.8,45.2,15.7,34.7,33.9,15.1,2.05,911,4.70,82,66.3,218,114,84,2.62,0.400,720,10,27.7,21.1,41.9,45.9,26,27.7,83.5,30,4.16,604,29.9,133,17.8,0.456,9.01,0.139,0.228,0.0595,0.0298,3.40
B6.A-Chr7,f,4385F07,12.2,9.11,5.80,90.8,1.10,1.40,0.600,0.300,301,14.5,14,42.5,46.6,15.9,34.2,32.9,14.6,1.88,1041,5.80,81,68,205,86,,2.31,,766,10.6,31.6,24.1,39.7,44.9,19.5,21.9,78.3,6.60,0.860,669,26.5,138,13.9,0.708,11.1,0.134,0.171,0.0732,0.0366,3.30
B6.A-Chr7,f,4385F08,11.8,9.87,6.20,90.3,1.20,1.50,0.600,0.200,365,15.3,15,45.5,46,15.5,33.6,33,14.3,1.90,1042,6.50,107,81.9,234,83,61,2.35,0.400,784,10.6,27.5,20.3,44.1,50.5,10,11.3,76.5,5.90,0.760,649,38.2,129,12.8,0.732,10.7,0.142,0.177,0.0708,0.0236,3.70
B6.A-Chr7,m,4385M01,9.95,9.24,13.4,79.1,4,1.60,0.700,1.20,268,14.4,14.4,41.5,45,15.6,34.7,34.7,15.5,2.33,1033,4.40,110,92.9,217,112,59,2.54,0.300,778,9.60,28.6,22.1,40.2,45.7,23.5,26.6,77.1,4,0.510,594,58.7,119,13.7,1.33,7.87,0.398,0.159,0.0697,0.119,2.90
B6.A-Chr7,m,4385M02,6.47,9.70,12.5,84.3,1.50,0.700,0.400,0.600,252,14.7,15,43.8,45.1,15.2,33.7,34.3,15.5,2.06,1101,4.60,100,87.9,228,113,38,2.47,0.200,736,10.3,29,22.1,42.4,46.9,25.5,27.8,81.6,13.8,1.87,544,74.2,133,14.2,0.809,5.45,0.0970,0.0453,0.0259,0.0388,2.60
B6.A-Chr7,m,4385M03,8.34,9.49,9,86.4,1.90,1.50,0.500,0.700,247,15.4,14.9,43.1,45.4,16.2,35.7,34.5,15.3,2,1147,4.40,107,91.8,216,116,64,2.61,0.400,748,10.8,27.7,20,42.4,47.4,24,26.8,80.2,7.10,0.950,625,63.9,110,17.4,0.751,7.21,0.158,0.125,0.0417,0.0584,2.60
B6.A-Chr7,m,4385M04,8.98,9.82,8.70,84.9,2.90,2.30,0.400,0.800,285,15.7,15.5,45,45.8,16,34.8,34.5,15.2,2,1049,4.40,104,93.9,216,123,,2.80,,786,8.30,28.5,23.6,39.8,45.5,21.5,24.3,76.4,5.90,0.750,628,34.6,131,18.1,0.781,7.62,0.260,0.207,0.0359,0.0718,2.90
B6.A-Chr7,m,4385M05,11.7,9.63,7.60,86.8,1.60,2.50,0.600,1,212,15.4,15.1,44.3,46.1,16,34.7,34.2,14.3,1.96,1113,4.50,114,101,206,139,66,2.82,0.500,736,10.1,23.7,17.4,36.5,40.5,26,28.7,81.5,8.50,1.15,625,49.1,126,15.1,0.889,10.2,0.187,0.292,0.0702,0.117,2.20
B6.A-Chr7,m,4385M06,9.80,9.57,6.80,89,1.60,1.50,0.500,0.600,211,15.2,15,43.7,45.7,15.9,34.9,34.3,14.8,2.13,1120,4.40,98,87.2,199,131,73,2.77,0.400,736,9.80,29.5,22.8,40.3,44.6,18.5,20.8,81.6,25.7,3.49,583,44.7,115,20.1,0.666,8.72,0.157,0.147,0.0490,0.0588,2.20
B6.A-Chr7,m,4385M07,12.8,9.82,6.20,90.3,1.50,1,0.500,0.500,255,15.3,15.3,44.7,45.5,15.6,34.3,34.4,14.2,2.11,991,4.40,102,88.9,207,136,51,2.84,0.300,699,10.8,28.6,21.1,42.7,46,22.5,23.9,86,31.2,4.46,584,42.9,121,14.2,0.794,11.6,0.192,0.128,0.0640,0.0640,2.60
B6.A-Chr7,m,4385M08,9.49,9.70,7.30,88.5,1.20,1.90,0.400,0.600,262,15.4,15.2,44.7,46,15.8,34.4,34.1,14.1,1.90,958,4.50,102,92.7,212,92,63,2.55,0.300,668,9.30,31.5,25.5,42.2,44.6,16.5,16.2,89.9,27.7,4.15,616,50.6,124,25.6,0.693,8.40,0.114,0.180,0.0380,0.0569,2.70
B6.A-Chr8,f,4386F01,12.8,9.21,7,89.4,1.60,1,0.600,0.400,166,13.9,13.7,41.9,45.5,15.1,33.1,32.8,14.2,1.80,1095,4.40,79,58.6,204,96,72,2.11,0.500,755,10.6,31.4,24.2,44.9,50.3,12,11.7,79.6,20.2,2.68,652,30.4,112,17.8,0.896,11.4,0.205,0.128,0.0768,0.0512,1.80
B6.A-Chr8,f,4386F02,14.7,9.46,5.70,91.6,0.800,1.10,0.500,0.300,142,14.6,14,42.8,45.3,15.4,34,32.7,14.8,1.86,1094,4.70,71,55.8,220,91,54,2.01,0.400,741,10.3,32.8,25.5,40.4,44.9,27.5,30.5,81,11.5,1.56,705,52.4,105,9.34,0.838,13.5,0.118,0.162,0.0735,0.0441,1.50
B6.A-Chr8,f,4386F03,10.1,9.23,6.50,90.6,1,1.10,0.500,0.300,148,14.3,14,41.9,45.4,15.5,34.1,33.4,14,1.84,995,4.50,73,58.3,186,86,56,1.85,0.200,728,11.1,31.3,23.8,42.4,46.7,17,18.5,82.5,14.5,1.99,664,48.9,100,11.4,0.656,9.15,0.101,0.111,0.0505,0.0303,1.60
B6.A-Chr8,f,4386F04,10.5,9.14,8.50,86.5,1.20,2.70,0.500,0.600,110,14.1,13.9,41.7,45.7,15.4,33.8,33.3,14.6,1.86,948,4.40,75,55.1,218,112,47,2,0.400,649,10.6,33.2,26,46.2,47.9,35,30.9,93.5,63.7,9.81,597,43.2,96.1,23,0.892,9.08,0.126,0.283,0.0525,0.0630,1.20
B6.A-Chr8,f,4386F05,9.29,9.45,4.90,91.9,0.700,1.30,1.10,0.100,132,14.4,14,43.5,46.1,15.3,33.1,32.1,14.7,1.64,1000,4.90,81,59.8,191,116,53,2.62,0.300,753,10.6,30.5,23.1,41.5,46.5,18,19.5,79.8,21.7,2.89,646,35.6,122,15.9,0.455,8.54,0.0650,0.121,0.102,0.00929,1.40
B6.A-Chr8,f,4386F06,8.84,9.52,4.20,92.8,0.700,1.10,0.900,0.300,181,14.4,13.8,42.3,44.4,15.1,34,32.7,14.5,1.68,987,4.50,67,52.9,196,123,60,2.55,0.300,775,10.2,30.1,23.4,40.5,46,18,20.6,77.5,14.9,1.93,648,42.2,112,23.2,0.371,8.20,0.0619,0.0972,0.0796,0.0265,1.90
B6.A-Chr8,f,4386F07,9.25,9.54,5.20,91.6,0.500,1.30,1.10,0.400,229,13.8,13.7,42.5,44.6,14.4,32.3,32.2,15.7,1.69,978,4.60,62,51.1,167,83,74,2.16,0.400,593,12.6,33.2,24,55.1,54.7,39.5,40.3,102,51.7,8.72,674,49.5,115,17.9,0.481,8.47,0.0462,0.120,0.102,0.0370,2.40
B6.A-Chr8,f,4386F08,6.52,8.84,6.30,91,0.700,0.900,0.900,0.200,168,13.4,13,40,45.2,15.1,33.5,32.4,14.6,1.65,929,4.60,86,61.9,184,142,43,2.58,0.300,741,10.3,31.1,23.9,41,45.6,19.5,22.8,81,16,2.16,689,38.7,127,11.3,0.411,5.93,0.0456,0.0587,0.0587,0.0130,1.90
B6.A-Chr8,m,4386M01,6.85,10.1,11.6,84,1.80,1.80,0.600,0.300,333,15.5,15.1,46.8,46.4,15.4,33.2,32.2,14,1.80,1215,4.60,92,75.8,212,111,68,2.09,0.400,776,10.3,31.2,24.6,43.6,49.6,22.5,25.7,77.3,6.80,0.880,693,53.1,142,10.3,0.795,5.75,0.123,0.123,0.0411,0.0205,3.30
B6.A-Chr8,m,4386M02,9.83,9.37,11.5,84.2,1.40,1.90,0.800,0.300,187,14.2,13.8,42.1,44.9,15.2,33.8,32.8,14,1.80,1343,4.40,87,72.9,217,123,64,2.34,0.500,747,10.9,32.2,24.7,42.9,47.9,22,23.8,80.4,15.3,2.05,645,38.7,114,19.3,1.13,8.28,0.138,0.187,0.0786,0.0295,2
B6.A-Chr8,m,4386M03,8.56,9.20,6.90,88.9,1,1.80,0.700,0.700,175,13.9,13.8,41.1,44.7,15.1,33.8,33.6,15.2,2.03,1271,4.30,90,76.9,215,108,59,2.34,0.600,774,9.60,30.6,23.9,39.8,45.2,23,25.9,77.5,9.60,1.24,608,39.6,112,14.9,0.591,7.61,0.0856,0.154,0.0599,0.0599,1.90
B6.A-Chr8,m,4386M04,9.87,9.49,5.40,90.9,0.900,1.80,0.500,0.400,152,14.5,14.2,42.6,44.9,15.3,34,33.3,14.2,1.88,1156,4.30,95,77.5,195,135,69,2.49,0.500,768,10.3,30.9,23.8,41.8,47.3,21,22.6,78.2,14.7,1.91,631,32.7,127,15.2,0.533,8.97,0.0888,0.178,0.0493,0.0395,1.60
B6.A-Chr8,m,4386M05,10.2,9.28,6,90.2,0.300,1.40,1.60,0.500,353,13.5,13.9,41.9,45.1,14.6,32.2,33.1,16,1.91,1307,4.30,86,71.9,238,151,55,3.08,0.600,778,9.60,30.2,23.4,40.3,45.8,17,19.4,77.1,10.9,1.41,579,45.6,110,14.6,0.612,9.20,0.0306,0.143,0.163,0.0510,3.80
B6.A-Chr8,m,4386M06,11.2,9.58,5.20,91.3,0.200,1.20,1.50,0.500,345,14.1,14.1,43.6,45.5,14.7,32.2,32.4,15.7,1.83,1250,4.40,96,74.8,201,136,50,3.21,0.400,846,9.40,27.8,21.7,35.4,42.1,18,21.5,70.9,7.70,0.910,636,41.7,110,15.2,0.582,10.2,0.0224,0.134,0.168,0.0560,3.60
B6.A-Chr8,m,4386M07,9.55,9.25,5.30,89.8,0.600,1.90,2,0.400,314,13.5,13.7,41.6,44.9,14.6,32.5,32.9,14.9,1.80,1252,4.40,76,58.5,201,117,85,2.62,1.80,746,11.5,32.2,24.6,42.5,47.4,22,24.2,80.4,10.9,1.47,609,34.9,103,23.6,0.506,8.58,0.0573,0.181,0.191,0.0382,3.40
B6.A-Chr8,m,4386M08,9.19,9.37,6.30,89.1,0.500,1.50,2.10,0.500,281,13.8,13.9,42.4,45.3,14.7,32.6,32.7,15.3,1.81,1274,4.40,90,71.3,238,153,,,,623,10.7,32.5,24.7,45.3,45.9,32.5,29.2,96.9,50.7,8.14,589,50.3,111,14.6,0.579,8.19,0.0459,0.138,0.193,0.0459,3
B6.A-Chr8,m,4386M09,10.5,9.58,5,90.8,0.500,1.50,1.60,0.600,364,14,14.8,43.5,45.4,14.6,32.1,34.1,14.5,2.19,1279,4,91,72.5,246,164,58,2.35,0.500,752,10.3,32.1,25,41.5,46.5,26,28.9,79.8,14.4,1.92,608,80.4,114,9.57,0.525,9.53,0.0525,0.158,0.168,0.0630,3.80
B6.A-Chr8,m,4386M10,12.2,9.34,8.80,85.2,0.300,2,3.30,0.400,392,13.6,14.6,43.3,46.4,14.5,31.4,33.7,15.6,2.22,1189,4.20,90,71.2,220,119,86,2.32,0.600,724,10.1,32.1,24.9,41.5,45.6,19.5,20,82.9,20.3,2.80,592,42.6,137,8.95,1.07,10.4,0.0366,0.244,0.403,0.0488,4.20
B6.A-Chr8,m,4386M11,11.2,9.21,5.90,88.8,0.400,1.80,2.70,0.500,460,13.3,14.3,42.6,46.3,14.5,31.3,33.6,15.5,2.23,1239,4.20,85,68,234,126,62,2.30,0.500,678,11.5,32.1,24.2,45,47.8,16,16.4,88.5,15.6,2.30,552,61.8,141,12.6,0.661,9.95,0.0448,0.202,0.302,0.0560,5
B6.A-Chr8,m,4386M12,8.58,9.69,6.90,87.4,0.500,2.20,2.50,0.600,465,14.3,15.1,45.1,46.5,14.7,31.7,33.6,15.3,2.30,1219,4.10,86,70.9,236,125,91,2.37,0.400,758,10.3,31.3,24.4,42.2,47.4,24.5,26.7,79.2,16.3,2.16,616,33.1,113,15.3,0.592,7.50,0.0429,0.189,0.214,0.0515,4.80
B6.A-Chr9,f,4387F01,7.85,9.29,8.10,86.2,0.400,1.90,2.70,0.700,418,14.5,14.3,42.2,45.4,15.6,34.4,34,16.2,2.38,1320,4.40,81,64.6,186,109,53,2.58,0.400,745,11.1,31.4,23.8,44.3,49.4,23.5,26.2,80.5,5.20,0.700,621,39.4,119,14.8,0.636,6.77,0.0314,0.149,0.212,0.0549,4.50
B6.A-Chr9,f,4387F02,11.3,9.25,4.60,89.7,0.300,1.70,2.70,0.900,305,14.2,14.3,41.6,45,15.3,34.1,34.5,15.5,2.11,1156,4.30,96,74.9,247,109,78,2.42,0.300,750,11.4,29.5,21.3,44.4,49.7,21,23.4,80,9.70,1.30,638,50.6,125,16.7,0.520,10.1,0.0339,0.192,0.305,0.102,3.30
B6.A-Chr9,f,4387F03,8.89,9.43,6,86.2,0.700,2.20,4.10,0.900,311,14,14.5,42.1,44.6,14.9,33.4,34.4,15.5,2.12,1135,4.30,76,61.1,203,100,55,2.73,0.500,768,11.2,31.8,24,42.1,47.6,22.5,25.6,78.2,6.80,0.890,630,37.1,155,33,0.533,7.66,0.0622,0.196,0.364,0.0800,3.30
B6.A-Chr9,f,4387F04,11.5,9.44,4.20,91,0.300,1.80,2.10,0.600,255,14.6,14.7,43.2,45.7,15.4,33.7,34,15.9,2.03,1069,4.30,89,68.5,229,131,59,2.44,0.300,752,10.7,32.1,24.7,40,44.8,29,32.9,79.8,9.20,1.22,624,37.1,115,34.7,0.483,10.5,0.0345,0.207,0.241,0.0690,2.70
B6.A-Chr9,f,4387F05,7.60,10.1,6.30,89.9,0.800,2,0.700,0.300,70.7,15.3,14.8,43.6,43.2,15.2,35.1,33.8,12.8,1.63,1143,4.60,81,64,218,111,,,,770,10.2,29.8,22.8,40.9,46.3,23,25.3,77.9,10.2,1.32,613,32.5,96.5,28.4,0.479,6.83,0.0608,0.152,0.0532,0.0228,0.700
B6.A-Chr9,f,4387F06,8.33,9.21,7.30,89,0.200,1.10,1.90,0.400,442,14.2,14,41.8,45.5,15.5,34,33.4,15.3,2,1000,4.50,78,63,215,127,,,,782,9.80,30.2,23.9,38.6,44,22.5,25.3,76.7,14.8,1.89,650,44.5,105,14.4,0.608,7.41,0.0167,0.0916,0.158,0.0333,4.80
B6.A-Chr9,f,4387F07,8.70,8.69,7.90,85.9,0.500,1.70,3.50,0.500,356,13.1,13,38.9,44.7,15.1,33.7,33.5,15.6,1.96,1131,4.50,85,67.4,239,144,81,3.63,0.700,749,11.4,29.8,22.1,41.5,46.4,22.5,25.3,80.2,7.10,0.950,624,29.1,109,20.4,0.687,7.47,0.0435,0.148,0.304,0.0435,4.10
B6.A-Chr9,f,4387F08,5.30,9.25,12.1,84.2,0.100,1.40,1.60,0.500,407,13.8,14.1,42.4,45.9,14.9,32.6,33.1,15.1,2,1043,4.60,78,63.8,211,129,73,3.27,0.500,757,11.1,30.1,23.3,42,47.2,23,26.1,79.3,10.7,1.41,628,44.3,121,9.77,0.641,4.46,0.00530,0.0742,0.0848,0.0265,4.40
B6.A-Chr9,m,4387M01,10.6,10,5.20,90.1,0.500,1.80,1.70,0.700,390,14.7,15.8,46.3,46.2,14.7,31.8,34.2,14.8,2.33,1155,4.30,118,95.1,203,162,69,2.30,0.600,,,,,,,,,,,,484,40.1,136,23.7,0.551,9.55,0.0530,0.191,0.180,0.0742,3.90
B6.A-Chr9,m,4387M02,11.4,9.67,4.30,89.6,0.500,2.80,2.40,0.400,280,14.4,15.4,44,45.5,14.9,32.7,35,14.7,2.32,1035,4.20,112,92.5,253,140,53,2.26,0.500,769,11.2,30.8,23.2,41,46.4,17,18.9,78,6.70,0.870,519,75.9,118,16.3,0.490,10.2,0.0570,0.319,0.274,0.0456,2.90
B6.A-Chr9,m,4387M03,6.37,9.59,8.80,87.2,0.300,1.70,1.70,0.300,364,14.5,15.2,44.2,46.1,15.1,32.8,34.4,14.9,2.24,1107,4.30,102,83,264,108,53,2.29,0.400,761,10.5,30.3,23.2,38.8,43.7,26.5,29.1,78.9,9.70,1.28,448,75.3,127,25.8,0.561,5.55,0.0191,0.108,0.108,0.0191,3.80
B6.A-Chr9,m,4387M04,9.73,9.65,0.800,95.9,2,0,0.700,0.500,290,14.1,15.2,43.5,45.1,14.6,32.4,35,14.7,2.33,1134,4.20,110,90.5,291,124,80,2.29,0.400,759,10.7,24.5,17.3,40.9,46,14.5,16.4,79.1,8,1.05,430,60.2,140,20.4,0.0778,9.33,0.195,0,0.0681,0.0486,3
B6.A-Chr9,m,4387M05,7.87,10.1,6,88,0.400,2.90,2.20,0.500,303,14.5,15.7,44.9,44.5,14.4,32.4,35,14.8,2.29,1026,4.10,105,89.2,234,102,71,2.21,0.400,744,10.5,28.8,21.4,42.4,47.2,23.5,26.1,80.7,13.5,1.82,493,49.8,152,15.3,0.472,6.93,0.0315,0.228,0.173,0.0394,3
B6.A-Chr9,m,4387M06,6.94,9.38,6.10,89.6,0.500,1.80,1.70,0.300,1060,13.9,14.9,46.2,49.2,14.9,30.2,32.3,16.2,2.52,1020,4.40,108,89.5,273,92,79,2.09,0.700,779,10.4,29.4,22.3,39.3,44.8,21.5,24.4,77.1,9.40,1.21,481,56.8,128,27.1,0.423,6.22,0.0347,0.125,0.118,0.0208,11.3
B6.A-Chr9,m,4387M07,8.61,9.49,7.20,87.4,0.600,2,1.90,0.900,332,14,14.9,42.3,44.6,14.7,33.1,35.2,14.8,2.42,1107,4.10,111,91,281,101,54,2.20,0.500,747,11.3,31.4,23.6,41,45.8,20.5,23.5,80.4,16.3,2.18,471,39.3,108,21.2,0.620,7.53,0.0517,0.172,0.164,0.0775,3.50
B6.A-Chr9,m,4387M08,8.98,9.55,5.60,90.4,0.300,1.70,1.70,0.300,392,14.2,15.1,43,45.1,14.9,33,35.1,14.5,2.39,1262,4.10,117,99.8,286,92,69,2.14,0.500,,,,,,,,,,,,488,50.1,139,24.1,0.503,8.12,0.0269,0.153,0.153,0.0269,4.10
B6.A-ChrX,f,4398F01,8.15,9.05,7.20,86.2,1.10,4.10,1.20,0.200,371,14.2,13.9,43.6,48.2,15.7,32.6,32,15.4,1.69,952,5.10,73,57.2,189,79,106,1.98,0.600,787,9.80,27.5,21,40.2,46,15.5,17.1,76.2,10.8,1.38,608,38.1,136,15.6,0.587,7.03,0.0896,0.334,0.0978,0.0163,4.10
B6.A-ChrX,f,4398F02,7.63,9.23,5.80,90.7,0.700,2,0.700,0.100,378,14.3,13.7,43.5,47.1,15.5,32.8,31.6,14.7,1.81,1055,4.90,81,66.7,181,76,47,2.26,0.200,744,11.1,31.3,23.4,42.9,47.6,52,58.8,82.2,76.4,10.3,606,27.7,123,10.7,0.443,6.92,0.0534,0.153,0.0534,0.00763,4.10
B6.A-ChrX,f,4398F03,9.70,9.80,5.60,91.5,0.900,0.900,0.900,0.300,431,15.4,14.6,45.4,46.4,15.7,33.8,32.2,15,1.86,937,4.60,76,62,181,90,74,2.58,0.300,762,10.9,31.8,24.4,40.3,45.4,19,21.4,78.8,7.60,1,581,27.5,116,10.1,0.543,8.88,0.0873,0.0873,0.0873,0.0291,4.40
B6.A-ChrX,f,4398F04,6.02,8.77,6.20,90.5,0.700,1.60,0.700,0.300,561,14.1,13.2,42.3,48.2,16.1,33.4,31.2,15.1,2,1130,5.30,99,78.4,223,120,53,2.99,0.300,742,10.8,29.6,22.1,43.1,48,18,19.9,80.8,6.70,0.910,649,44.6,106,18.9,0.373,5.45,0.0421,0.0963,0.0421,0.0181,6.40
B6.A-ChrX,f,4398F05,8.99,9.17,6.80,88.8,1.40,2.20,0.700,0.100,413,14.3,13.7,43.8,47.8,15.6,32.7,31.3,14.3,1.77,1063,5,88,70.5,223,130,112,3.11,0.400,792,10.7,29.8,22.5,41.6,47.8,13,15.5,75.8,5.70,0.730,680,23.7,107,11.8,0.611,7.98,0.126,0.198,0.0629,0.00899,4.50
B6.A-ChrX,f,4398F06,11,8.98,4.90,91.1,1.20,1.60,0.800,0.400,422,13.7,13.5,41.5,46.2,15.3,33.1,32.5,14.6,1.86,955,4.70,87,67.1,179,135,75,3.08,0.400,758,8.50,19.9,15.7,43.3,48.7,2,1.80,79.1,12.5,1.65,630,30.6,113,9.26,0.539,10,0.132,0.176,0.0880,0.0440,4.70
B6.A-ChrX,f,4398F07,8.34,9.44,7.60,89.9,0.700,0.900,0.600,0.300,368,14.7,14.1,45,47.6,15.6,32.7,31.4,15,1.76,982,5,80,65.1,193,129,78,3.03,0.300,774,10.4,31.1,23.8,41.3,46.9,20,22.2,77.5,9,1.17,634,41.1,122,21.4,0.634,7.50,0.0584,0.0751,0.0500,0.0250,3.90
B6.A-ChrX,f,4398F08,8.41,9.48,5.70,90.7,0.900,1.40,1,0.200,237,15.2,14.6,46.3,48.8,16,32.8,31.4,14.4,1.65,1011,5.20,89,73.4,223,88,,2.01,,744,11,29.7,22,42.3,47.1,20.5,22.9,80.6,15.3,2.05,544,52.4,119,14.4,0.479,7.63,0.0757,0.118,0.0841,0.0168,2.50
B6.A-ChrX,m,4398M01,10.7,9.61,6.20,87.8,0.700,3.30,1.70,0.300,346,14.8,14.5,45.7,47.5,15.4,32.5,31.7,14.4,1.89,1058,4.70,104,86.9,237,105,102,2.33,0.400,788,10.4,29.9,22.7,39.6,45.4,19.5,22.1,76.2,5.30,0.670,607,51.9,102,10.6,0.663,9.39,0.0749,0.353,0.182,0.0321,3.60
B6.A-ChrX,m,4398M03,13.5,9.45,6.60,89.1,0.200,1.80,2.10,0.200,359,14.4,14.4,45,47.6,15.3,32.1,31.9,13.7,1.77,1172,4.60,93,77.4,236,101,64,2.13,0.200,679,10,30.8,24.1,45.2,48.1,16.5,15.7,88.6,35.2,5.18,514,75,104,10.7,0.891,12,0.0270,0.243,0.283,0.0270,3.80
B6.A-ChrX,m,4398M04,11.8,8.82,8.80,85.9,0.400,2.10,2.40,0.400,388,13.4,13.5,41.4,47,15.2,32.4,32.5,14.3,2.03,1253,4.40,85,70.3,231,106,64,2.26,0.300,757,10.5,28,20.8,41.2,46.3,25,27.8,79.3,10.1,1.33,546,24.7,88.5,12.7,1.04,10.1,0.0472,0.248,0.283,0.0472,4.40
B6.A-ChrX,m,4398M05,7.79,8.72,5.30,91.1,0.700,1.60,1,0.300,192,13.7,13,40.3,46.3,15.7,33.9,32.2,13.8,1.66,1331,4.60,92,75.8,238,85,49,2.08,0.300,750,8.80,21.1,16.8,43.9,49.1,3.50,2.80,80,16.1,2.14,607,49,121,30.7,0.413,7.10,0.0545,0.125,0.0779,0.0234,2.20
B6.A-ChrX,m,4398M06,7.79,9.96,4.60,91.7,0.800,2,0.600,0.200,269,15.2,14.6,46.5,46.7,15.2,32.6,31.3,14.3,1.64,1136,5,102,89.4,231,96,47,2.54,,740,11.3,30.2,22.4,43.8,48.6,19,20.5,81.1,8.30,1.12,681,40.6,129,9.70,0.358,7.14,0.0623,0.156,0.0467,0.0156,2.70
B6.A-ChrX,m,4398M07,9.84,9.66,5.30,90.6,1,1.80,1,0.300,242,14.6,14.2,44.7,46.3,15.1,32.6,31.7,14.2,1.73,1213,4.60,105,90.8,231,104,62,2.94,0.400,724,10,29.7,22.7,42.1,46.3,24.5,27.7,82.9,7.70,1.06,582,40.2,114,18.7,0.522,8.92,0.0984,0.177,0.0984,0.0295,2.50
B6.A-ChrX,m,4398M08,9.84,9.53,4.30,91.7,0.900,2.30,0.700,0.200,200,14.7,14,43.7,45.9,15.4,33.6,31.9,13.8,1.67,1352,4.60,107,90.7,246,127,53,2.78,0.500,736,10,29.5,22.8,42.2,46.7,24,27,81.5,16.7,2.26,627,35.9,116,9.50,0.423,9.02,0.0886,0.226,0.0689,0.0197,2.10
B6.A-ChrX,m,4398M09,8.78,9.54,5.90,90.7,1,1.10,1,0.300,248,14.7,14.1,44.6,46.8,15.4,33,31.5,14.3,1.66,1313,4.70,108,92.2,209,98,54,2.44,,820,9.30,28.4,22.2,39.2,45.9,18.5,21.4,73.2,6.60,0.810,502,48.2,132,11.5,0.518,7.96,0.0878,0.0966,0.0878,0.0263,2.60
B6.A-ChrY,f,4399F01,,,,,,,,,,,,,,,,,,,,,91,71.5,189,95,65,2.53,0.600,765,10.7,31.8,24.7,40.9,46.2,23.5,26.7,78.4,5,0.650,671,35,112,7.97,,,,,,,
B6.A-ChrY,f,4399F02,8.40,8.94,5.80,90.4,0.600,1.10,1.70,0.300,241,13.5,13.6,39.9,44.6,15.1,33.9,34,16,1.87,1057,4.40,87,64.4,195,104,44,2.12,0.600,733,11.1,32.4,25.5,42.9,47.5,19,21.3,81.8,14.2,1.94,567,71.1,127,11.5,0.487,7.59,0.0504,0.0924,0.143,0.0252,2.70
B6.A-ChrY,f,4399F03,8.38,9.04,4.60,92.2,0.300,1.50,1.10,0.300,353,14.5,13.7,40.9,45.3,16,35.4,33.4,16.4,2.04,1043,4.80,86,64.7,216,140,64,2.91,0.400,764,10.5,30.9,23.7,43.3,48.8,21.5,24.3,78.5,9.10,1.19,575,59.5,124,20.6,0.385,7.73,0.0251,0.126,0.0922,0.0251,3.90
B6.A-ChrY,f,4399F04,4.29,4.59,5.60,91.5,0.400,1.40,0.900,0.200,151,12.2,6.90,20.3,44.1,26.5,60,34.2,15.9,2.15,711,4.50,81,61.1,228,111,38,2.31,0.400,756,10.9,29.7,22.4,40.6,45.6,20.5,23.6,79.4,7,0.930,653,29.3,105,7.30,0.240,3.93,0.0172,0.0601,0.0386,0.00858,3.30
B6.A-ChrY,f,4399F05,8.66,9.97,6,91,0.200,1.20,1.20,0.400,419,14.5,15,46.1,46.2,14.5,31.5,32.6,16.3,2.06,975,4.70,72,59.1,209,79,58,2.08,0.600,774,10.1,30.1,23.4,41,46.6,16.5,18.5,77.5,7.90,1.02,656,46.8,111,13,0.520,7.88,0.0173,0.104,0.104,0.0346,4.20
B6.A-ChrY,f,4399F06,11.7,9.63,6.80,88.2,0.500,1.80,2.10,0.600,202,14.4,14.7,44.2,45.9,15,32.6,33.1,15.3,1.87,1010,4.60,79,62.8,236,105,48,2.22,0.200,761,11.1,29.7,22.3,42.7,48.1,14.5,16.8,78.9,12.5,1.64,654,36.2,112,11.1,0.796,10.3,0.0585,0.211,0.246,0.0702,2.10
B6.A-ChrY,f,4399F07,13.1,10,4.70,91.1,0.200,1.60,1.90,0.400,350,14.7,15.3,46.7,46.6,14.7,31.5,32.7,15.3,1.88,1099,4.60,85,66.9,245,125,129,2.20,0.500,737,11.2,32.8,25.4,44.8,49.7,6.50,8.40,81.5,15.8,2.15,618,29.4,108,18.5,0.616,11.9,0.0262,0.210,0.249,0.0524,3.50
B6.A-ChrY,f,4399F08,9.91,9.82,3.60,92.1,0.300,1.80,1.70,0.600,236,14.2,14.8,44.8,45.6,14.5,31.7,33.1,14.3,1.84,1077,4.50,91,72.5,199,97,49,2.23,0.400,749,11.3,31.2,23.6,42.6,47.6,16,18.1,80.1,10.1,1.35,628,48.6,116,14.3,0.357,9.13,0.0297,0.178,0.168,0.0595,2.40
B6.A-ChrY,m,4399M01,10.1,9.71,6.40,88.8,0.200,1.60,2.70,0.400,369,14.1,14.5,45,46.3,14.5,31.4,32.3,13.7,1.79,1123,4.70,112,93,211,146,72,3.98,0.500,750,9.70,29.2,22.5,41.7,46.7,14.5,15.6,80.1,14.6,1.94,574,39.1,109,17.9,0.646,8.97,0.0202,0.162,0.273,0.0404,3.80
B6.A-ChrY,m,4399M02,11.3,10.5,4.90,90.6,1,2.20,1.10,0.100,105,15.6,15.1,46.3,44.2,14.9,33.7,32.6,12.8,1.56,1045,4.70,90,77.7,198,123,49,3.61,0.200,771,10.6,27.7,20.4,42.1,47.7,19.5,22.3,77.9,5.80,0.750,601,57.8,98.6,11.6,0.554,10.2,0.113,0.249,0.124,0.0113,1
B6.A-ChrY,m,4399M03,11.5,9.48,5.40,90.6,0.200,1.40,2,0.500,341,13.9,14,42.9,45.3,14.7,32.4,32.7,14,1.85,1222,4.50,117,97.9,230,151,,,,765,9.20,29.6,23.6,39.6,44.7,20,21.1,78.5,24.2,3.17,548,37,105,14.7,0.621,10.4,0.0230,0.161,0.230,0.0575,3.60
B6.A-ChrY,m,4399M04,8.89,9.36,5.60,87.5,0.200,2,4.10,0.500,328,14.3,14.2,43.6,46.6,15.3,32.8,32.6,14.1,1.84,1191,4.50,130,106,248,163,,,,774,10,29.2,22.3,41.2,46.8,21,23.7,77.6,4.50,0.580,597,37.9,113,18.4,0.498,7.78,0.0178,0.178,0.364,0.0445,3.50
B6.A-ChrY,m,4399M05,11.5,9.22,5.60,90.9,0.800,1.80,0.700,0.200,332,14.2,13.5,43.5,47.2,15.4,32.5,31.1,15.5,1.74,1069,4.90,94,77.3,198,107,101,2.50,0.400,738,10.5,30.6,23.2,39.7,44.1,24.5,26.9,81.3,14.1,1.91,655,40.9,120,16.9,0.644,10.5,0.0920,0.207,0.0805,0.0230,3.60
B6.A-ChrY,m,4399M06,12.3,9.68,3.40,93.2,0.600,1.70,0.900,0.200,281,14.3,14.1,45.1,46.6,14.8,31.7,31.3,15.1,1.72,1139,4.80,104,86.3,220,108,113,2.81,0.400,671,11.3,32.4,24.5,45,47.6,14.5,15.7,89.8,40.9,6.10,596,46.5,120,29.4,0.418,11.5,0.0738,0.209,0.111,0.0246,2.90
B6.A-ChrY,m,4399M07,11.2,9.87,3.20,93.4,0.600,1.60,0.900,0.300,336,14.6,14.4,47.2,47.8,14.8,30.9,30.4,15.3,1.73,1344,5,105,90,219,93,99,2.49,0.500,742,11.5,29.8,21.6,38.8,43.1,21.5,23.8,80.8,7.80,1.05,578,59.6,105,20.9,0.358,10.5,0.0672,0.179,0.101,0.0336,3.40
B6.A-ChrY,m,4399M08,9.05,9.46,5.80,90.1,1,2,0.800,0.300,359,14,13.8,44.7,47.3,14.8,31.3,30.8,15.2,1.77,1098,5,110,92.3,235,96,113,2.62,0.500,794,10.1,28.4,21.4,41.4,47.6,19.5,22.7,75.6,4.70,0.590,674,33.2,119,11,0.525,8.15,0.0905,0.181,0.0724,0.0272,3.80
C57BL/6J,f,0664F909,8.66,9.55,4.40,92.1,0.800,1.70,0.600,0.400,344,14.5,14.1,45.7,47.9,15.2,31.7,30.7,14.6,1.80,1043,5.90,92,74.6,221,114,65,2.60,0.500,750,10.8,29,21.5,40.9,45.7,16,17.3,80,10.3,1.37,694,24.4,134,12.8,0.381,7.98,0.0693,0.147,0.0520,0.0346,3.60
C57BL/6J,f,0664F910,8.96,9.15,5.80,90.7,1.10,1.30,1,0.300,293,14.8,13.5,44.1,48.1,16.2,33.7,30.7,14.6,1.75,1214,5.20,81,68.6,213,109,66,3.78,0.300,736,10.8,30.9,23.3,41,45.4,17,19.4,81.5,9.10,1.23,680,30.2,117,17.8,0.520,8.13,0.0986,0.116,0.0896,0.0269,3.20
C57BL/6J,f,0664F911,10.1,9.30,5,91.2,0.900,2.10,0.600,0.200,326,14.3,13.6,44.2,47.5,15.4,32.4,30.8,15.7,1.86,1248,4.90,91,74.5,214,108,,2.50,,755,10.2,32.2,25.3,42.2,47.4,12.5,13.7,79.4,13.5,1.78,676,22.4,135,13.3,0.505,9.21,0.0909,0.212,0.0606,0.0202,3.50
C57BL/6J,f,0664F912,8.52,8.96,4.90,91.6,0.900,1.70,0.600,0.300,493,14.1,13.1,42.8,47.8,15.8,33,30.6,15.4,1.95,1201,9.10,84,67.8,209,136,139,3.21,,785,10.3,30.5,23.7,39,44.6,14,15.5,76.5,5.20,0.660,698,41.4,138,13.3,0.417,7.80,0.0767,0.145,0.0511,0.0256,5.50
C57BL/6J,f,0664F913,7.26,8.63,5.20,90.2,1.10,1.90,1.10,0.500,371,13.8,12.6,40.9,47.3,15.9,33.7,30.9,15.4,2,1218,6.50,80,66.7,195,105,73,4.06,,734,10.3,31.6,24.6,41.8,46.2,19.5,22,81.8,11.3,1.55,621,43.3,140,20.6,0.378,6.55,0.0799,0.138,0.0799,0.0363,4.30
C57BL/6J,f,0664F914,8.16,8.63,14.9,77.4,2.10,1.30,3.80,0.500,1105,13.1,12.8,42.5,49.2,15.2,30.9,30.2,21.1,3.74,1205,5.30,120,94.1,190,82,97,3.32,0.700,768,11.4,28.1,21.4,40.8,46.2,20,22.6,78.1,6,0.780,617,30.8,126,20.7,1.22,6.32,0.171,0.106,0.310,0.0408,12.8
C57BL/6J,f,0664F915,6.37,8.94,6.50,88.8,0.900,2.60,0.700,0.500,331,13.7,13,42.4,47.4,15.4,32.4,30.7,15.5,2.11,1183,7.60,93,75.9,191,70,88,3.04,,766,10.7,30.6,23.3,39.8,45,19.5,22.2,78.4,6.80,0.880,656,26.1,129,12.1,0.414,5.66,0.0573,0.166,0.0446,0.0319,3.70
C57BL/6J,f,0664F916,7.83,9.19,6.80,89.1,0.700,2.30,0.900,0.300,331,14.1,13.5,43.1,46.9,15.3,32.6,31.3,15.6,1.86,1149,4.90,78,64.7,182,73,105,2.60,0.500,770,9.50,29.1,23.2,39.7,45,26.5,29.8,77.9,7.90,1.03,644,46.3,128,17.4,0.532,6.98,0.0548,0.180,0.0705,0.0235,3.60
C57BL/6J,m,0664M901,8.70,9.48,7,87.7,0.900,2.90,1.30,0.300,379,14.5,13.7,44.3,46.8,15.3,32.8,30.9,15.1,1.75,1234,5,115,98.1,222,110,63,2.84,0.600,785,10.2,30,23,40.7,46.6,22.5,26,76.5,8.10,1.03,555,44.1,109,6.89,0.609,7.63,0.0783,0.252,0.113,0.0261,4
C57BL/6J,m,0664M902,8.52,9.22,5.70,89.6,1.40,2.10,1.10,0.200,360,14.1,13.4,43.6,47.3,15.3,32.2,30.7,14.7,1.82,1091,5,104,88.9,225,132,132,3.56,0.500,725,11.4,28.1,20.1,44.8,49.3,9.50,10.8,82.7,4.40,0.600,645,39.8,122,22,0.486,7.63,0.119,0.179,0.0937,0.0170,3.90
C57BL/6J,m,0664M903,9.10,9.16,8.10,86.1,2,1.90,1.40,0.600,403,14.4,13.4,44.9,49,15.8,32.1,29.9,15.6,1.93,1087,6.20,107,87.3,277,126,89,3.57,0.500,764,9.60,30.5,24.1,40.9,46.2,20,22.7,78.5,4.40,0.570,552,36.3,136,18.1,0.737,7.84,0.182,0.173,0.127,0.0546,4.40
C57BL/6J,m,0664M904,10.5,9.46,8.10,84.8,2,3.90,0.900,0.400,378,14.7,13.6,44.2,46.7,15.6,33.3,30.8,14.9,1.78,1243,5.20,109,94.8,225,109,95,2.93,0.400,767,10.8,30.4,22.8,42.9,48.6,15,17.1,78.2,9,1.17,501,49.4,109,30.7,0.851,8.90,0.210,0.409,0.0945,0.0420,4
C57BL/6J,m,0664M905,7.16,9.97,7.70,87.2,1.40,1.70,1.60,0.400,459,15.6,14.6,48.1,48.2,15.7,32.5,30.4,15.6,1.82,1186,5.40,109,92.5,242,97,60,3.03,0.500,705,10.2,31.5,24.7,44.1,47.8,8,7.80,85.1,16.5,2.34,573,38.7,109,18.5,0.551,6.24,0.100,0.122,0.115,0.0286,4.60
C57BL/6J,m,0664M906,10.3,8.72,7,89.2,1.20,1.30,0.900,0.500,706,13.6,13,41.9,48.1,15.6,32.4,31,17.3,2.32,1294,4.90,113,95.8,246,133,69,3.27,0.400,774,10.6,30.6,23.3,41.9,47.6,14.5,16.4,77.6,5.80,0.750,734,37.1,132,15.8,0.721,9.19,0.124,0.134,0.0927,0.0515,8.10
C57BL/6J,m,0664M907,12.8,9.05,5.50,89.2,1.10,2.40,1.60,0.200,407,14.3,13.3,43.3,47.9,15.8,33,30.6,16,1.81,1175,5.10,106,90,215,105,92,2.91,0.500,741,10.4,29.7,22.8,45.6,50.6,8.50,9.10,81,8.20,1.11,667,35.4,107,14.3,0.704,11.4,0.141,0.307,0.205,0.0256,4.50
C57BL/6J,m,0664M908,8.74,9.77,5.90,88.6,1.30,3.10,1,0.200,322,15.2,14.1,45.9,47,15.6,33.1,30.8,14.9,1.68,1290,4.80,123,104,251,122,,2.71,,777,10.6,29,21.6,41.1,46.8,13,14.5,77.2,5.90,0.760,595,43.2,142,11.7,0.516,7.74,0.114,0.271,0.0874,0.0175,3.30
