strain,sex,animal_id,WBC,RBC,pctNEUT,pctLYM,pctMONO,pctEOS,pctBASO,pctLUC,mHGB,HCT,MCV,MCH,MCHC,CHCM,RDW,HDW,cHGB,PLT,MPV,AT3,F8,Fib,CHOL,GLU,TG,HDL,AST,FFA,TBIL,BUN,pctRetic
B6.PWD-Chr10.1,f,7600F05,12.04,10.30,5.6,89.3,1.3,2.4,0.3,1.0,16.10,53.90,52.30,15.70,29.90,29.40,14.00,1.84,15.9,1026.00,7.50,,,,69.0,212.0,114.0,,,,,,6.9
B6.PWD-Chr10.1,f,7600F06,14.98,10.74,6.3,86.5,1.5,4.7,0.3,0.7,16.40,54.70,50.90,15.30,30.10,29.90,14.10,1.89,16.3,1063.00,7.50,,,,80.0,145.0,110.0,,,,,,6.6
B6.PWD-Chr10.1,f,7600F07,12.92,10.66,4.8,90.5,1.0,2.6,0.3,0.8,16.30,54.80,51.40,15.30,29.80,29.40,13.40,1.72,16.1,995.00,7.50,,,,76.0,179.0,105.0,,,,,,4.9
B6.PWD-Chr10.1,f,7600F08,12.72,10.76,7.6,88.4,1.1,2.0,0.4,0.6,16.20,54.40,50.60,15.10,29.80,29.70,13.40,1.75,16.1,1080.00,7.40,,,,83.0,231.0,126.0,,,,,,4.0
B6.PWD-Chr10.1,f,7600F09,12.49,10.17,4.3,91.9,1.1,1.6,0.4,0.8,16.00,51.90,51.10,15.80,30.90,30.20,13.30,1.77,15.7,1045.00,7.60,,,,79.0,218.0,68.0,71.6,,,,,4.9
B6.PWD-Chr10.1,f,7600F10,13.45,10.56,5.1,91.8,0.9,0.8,0.4,1.0,16.50,53.90,51.10,15.60,30.50,30.10,12.80,1.77,16.2,1117.00,7.30,,,,76.0,154.0,100.0,65.4,,,,,4.7
B6.PWD-Chr10.1,f,7600F11,,11.03,6.1,81.3,1.2,7.4,0.7,3.4,17.50,63.70,57.70,15.90,27.50,27.60,16.00,2.28,17.5,475.00,7.50,,,,67.0,123.0,79.0,48.5,,,,,14.0
B6.PWD-Chr10.1,f,7600F12,,,,,,,,,,,,,,,,,,,,,,,86.0,221.0,121.0,78.5,,,,,
B6.PWD-Chr10.1,f,7600F13,,,,,,,,,,,,,,,,,,,,,,,71.0,194.0,152.0,59.4,,,,,
B6.PWD-Chr10.1,f,7600F14,,,,,,,,,,,,,,,,,,,,,,,70.0,188.0,100.0,59.3,,,,,
B6.PWD-Chr10.1,f,7600F15,,,,,,,,,,,,,,,,,,,,,,,78.0,200.0,94.0,68.0,,,,,
B6.PWD-Chr10.1,f,7600F17,,,,,,,,,,,,,,,,,,,,,,,81.0,184.0,92.0,,,,,,
B6.PWD-Chr10.1,f,7600F18,9.87,10.26,5.0,88.1,1.5,4.8,0.3,0.4,16.20,52.50,51.20,15.80,30.90,29.30,13.10,1.74,15.4,989.00,6.40,,,,,,,,,,,,3.4
B6.PWD-Chr10.1,f,7600F19,14.08,10.53,4.3,89.4,1.4,3.7,0.3,0.9,16.30,53.40,50.70,15.50,30.50,29.40,13.60,1.78,15.7,887.00,6.60,,,,,,,,,,,,4.2
B6.PWD-Chr10.1,f,7600F20,14.09,10.29,4.3,89.6,1.4,3.7,0.4,0.5,16.00,52.70,51.20,15.60,30.40,29.20,13.30,1.74,15.4,864.00,6.30,,,,,,,,,,,,4.0
B6.PWD-Chr10.1,f,7600F21,14.51,10.64,4.3,90.3,1.4,2.9,0.3,0.9,16.40,54.10,50.80,15.40,30.30,29.30,14.20,1.88,15.8,860.00,6.20,,,,,,,,,,,,5.2
B6.PWD-Chr10.1,f,7600F22,17.08,10.35,4.4,90.7,1.4,1.5,0.8,1.3,15.70,51.20,49.50,15.20,30.70,29.80,13.70,1.84,15.3,843.00,6.10,,,,,,,,,,,,4.2
B6.PWD-Chr10.1,m,7600M02,,,,,,,,,,,,,,,,,,,,,,,87.0,259.0,84.0,,,,,,
B6.PWD-Chr10.1,m,7600M03,,,,,,,,,,,,,,,,,,,,,,,83.0,232.0,105.0,,,,,,
B6.PWD-Chr10.1,m,7600M04,,,,,,,,,,,,,,,,,,,,,,,73.0,200.0,91.0,64.7,,,,,
B6.PWD-Chr10.1,m,7600M05,,,,,,,,,,,,,,,,,,,,,,,69.0,224.0,59.0,,,,,,
B6.PWD-Chr10.1,m,7600M06,,,,,,,,,,,,,,,,,,,,,,,88.0,252.0,93.0,78.7,,,,,
B6.PWD-Chr10.1,m,7600M07,,,,,,,,,,,,,,,,,,,,,,,94.0,199.0,133.0,72.6,,,,,
B6.PWD-Chr10.1,m,7600M08,,,,,,,,,,,,,,,,,,,,,,,94.0,199.0,133.0,72.6,,,,,
B6.PWD-Chr10.1,m,7600M09,8.52,10.46,11.8,79.8,2.0,5.6,0.3,0.5,15.90,54.30,51.90,15.20,29.20,28.50,15.90,1.85,15.5,1133.00,6.60,,,,86.0,161.0,88.0,71.1,,,,,4.6
B6.PWD-Chr10.1,m,7600M10,8.62,10.02,31.8,62.5,2.4,2.3,0.2,0.7,15.20,52.00,51.90,15.10,29.20,28.30,15.40,1.86,14.7,1176.00,6.30,,,,79.0,168.0,64.0,60.8,,,,,4.7
B6.PWD-Chr10.1,m,7600M11,8.88,,24.3,69.9,2.4,2.4,0.2,0.8,,37.60,54.20,15.40,28.40,27.80,21.10,2.30,10.5,1093.00,5.90,,,,,,,,,,,,11.1
B6.PWD-Chr10.1,m,7600M12,10.67,9.74,31.9,59.2,4.5,1.8,0.4,2.3,14.90,49.90,51.20,15.20,29.80,29.00,16.00,1.97,14.5,1209.00,6.20,,,,77.0,200.0,47.0,57.8,,,,,4.6
B6.PWD-Chr10.1,m,7600M15,8.99,9.92,39.1,54.2,3.4,2.3,0.3,0.6,15.40,56.10,56.60,15.60,27.50,26.90,15.00,1.67,15.1,1444.00,8.00,,,,,,,,,,,,4.2
B6.PWD-Chr10.1,m,7600M16,6.75,10.20,24.6,67.7,4.2,2.5,0.2,0.8,15.20,56.00,54.90,15.00,27.20,27.20,14.40,1.75,15.2,1309.00,8.10,,,,,,,,,,,,4.9
B6.PWD-Chr10.2,f,7601F08,6.19,10.37,8.6,86.2,2.1,2.0,0.6,0.5,16.20,55.50,53.60,15.60,29.10,27.90,13.40,1.48,15.5,837.00,7.50,,,,63.0,123.0,48.0,41.4,,,,,3.4
B6.PWD-Chr10.2,f,7601F09,6.19,10.40,7.8,87.1,2.4,2.1,0.3,0.4,16.20,55.40,53.30,15.60,29.30,28.30,14.60,1.69,15.7,825.00,6.60,,,,67.0,147.0,63.0,44.7,,,,,6.2
B6.PWD-Chr10.2,f,7601F10,5.41,10.46,11.6,82.0,2.3,2.8,0.4,0.8,16.40,56.60,54.10,15.70,29.00,28.00,14.70,1.64,15.8,701.00,7.20,,,,60.0,133.0,42.0,40.5,,,,,7.5
B6.PWD-Chr10.2,f,7601F11,7.86,9.27,7.3,88.2,1.5,2.2,,0.6,15.00,50.40,54.40,16.20,29.70,28.80,15.10,,,1017.00,,,,,,,107.0,62.3,,,,,
B6.PWD-Chr10.2,f,7601F12,7.10,9.57,10.5,82.9,1.5,4.4,,0.5,15.70,51.20,53.50,16.40,30.60,28.90,15.90,,,885.00,,,,,80.0,,103.0,61.1,,,,,
B6.PWD-Chr10.2,f,7601F13,9.67,9.13,7.6,88.1,1.6,1.6,,0.8,14.40,49.80,54.60,15.80,29.00,28.10,15.40,,,1131.00,,,,,84.0,,104.0,61.8,,,,,
B6.PWD-Chr10.2,f,7601F14,6.92,9.74,9.6,84.4,1.8,3.4,,0.5,16.20,55.10,56.60,16.60,29.30,27.40,14.30,,,876.00,,,,,94.0,,135.0,65.1,,,,,
B6.PWD-Chr10.2,m,7601M08,9.45,10.52,5.1,90.9,1.8,1.3,0.2,0.7,16.00,57.00,54.20,15.20,28.10,27.50,13.10,1.47,15.7,962.00,7.50,,,,75.0,190.0,73.0,57.2,,,,,4.0
B6.PWD-Chr10.2,m,7601M09,9.18,10.21,6.5,88.3,1.4,3.0,,0.5,16.80,57.20,56.00,16.40,29.30,26.10,14.70,,,1169.00,,,,,84.0,,85.0,64.5,,,,,
B6.PWD-Chr10.2,m,7601M10,6.44,9.56,10.1,82.6,2.2,4.3,,0.5,15.80,53.90,56.40,16.60,29.40,27.00,15.90,,,1043.00,,,,,92.0,,113.0,72.1,,,,,
B6.PWD-Chr10.3,f,6599F01,6.91,9.70,14.7,78.4,1.7,3.4,0.3,1.5,16.00,49.40,51.00,16.50,32.40,30.00,13.90,1.78,14.8,805.00,5.30,,,,57.0,150.0,83.0,45.2,,,,,4.5
B6.PWD-Chr10.3,f,6599F02,6.28,9.00,9.7,78.6,0.9,9.8,0.2,0.8,15.40,47.20,52.50,17.20,32.70,30.00,13.70,1.83,14.2,858.00,4.90,,,,66.0,161.0,140.0,54.6,,,,,4.7
B6.PWD-Chr10.3,f,6599F03,6.66,9.38,9.9,86.8,0.8,1.8,0.1,0.7,16.00,49.80,53.10,17.00,32.10,29.80,14.20,1.90,14.9,1007.00,5.70,,,,62.0,143.0,97.0,51.6,,,,,5.4
B6.PWD-Chr10.3,f,6599F04,6.59,9.10,7.8,85.9,1.6,3.4,0.2,1.2,15.60,48.30,53.10,17.20,32.30,30.20,14.20,1.83,14.6,655.00,5.00,,,,78.0,157.0,103.0,61.8,,,,,4.6
B6.PWD-Chr10.3,f,6599F05,5.14,9.38,8.2,84.8,0.8,5.3,0.1,0.8,16.10,49.50,52.80,17.20,32.60,30.50,13.90,1.95,15.1,542.00,5.00,,,,57.0,208.0,97.0,45.1,,,,,5.3
B6.PWD-Chr10.3,f,6599F06,8.69,8.96,9.6,86.1,1.3,2.2,0.2,0.7,15.60,47.60,53.20,17.40,32.70,30.00,13.80,1.87,14.3,1093.00,5.50,,,,75.0,162.0,103.0,60.2,,,,,5.1
B6.PWD-Chr10.3,f,6599F07,,,,,,,,,,,,,,,,,,,,,,,74.0,218.0,65.0,52.6,,,,,
B6.PWD-Chr10.3,f,6599F08,,,,,,,,,,,,,,,,,,,,,,,74.0,207.0,95.0,54.8,,,,,
B6.PWD-Chr10.3,f,6599F09,4.13,9.06,4.0,78.0,11.4,0.2,0.5,5.9,14.70,47.50,52.50,16.30,31.00,30.20,12.30,1.73,14.3,1051.00,6.60,,,,,,,,,,,,5.0
B6.PWD-Chr10.3,f,6599F10,5.43,9.38,9.6,69.8,12.5,0.3,0.4,7.2,15.40,49.70,53.00,16.40,31.00,29.80,12.40,1.75,14.8,892.00,6.40,,,,,,,,,,,,4.9
B6.PWD-Chr10.3,f,6599F11,2.73,9.41,10.3,62.1,,0.4,0.6,6.7,15.60,50.70,53.90,16.60,30.80,29.70,12.60,1.80,15.0,914.00,6.70,,,,,,,,,,,,6.0
B6.PWD-Chr10.3,f,6599F12,3.46,9.73,,,,,,,16.30,53.10,54.60,16.80,30.80,29.00,12.10,1.73,15.4,1007.00,6.60,,,,,,,,,,,,5.6
B6.PWD-Chr10.3,m,6599M01,6.63,9.11,9.4,80.2,1.7,7.4,0.3,0.9,15.10,48.20,52.90,16.50,31.20,29.20,14.40,1.66,14.1,517.00,4.90,,,,80.0,204.0,129.0,64.4,,,,,5.4
B6.PWD-Chr10.3,m,6599M02,5.17,8.99,10.8,82.5,2.2,3.0,0.3,1.2,15.30,47.70,53.00,17.00,32.10,29.60,13.70,1.73,14.1,796.00,5.30,,,,77.0,192.0,118.0,64.1,,,,,5.9
B6.PWD-Chr10.3,m,6599M03,9.70,9.34,8.6,83.8,1.3,5.2,0.1,1.0,15.90,49.50,53.00,17.00,32.10,30.10,14.60,1.85,14.9,1320.00,5.80,,,,76.0,212.0,143.0,61.0,,,,,5.3
B6.PWD-Chr10.3,m,6599M04,,,,,,,,,,,,,,,,,,,,,,,81.0,239.0,137.0,66.0,,,,,
B6.PWD-Chr10.3,m,6599M05,8.11,9.44,10.1,84.8,1.9,2.1,0.2,0.8,16.10,50.80,53.90,17.00,31.60,28.90,14.50,1.70,14.7,1057.00,5.80,,,,83.0,232.0,168.0,67.5,,,,,5.2
B6.PWD-Chr10.3,m,6599M06,,,,,,,,,,,,,,,,,,,,,,,83.0,187.0,136.0,58.5,,,,,
B6.PWD-Chr10.3,m,6599M07,,,,,,,,,,,,,,,,,,,,,,,71.0,235.0,115.0,52.8,,,,,
B6.PWD-Chr10.3,m,6599M08,,,,,,,,,,,,,,,,,,,,,,,78.0,221.0,106.0,58.1,,,,,
B6.PWD-Chr10.3,m,6599M13,8.71,9.44,6.6,87.9,2.4,1.9,0.3,0.9,15.70,51.80,54.90,16.60,30.30,29.10,13.10,1.68,15.1,1161.00,7.20,,,,,,,,,,,,5.0
B6.PWD-Chr10.3,m,6599M14,7.40,9.85,6.3,83.3,2.2,7.3,0.2,0.6,13.10,53.70,54.50,13.30,24.50,29.10,12.80,1.70,15.6,1049.00,7.40,,,,,,,,,,,,4.9
B6.PWD-Chr10.3,m,6599M15,7.35,9.87,7.2,86.9,1.9,2.7,0.1,1.2,16.20,54.10,54.80,16.50,30.10,29.00,12.80,1.69,15.7,1261.00,7.40,,,,,,,,,,,,5.2
B6.PWD-Chr10.3,m,6599M16,8.22,9.68,6.7,89.0,1.8,1.7,0.3,0.6,16.00,53.30,55.10,16.60,30.00,28.90,12.80,1.62,15.4,1209.00,7.30,,,,,,,,,,,,4.2
B6.PWD-Chr11.1,f,5997F1900,10.12,9.57,6.8,88.0,1.8,1.4,1.5,0.4,15.20,40.40,42.30,15.90,37.60,36.70,16.00,2.34,14.8,912.00,4.30,122.3,42.4,74.3,,,,,,,,33.0,2.2
B6.PWD-Chr11.1,f,5997F1901,9.60,8.73,9.3,85.1,1.4,2.1,1.5,0.7,14.40,37.30,42.70,16.50,38.60,36.80,15.80,2.41,13.7,896.00,4.80,123.1,80.7,156.3,,,,,,,,28.0,3.1
B6.PWD-Chr11.1,f,5997F1902,9.69,10.22,7.4,87.9,1.3,1.5,1.0,0.8,15.80,43.30,42.40,15.50,36.60,36.50,16.30,2.41,15.8,863.00,4.40,122.5,67.1,181.8,,,,,,,,32.0,2.7
B6.PWD-Chr11.1,f,5997F1903,13.82,9.49,6.2,88.9,1.5,1.7,1.2,0.5,14.80,39.90,42.00,15.60,37.00,36.70,17.60,2.56,14.6,977.00,4.20,112.9,81.4,167.5,,,,,,,,29.0,3.4
B6.PWD-Chr11.1,f,5997F1904,4.82,8.66,12.9,77.6,2.9,3.3,2.4,0.9,14.10,36.00,41.60,16.30,39.20,35.80,17.40,2.76,12.9,799.00,7.30,119.2,134.9,179.9,56.0,191.0,95.0,42.8,135.0,2.20,0.45,26.0,4.9
B6.PWD-Chr11.1,f,5997F1905,7.27,10.14,9.0,85.8,1.6,2.0,1.0,0.6,15.60,41.80,41.20,15.40,37.30,36.10,15.80,2.29,15.1,952.00,4.20,115.3,85.6,192.2,54.0,208.0,97.0,40.7,136.0,2.44,0.29,27.0,2.5
B6.PWD-Chr11.1,f,5997F2100,9.18,9.49,7.3,89.3,0.6,1.1,0.9,0.8,15.20,42.20,44.40,16.00,36.00,35.00,16.90,2.43,14.8,959.00,4.50,111.7,144.1,193.3,,,,,,,,24.0,4.1
B6.PWD-Chr11.1,f,5997F2400,8.45,9.48,9.6,84.9,1.8,1.5,0.9,1.3,15.10,42.10,44.40,15.90,35.80,35.30,16.60,2.32,14.8,962.00,4.20,94.0,98.7,209.4,,,,,,,,21.0,3.9
B6.PWD-Chr11.1,f,5997F2401,7.18,9.48,8.1,88.3,0.7,1.7,0.7,0.5,15.60,42.80,45.10,16.50,36.50,35.30,16.20,2.30,15.1,847.00,4.40,109.3,113.0,166.6,,,,,,,,15.0,3.3
B6.PWD-Chr11.1,f,5997F2413,,,,,,,,,,,,,,,,,,,,,,,70.0,,87.0,,,,,,
B6.PWD-Chr11.1,m,5997M1906,8.19,9.73,19.5,76.6,0.9,1.9,0.6,0.6,14.60,41.20,42.30,15.00,35.60,35.10,16.70,2.43,14.4,1031.00,4.10,107.5,103.3,185.9,77.0,207.0,77.0,60.4,189.0,1.60,0.29,21.0,3.3
B6.PWD-Chr11.1,m,5997M1907,8.32,8.96,28.3,67.8,1.0,1.3,0.9,0.7,14.00,37.80,42.10,15.60,37.10,36.10,16.70,2.47,13.6,1096.00,4.20,119.1,94.6,228.2,89.0,200.0,90.0,65.6,119.0,2.03,0.69,23.0,4.3
B6.PWD-Chr11.1,m,5997M2103,8.02,9.28,9.5,85.7,1.4,1.5,1.0,1.0,14.90,41.80,45.00,16.10,35.70,34.80,16.30,2.36,14.5,1045.00,4.20,108.4,205.1,257.7,,,,,,,,21.0,4.5
B6.PWD-Chr11.1,m,5997M2104,9.88,9.39,9.1,86.2,1.3,1.2,1.1,1.1,14.90,41.30,44.00,15.80,36.00,35.20,16.80,2.48,14.5,1118.00,4.30,118.5,259.4,269.9,,,,,,,,23.0,4.7
B6.PWD-Chr11.1,m,5997M2200,6.14,9.27,10.2,85.0,1.5,1.9,0.8,0.6,14.90,41.70,45.00,16.10,35.70,34.40,15.20,2.24,14.4,1094.00,4.30,103.1,172.3,246.6,,,,,,,,27.0,3.9
B6.PWD-Chr11.1,m,5997M2402,8.89,9.97,9.1,86.2,1.8,1.8,0.4,0.7,16.00,47.00,47.20,16.10,34.10,32.90,15.20,2.08,15.5,1093.00,4.70,98.2,175.3,240.6,,,,,,,,27.0,3.3
B6.PWD-Chr11.1,m,5997M2403,8.68,8.64,13.2,82.2,1.3,1.6,0.5,1.2,14.10,40.10,46.50,16.30,35.10,33.90,17.00,2.25,13.6,1143.00,4.30,92.4,148.8,227.8,,,,,,,,27.0,5.5
B6.PWD-Chr11.1,m,5997M2404,8.00,8.77,8.9,85.8,1.2,2.3,1.3,0.5,14.70,40.00,45.60,16.80,36.90,34.60,16.80,2.52,13.8,1151.00,4.90,92.7,141.3,244.6,,,,,,,,28.0,4.6
B6.PWD-Chr11.1,m,5997M2414,,,,,,,,,,,,,,,,,,,,,,,83.0,,103.0,,,,,,
B6.PWD-Chr11.2,f,5998F1200,7.86,9.93,6.9,91.2,0.9,1.8,2.1,0.6,15.30,41.70,42.30,15.50,36.70,33.90,16.20,2.70,14.0,936.00,9.30,107.4,133.5,150.3,,,,,,,,20.0,2.6
B6.PWD-Chr11.2,f,5998F1201,6.26,9.98,7.4,91.6,0.9,1.3,1.2,0.6,15.60,42.60,42.70,15.60,36.50,34.60,16.80,2.38,14.7,932.00,8.00,105.6,120.6,187.3,,,,,,,,22.0,3.2
B6.PWD-Chr11.2,f,5998F1500,10.40,9.65,6.5,88.6,1.4,1.9,0.6,1.0,14.40,40.40,41.80,14.90,35.70,34.70,16.80,2.25,14.0,967.00,4.20,110.3,179.8,191.0,,,,,,,,21.0,2.2
B6.PWD-Chr11.2,f,5998F1505,,,,,,,,,,,,,,,,,,,,115.3,78.5,183.8,,,,,,,,,
B6.PWD-Chr11.2,f,5998F1600,7.84,10.01,5.3,90.0,1.9,1.6,0.7,0.5,14.70,39.30,39.20,14.70,37.50,35.90,15.60,2.31,14.1,965.00,4.10,116.7,73.5,217.2,79.0,171.0,101.0,61.4,76.0,2.66,0.29,30.0,1.9
B6.PWD-Chr11.2,f,5998F1601,4.47,10.31,8.4,87.6,1.2,1.9,0.6,0.4,14.80,40.10,38.90,14.40,36.90,35.20,15.90,2.32,14.1,808.00,4.20,,93.2,232.0,94.0,194.0,157.0,66.0,102.0,3.30,0.70,17.0,2.3
B6.PWD-Chr11.2,f,5998F1602,8.80,10.02,8.9,85.2,1.3,3.1,0.9,0.8,14.10,39.10,39.10,14.10,36.10,35.30,17.40,2.33,13.8,933.00,4.10,119.5,34.9,174.8,,,,,,,,,2.4
B6.PWD-Chr11.2,f,5998F1603,5.35,10.66,6.2,88.4,1.9,2.5,0.5,0.4,15.30,42.80,40.10,14.40,35.80,34.60,16.80,2.14,14.8,910.00,4.20,,85.4,241.1,66.0,181.0,100.0,52.0,59.0,2.71,0.37,31.0,1.5
B6.PWD-Chr11.2,f,5998F1604,5.44,11.67,5.9,91.1,0.8,1.2,0.2,0.8,16.80,52.40,44.90,14.40,32.00,29.90,16.10,1.84,15.7,1099.00,5.10,,85.6,224.9,85.0,176.0,129.0,60.5,142.0,2.95,0.15,17.0,2.5
B6.PWD-Chr11.2,f,5998F1611,,,,,,,,,,,,,,,,,,,,,,,87.0,,78.0,,,,,,
B6.PWD-Chr11.2,f,5998F1612,,,,,,,,,,,,,,,,,,,,,,,82.0,,93.0,,,,,,
B6.PWD-Chr11.2,f,5998F1613,,,,,,,,,,,,,,,,,,,,,,,82.0,,162.0,,,,,,
B6.PWD-Chr11.2,f,5998F1614,,,,,,,,,,,,,,,,,,,,,,,70.0,,110.0,,,,,,
B6.PWD-Chr11.2,f,5998F1615,,,,,,,,,,,,,,,,,,,,,,,77.0,,104.0,,,,,,
B6.PWD-Chr11.2,f,5998F1616,,,,,,,,,,,,,,,,,,,,,,,76.0,,119.0,,,,,,
B6.PWD-Chr11.2,m,5998M1107,3.38,9.43,7.0,89.6,0.8,2.1,0.3,0.2,14.00,40.50,42.90,14.90,34.60,33.00,16.50,2.17,13.4,1122.00,5.60,102.6,217.9,,,,,,,,,,3.8
B6.PWD-Chr11.2,m,5998M1501,7.48,9.44,9.6,85.2,2.5,0.6,0.5,1.7,13.80,38.20,40.50,14.60,36.10,34.40,18.50,2.28,13.1,1163.00,4.20,110.3,185.9,244.8,,,,,,,,22.0,3.2
B6.PWD-Chr11.2,m,5998M1503,8.62,9.68,11.0,83.1,2.4,1.3,0.9,1.2,14.20,39.80,41.10,14.60,35.50,34.90,16.00,2.31,13.9,1107.00,4.20,111.8,199.1,242.3,,,,,,,,25.0,3.6
B6.PWD-Chr11.2,m,5998M1504,9.99,9.94,15.7,77.3,2.8,1.5,1.5,1.2,14.10,39.40,39.60,14.20,35.70,34.80,18.30,2.38,13.7,1130.00,4.30,,221.0,257.9,,,,,,,,26.0,4.1
B6.PWD-Chr11.2,m,5998M1506,7.37,9.70,38.1,57.8,1.9,0.8,0.6,0.8,14.10,39.40,40.70,14.60,35.90,35.00,15.80,2.28,13.8,1124.00,4.20,,72.4,202.3,,,,,,,,27.0,2.4
B6.PWD-Chr11.2,m,5998M1507,8.93,9.55,30.9,63.0,2.8,1.4,1.0,0.9,14.60,39.20,41.00,15.30,37.20,34.40,16.70,2.18,13.5,1150.00,4.20,,96.5,197.8,,,,,,,,28.0,2.1
B6.PWD-Chr11.2,m,5998M1605,5.37,10.53,30.1,66.0,1.8,1.4,0.2,0.5,15.10,46.70,44.30,14.30,32.20,30.30,18.10,2.00,14.1,1155.00,5.30,,84.7,207.2,87.0,260.0,116.0,67.5,90.0,2.62,0.46,27.0,3.8
B6.PWD-Chr11.2,m,5998M1606,8.69,9.56,35.3,60.6,1.4,1.2,0.4,1.1,14.00,39.10,40.80,14.60,35.80,34.30,17.20,2.36,13.4,1084.00,4.20,113.2,64.1,188.0,93.0,243.0,118.0,76.2,109.0,2.96,0.68,29.0,3.6
B6.PWD-Chr11.2,m,5998M1613,,,,,,,,,,,,,,,,,,,,,,,101.0,,120.0,,,,,,
B6.PWD-Chr11.2,m,5998M1614,,,,,,,,,,,,,,,,,,,,,,,99.0,,132.0,,,,,,
B6.PWD-Chr11.2,m,5998M1615,,,,,,,,,,,,,,,,,,,,,,,101.0,,99.0,,,,,,
B6.PWD-Chr11.2,m,5998M1616,,,,,,,,,,,,,,,,,,,,,,,95.0,,103.0,,,,,,
B6.PWD-Chr11.2,m,5998M1617,,,,,,,,,,,,,,,,,,,,,,,107.0,,142.0,,,,,,
B6.PWD-Chr11.2,m,5998M1618,,,,,,,,,,,,,,,,,,,,,,,105.0,,102.0,,,,,,
B6.PWD-Chr11.2,m,5998M1619,,,,,,,,,,,,,,,,,,,,,,,107.0,,152.0,,,,,,
B6.PWD-Chr11.2,m,5998M1620,,,,,,,,,,,,,,,,,,,,,,,108.0,,118.0,,,,,,
B6.PWD-Chr11.3,f,6372F2200,7.64,10.44,8.1,88.2,0.3,1.4,0.4,1.5,15.40,44.70,42.90,14.80,34.40,32.00,15.50,2.11,14.3,815.00,4.50,90.1,159.6,223.2,83.0,187.0,80.0,60.3,134.0,2.63,0.34,,2.8
B6.PWD-Chr11.3,f,6372F2300,9.34,9.41,5.6,89.3,0.9,1.9,0.6,1.7,14.10,41.70,44.30,15.00,33.80,32.10,15.20,2.06,13.4,921.00,4.50,97.0,80.9,193.6,84.0,208.0,110.0,74.9,61.0,3.69,0.67,20.0,2.2
B6.PWD-Chr11.3,f,6372F2301,10.83,10.02,7.7,86.9,1.0,1.6,0.8,1.9,14.60,43.60,43.50,14.60,33.50,32.30,16.00,2.07,14.1,892.00,4.50,93.6,72.2,189.4,79.0,219.0,124.0,65.4,67.0,3.52,0.61,24.0,2.0
B6.PWD-Chr11.3,f,6372F2400,9.11,9.17,10.1,78.2,0.7,9.2,1.0,0.8,15.00,39.70,43.30,16.30,37.70,31.00,16.20,2.13,12.3,941.00,16.10,94.9,93.7,202.0,82.0,172.0,70.0,69.8,62.0,2.16,0.64,24.0,4.0
B6.PWD-Chr11.3,f,6372F2401,11.56,9.92,5.4,90.7,0.6,1.4,0.9,0.9,15.20,42.80,43.10,15.30,35.50,31.40,16.30,2.15,13.5,1073.00,12.90,97.2,84.1,193.1,94.0,196.0,128.0,79.2,56.0,2.92,0.38,18.0,4.1
B6.PWD-Chr11.3,f,6372F2402,11.03,8.51,6.0,84.8,0.5,4.8,1.9,1.9,13.60,38.30,45.00,16.00,35.60,30.00,17.70,2.80,11.5,1027.00,14.50,95.3,76.4,148.4,76.0,210.0,86.0,67.0,80.0,2.60,0.64,26.0,3.4
B6.PWD-Chr11.3,f,6372F2500,14.48,9.25,8.5,85.0,0.9,3.2,1.3,1.1,15.30,42.10,45.50,16.60,36.40,30.20,16.30,2.17,12.7,1149.00,14.50,105.1,105.5,231.0,86.0,232.0,93.0,69.2,65.0,2.20,0.63,19.0,7.2
B6.PWD-Chr11.3,f,6372F2504,9.41,9.68,5.1,88.7,0.5,1.2,3.7,0.9,14.50,41.20,42.50,14.90,35.10,35.50,14.90,2.57,14.6,875.00,4.90,100.1,73.7,172.5,86.0,218.0,96.0,71.7,81.0,2.91,0.72,18.0,1.3
B6.PWD-Chr11.3,m,6372M2403,7.78,8.95,8.6,86.6,0.5,1.5,2.0,0.9,15.20,39.70,44.30,17.00,38.40,30.60,17.90,2.81,12.1,1689.00,13.50,96.0,93.9,241.1,116.0,298.0,150.0,99.0,60.0,3.44,0.32,26.0,4.4
B6.PWD-Chr11.3,m,6372M2404,8.26,10.13,7.1,89.2,0.8,1.3,1.0,0.7,15.40,45.00,44.40,15.20,34.30,30.50,15.60,2.16,13.7,964.00,6.30,100.0,131.2,283.0,120.0,158.0,122.0,69.8,60.0,3.16,0.38,26.0,3.9
B6.PWD-Chr11.3,m,6372M2501,13.01,8.93,8.7,85.5,0.9,2.6,1.3,1.0,13.70,40.50,45.40,15.30,33.70,30.10,16.20,2.20,12.2,1376.00,14.20,100.1,92.5,253.7,111.0,250.0,147.0,88.8,75.0,3.59,0.45,28.0,7.2
B6.PWD-Chr11.3,m,6372M2502,13.37,9.39,7.1,87.2,1.2,2.3,1.3,0.9,14.20,43.30,46.10,15.20,32.90,29.80,16.00,2.24,12.9,1321.00,12.90,98.2,128.0,249.9,100.0,186.0,123.0,80.7,75.0,2.85,0.62,28.0,7.9
B6.PWD-Chr11.3,m,6372M2503,10.56,8.94,7.4,87.8,0.9,2.0,1.3,0.6,14.00,40.40,45.20,15.70,34.60,30.60,15.10,2.30,12.4,1579.00,15.80,96.7,121.8,217.1,90.0,204.0,124.0,69.6,40.0,2.47,0.82,16.0,9.0
B6.PWD-Chr11.3,m,6372M2505,12.23,9.64,4.0,89.5,0.5,1.8,2.9,1.2,13.90,42.00,43.50,14.40,33.20,33.70,14.80,2.30,14.2,773.00,4.80,95.0,117.2,224.1,91.0,218.0,153.0,68.2,121.0,3.25,0.87,26.0,2.4
B6.PWD-Chr11.3,m,6372M2506,10.52,9.51,5.0,88.9,0.5,1.4,3.2,1.0,13.50,40.60,42.60,14.20,33.20,34.10,14.60,2.42,13.8,1018.00,4.80,100.5,100.5,223.1,96.0,251.0,151.0,80.4,75.0,3.71,0.59,23.0,2.4
B6.PWD-Chr11.3,m,6372M2507,13.84,9.27,8.4,85.2,0.8,1.3,2.8,1.5,13.20,38.80,41.90,14.20,33.90,34.70,14.60,2.50,13.5,1038.00,4.60,93.4,110.6,195.4,81.0,240.0,128.0,61.3,74.0,2.31,0.27,23.0,2.7
B6.PWD-Chr12,f,5263F400,6.50,10.31,10.2,86.5,1.1,1.0,0.2,1.1,15.90,49.00,47.50,15.40,32.40,30.30,15.40,1.72,14.9,1021.00,5.40,111.8,,202.9,83.0,197.0,141.0,58.6,57.0,3.06,0.70,,4.1
B6.PWD-Chr12,f,5263F401,7.06,9.63,7.2,89.7,0.9,1.1,0.1,1.1,15.00,45.60,47.40,15.60,32.80,30.80,14.60,1.68,14.1,1065.00,5.30,95.3,72.5,213.9,70.0,226.0,121.0,53.1,,2.87,,,3.1
B6.PWD-Chr12,f,5263F402,8.54,9.42,8.5,87.9,0.9,1.3,0.3,1.1,15.00,43.60,46.30,15.90,34.40,31.70,15.40,1.81,13.8,1051.00,5.30,106.6,67.4,199.2,81.0,179.0,125.0,58.5,74.0,3.21,0.60,,3.1
B6.PWD-Chr12,f,5263F403,6.68,9.64,8.3,88.7,0.8,1.1,0.2,0.9,14.70,44.10,45.80,15.30,33.30,31.00,16.80,1.82,13.7,904.00,5.90,94.7,58.8,206.2,,,,,,,,,4.2
B6.PWD-Chr12,f,5263F403_a,,,,,,,,,,,,,,,,,,,,,,,101.0,212.0,127.0,70.7,,,,,
B6.PWD-Chr12,f,5263F403_b,,,,,,,,,,,,,,,,,,,,,,,91.0,178.0,105.0,80.5,,2.85,,,
B6.PWD-Chr12,f,5263F404,9.85,10.38,9.8,86.5,1.0,1.4,0.2,1.0,16.00,49.20,47.40,15.40,32.60,30.60,16.10,1.78,15.0,753.00,5.20,98.8,,198.6,81.0,187.0,125.0,59.9,57.0,2.66,0.70,,3.7
B6.PWD-Chr12,f,5263F410,8.53,9.30,10.3,86.2,0.5,1.3,0.4,1.2,14.80,44.90,48.30,15.90,33.00,30.80,13.90,1.74,13.8,1042.00,7.10,85.2,82.5,172.3,77.0,204.0,89.0,63.1,67.0,1.53,,,3.1
B6.PWD-Chr12,f,5263F411,8.82,9.24,13.1,82.4,1.4,1.4,0.3,1.4,14.00,44.40,48.00,15.20,31.60,30.90,14.30,1.75,13.7,1023.00,5.10,96.0,75.9,228.5,78.0,211.0,100.0,64.4,67.0,1.65,0.40,,3.0
B6.PWD-Chr12,f,5263F412,7.69,9.98,10.6,86.2,1.0,0.9,0.1,1.1,15.50,49.00,49.10,15.50,31.60,30.00,13.60,1.64,14.7,931.00,5.30,88.0,61.7,184.6,70.0,232.0,111.0,58.7,67.0,1.63,0.20,,3.0
B6.PWD-Chr12,m,5263M405,7.62,9.50,9.0,86.3,1.3,2.5,0.2,0.7,15.40,45.20,47.60,16.30,34.20,30.30,15.20,1.81,13.7,1285.00,10.50,112.4,,253.7,97.0,297.0,93.0,80.4,50.0,2.12,0.70,,4.6
B6.PWD-Chr12,m,5263M406,5.97,9.62,11.1,84.8,1.2,2.0,0.2,0.8,14.90,45.00,46.80,15.50,33.20,30.70,15.80,1.82,13.8,1201.00,5.00,111.1,92.6,253.9,106.0,266.0,105.0,85.1,56.0,2.51,0.60,,3.5
B6.PWD-Chr12,m,5263M407,10.24,10.13,6.1,90.5,0.9,1.3,0.1,1.1,15.80,48.20,47.60,15.60,32.70,30.30,15.00,1.78,14.6,1170.00,5.00,99.7,77.4,218.4,,,,,,,,,3.3
B6.PWD-Chr12,m,5263M407_a,,,,,,,,,,,,,,,,,,,,,,,102.0,281.0,91.0,84.0,,,,,
B6.PWD-Chr12,m,5263M407_b,,,,,,,,,,,,,,,,,,,,,,,106.0,200.0,81.0,96.9,56.0,2.47,,,
B6.PWD-Chr12,m,5263M408,9.94,9.08,6.3,89.3,1.1,1.9,0.3,1.1,14.40,42.50,46.70,15.90,34.00,30.70,16.00,1.88,13.1,1099.00,5.40,117.6,57.0,138.3,111.0,306.0,89.0,82.1,,2.31,,,4.8
B6.PWD-Chr12,m,5263M409,8.13,9.72,10.5,85.4,0.8,2.3,0.2,0.8,15.30,45.90,47.20,15.70,33.40,30.70,15.00,1.88,14.1,1024.00,5.50,118.6,73.5,272.2,,,,,,,,,4.6
B6.PWD-Chr12,m,5263M409_a,,,,,,,,,,,,,,,,,,,,,,,115.0,294.0,124.0,92.6,,,,,
B6.PWD-Chr12,m,5263M409_b,,,,,,,,,,,,,,,,,,,,,,,104.0,220.0,117.0,94.5,59.0,3.20,0.80,,
B6.PWD-Chr12,m,5263M414,7.85,10.46,12.0,82.4,1.8,2.0,0.2,1.5,16.40,56.50,54.00,15.60,29.00,27.00,13.30,1.46,15.3,1266.00,7.20,101.4,78.1,269.6,87.0,293.0,97.0,76.8,62.0,1.66,0.50,,3.1
B6.PWD-Chr12,m,5263M415,7.89,10.42,12.1,83.0,2.0,1.8,0.2,0.8,16.40,57.10,54.80,15.70,28.60,26.90,13.10,1.47,15.3,1096.00,7.50,92.2,82.9,246.5,92.0,311.0,134.0,82.1,59.0,1.96,0.30,,4.0
B6.PWD-Chr12,m,5263M416,6.25,10.14,10.8,84.7,1.4,2.0,0.2,1.0,15.90,54.50,53.70,15.60,29.10,27.10,13.30,1.47,14.8,1383.00,7.20,96.5,69.0,251.4,102.0,224.0,136.0,87.7,110.0,2.11,0.50,,4.5
B6.PWD-Chr13,f,5519F3300,13.81,9.62,7.7,88.5,0.7,0.9,0.3,1.9,15.30,44.70,46.50,15.90,34.10,31.80,15.10,1.83,14.2,962.00,11.80,98.7,64.7,218.5,77.0,181.0,62.0,65.2,80.0,1.47,0.48,,5.0
B6.PWD-Chr13,f,5519F3400,11.19,10.14,13.7,81.9,0.6,1.5,0.2,2.1,15.20,47.10,46.40,15.00,32.30,30.30,15.00,1.79,14.3,799.00,6.50,,,,81.0,182.0,83.0,56.6,88.0,1.48,0.43,,4.9
B6.PWD-Chr13,f,5519F3401,8.78,10.39,7.0,89.9,0.8,1.5,0.1,0.6,15.90,48.40,46.60,15.30,32.80,30.30,15.10,1.78,14.6,887.00,10.20,,,,72.0,215.0,96.0,62.8,81.0,2.02,0.32,,4.9
B6.PWD-Chr13,f,5519F3402,8.84,10.66,9.6,85.9,0.7,1.9,0.3,1.6,16.00,49.30,46.30,15.00,32.40,30.20,15.50,1.76,14.9,716.00,5.60,,,,71.0,188.0,103.0,61.6,51.0,2.23,0.38,,3.8
B6.PWD-Chr13,f,5519F3403,11.16,10.02,15.1,81.3,0.8,1.3,0.2,1.2,15.70,46.70,46.60,15.70,33.60,30.30,15.30,1.67,14.2,880.00,11.90,,,,69.0,235.0,84.0,62.8,94.0,1.86,0.26,,3.4
B6.PWD-Chr13,f,5519F3404,6.85,10.49,6.9,90.2,0.5,1.4,0.2,0.7,15.60,49.10,46.90,14.90,31.80,30.00,15.50,1.73,14.7,819.00,6.80,,,,88.0,207.0,96.0,77.4,71.0,2.15,0.31,,5.7
B6.PWD-Chr13,f,5519F3405,10.21,9.92,7.8,89.2,0.6,0.9,0.4,1.1,15.40,46.40,46.80,15.50,33.20,30.10,16.10,1.70,14.0,974.00,11.40,,,,99.0,212.0,151.0,81.2,48.0,2.43,0.31,,5.5
B6.PWD-Chr13,f,5519F3700,12.06,10.22,5.1,92.6,0.7,0.5,0.3,0.9,15.30,46.80,45.80,14.90,32.60,31.30,14.90,2.28,14.7,751.00,4.70,,,,87.0,153.0,76.0,75.7,62.0,2.12,0.61,,3.0
B6.PWD-Chr13,m,5519M3301,14.19,9.46,5.9,91.1,0.8,0.7,0.4,1.1,13.90,42.90,45.30,14.70,32.40,31.90,14.50,1.89,13.7,1062.00,4.70,109.2,76.4,263.3,80.0,193.0,84.0,71.8,72.0,1.55,0.48,,5.7
B6.PWD-Chr13,m,5519M3302,12.08,10.43,7.1,89.9,0.6,1.3,0.2,0.9,14.90,47.90,45.90,14.30,31.20,31.00,16.20,2.21,14.8,838.00,4.70,,,,102.0,214.0,143.0,86.9,42.0,2.49,0.36,,4.7
B6.PWD-Chr13,m,5519M3406,,,,,,,,,,,,,,,,,,,,,,,82.0,247.0,86.0,73.8,73.0,2.01,0.32,,
B6.PWD-Chr13,m,5519M3406_a,11.10,9.46,15.5,81.2,0.7,1.2,0.3,1.1,15.10,44.40,47.00,16.00,34.10,30.10,16.90,1.93,13.4,1142.00,12.40,,,,,,,,,,,,7.0
B6.PWD-Chr13,m,5519M3406_b,14.89,10.46,6.7,90.7,0.5,1.0,0.3,0.7,15.70,50.30,48.10,15.00,31.10,30.60,15.20,2.13,15.4,877.00,5.10,,,,,,,,,,,,3.2
B6.PWD-Chr13,m,5519M3407,11.02,10.69,11.4,85.5,0.7,1.0,0.2,1.1,15.60,49.30,46.10,14.60,31.60,29.90,16.10,1.78,14.7,997.00,5.60,,,,106.0,192.0,132.0,92.3,60.0,2.84,0.43,,5.0
B6.PWD-Chr13,m,5519M3408,9.54,10.60,7.3,89.2,1.1,1.4,0.2,0.7,15.70,49.10,46.40,14.80,31.90,30.10,15.60,1.70,14.8,963.00,5.00,,,,107.0,202.0,134.0,93.9,54.0,2.61,0.31,,3.8
B6.PWD-Chr13,m,5519M3409,11.89,10.26,7.0,89.3,0.8,1.5,0.3,1.2,15.10,46.90,45.70,14.80,32.30,30.40,16.00,1.86,14.2,917.00,5.50,,,,83.0,223.0,100.0,74.4,73.0,2.19,0.43,,5.4
B6.PWD-Chr13,m,5519M3410,13.11,10.43,19.5,76.9,0.8,0.9,0.3,1.7,15.60,48.40,46.40,15.00,32.30,29.90,16.90,1.81,14.5,978.00,5.20,,,,98.0,218.0,139.0,81.6,81.0,2.35,0.59,,4.7
B6.PWD-Chr13,m,5519M3411,10.89,10.09,16.1,79.7,0.6,1.6,0.2,1.7,15.50,47.80,47.40,15.30,32.30,29.90,16.30,1.76,14.3,758.00,10.90,,,,93.0,201.0,142.0,80.2,65.0,2.41,0.39,,4.8
B6.PWD-Chr13,m,5519M9900,,,,,,,,,,,,,,,,,,,,,,252.4,,,,,,,,,
B6.PWD-Chr14,f,5264F300,8.44,8.63,7.8,87.9,1.2,2.0,0.4,0.7,13.40,40.30,46.70,15.50,33.20,32.40,15.90,1.85,13.1,1060.00,4.80,97.7,146.1,,78.0,168.0,99.0,58.4,79.0,2.52,0.60,,1.3
B6.PWD-Chr14,f,5264F301,10.20,9.36,10.5,84.8,0.9,2.2,0.5,1.1,14.40,43.80,46.80,15.40,32.90,32.00,15.70,1.82,14.0,975.00,5.10,89.9,152.0,223.5,83.0,194.0,92.0,64.7,45.0,2.18,0.50,,1.2
B6.PWD-Chr14,f,5264F500,10.78,9.09,7.5,89.4,0.4,1.4,0.2,1.2,13.80,42.10,46.30,15.10,32.70,31.10,15.90,1.76,13.1,1060.00,5.10,107.3,67.0,175.4,79.0,196.0,93.0,58.1,72.0,2.28,0.70,,3.3
B6.PWD-Chr14,f,5264F501,12.35,9.26,10.1,86.0,0.7,1.5,0.2,1.6,14.00,42.40,45.80,15.20,33.10,31.20,15.70,1.87,13.2,1243.00,5.10,108.3,61.5,221.1,78.0,193.0,106.0,58.4,76.0,2.88,,,3.4
B6.PWD-Chr14,f,5264F502,12.18,9.45,7.5,88.9,0.6,1.3,0.2,1.4,14.70,44.50,47.10,15.50,33.00,31.10,17.00,1.89,13.8,970.00,5.10,91.1,70.1,186.7,70.0,183.0,92.0,52.2,,2.45,,,4.5
B6.PWD-Chr14,f,5264F600,10.00,8.94,7.3,90.0,0.5,1.3,0.1,0.9,14.00,42.90,47.90,15.70,32.80,30.90,15.40,1.74,13.2,965.00,5.30,95.9,87.6,200.7,,,,,,,,,2.8
B6.PWD-Chr14,f,5264F600_a,,,,,,,,,,,,,,,,,,,,,,,95.0,231.0,94.0,72.3,,,,,
B6.PWD-Chr14,f,5264F600_b,,,,,,,,,,,,,,,,,,,,,,,77.0,193.0,91.0,70.5,75.0,2.60,0.80,,
B6.PWD-Chr14,f,5264F601,11.19,8.84,8.0,89.0,0.5,1.0,0.2,1.4,13.90,42.30,47.90,15.80,33.00,31.00,15.20,1.75,13.1,1082.00,6.00,98.4,85.1,202.0,,,,,,,,,4.1
B6.PWD-Chr14,f,5264F601_a,,,,,,,,,,,,,,,,,,,,,,,96.0,223.0,125.0,71.9,,,,,
B6.PWD-Chr14,f,5264F601_b,,,,,,,,,,,,,,,,,,,,,,,76.0,195.0,81.0,71.8,86.0,2.37,0.60,,
B6.PWD-Chr14,f,5264F602,9.97,8.85,11.3,84.5,0.7,1.5,0.2,1.7,13.80,42.10,47.60,15.60,32.70,30.50,14.50,1.73,12.9,1170.00,6.40,103.3,83.1,178.4,78.0,177.0,108.0,57.0,143.0,2.61,0.70,,4.2
B6.PWD-Chr14,f,5264F8001,,,,,,,,,,,,,,,,,,,,95.2,159.4,194.0,,,,,,,,,
B6.PWD-Chr14,m,5264M302,16.17,9.42,6.6,88.6,0.9,2.3,0.3,1.3,14.50,44.30,47.00,15.40,32.80,31.30,14.90,1.79,13.9,1124.00,4.80,89.3,142.6,213.3,92.0,239.0,115.0,73.4,66.0,2.32,0.60,,2.0
B6.PWD-Chr14,m,5264M303,14.59,9.45,7.8,86.7,1.1,2.1,0.4,1.9,14.70,44.00,46.60,15.50,33.30,31.60,14.80,1.78,13.9,1294.00,4.70,100.2,195.6,,104.0,221.0,106.0,83.1,66.0,2.38,0.60,,1.8
B6.PWD-Chr14,m,5264M304,17.01,9.67,8.5,87.6,0.9,1.3,0.3,1.4,14.80,45.30,46.80,15.30,32.70,31.30,14.80,1.80,14.2,1369.00,4.80,100.5,198.3,265.0,102.0,262.0,95.0,83.8,57.0,2.12,0.60,,1.9
B6.PWD-Chr14,m,5264M305,14.53,8.74,6.7,89.6,0.8,1.5,0.4,1.0,13.60,41.20,47.10,15.60,33.00,31.10,14.90,1.81,12.8,1460.00,5.00,101.9,231.5,75.5,105.0,241.0,119.0,85.5,63.0,2.58,0.60,,2.3
B6.PWD-Chr14,m,5264M507,12.65,9.66,9.4,87.7,0.4,0.8,0.2,1.5,14.80,46.00,47.60,15.40,32.30,30.40,15.10,1.79,14.0,1248.00,5.10,101.3,76.7,274.5,103.0,256.0,148.0,79.1,55.0,3.14,0.40,,3.7
B6.PWD-Chr14,m,5264M508,10.81,9.14,8.9,88.1,0.7,1.2,0.1,1.0,14.30,43.90,48.00,15.70,32.70,30.60,15.40,1.80,13.4,1197.00,5.20,96.8,67.2,226.1,,,,,,,,,4.4
B6.PWD-Chr14,m,5264M508_a,,,,,,,,,,,,,,,,,,,,,,,106.0,276.0,120.0,86.7,,,,,
B6.PWD-Chr14,m,5264M508_b,,,,,,,,,,,,,,,,,,,,,,,106.0,192.0,137.0,92.6,58.0,2.51,0.90,,
B6.PWD-Chr14,m,5264M603,11.85,9.58,7.8,88.8,0.7,1.3,0.2,1.2,14.80,46.50,48.60,15.50,31.90,30.50,14.90,1.75,14.2,1043.00,5.50,94.8,75.6,269.2,,,,,,,,,4.2
B6.PWD-Chr14,m,5264M603_a,,,,,,,,,,,,,,,,,,,,,,,101.0,190.0,153.0,71.2,,,,,
B6.PWD-Chr14,m,5264M603_b,,,,,,,,,,,,,,,,,,,,,,,85.0,237.0,140.0,76.3,55.0,2.82,0.70,,
B6.PWD-Chr14,m,5264M604,12.62,8.40,12.1,83.2,0.5,2.4,0.2,1.5,13.90,39.70,47.20,16.50,34.90,30.30,14.70,1.75,12.0,1488.00,8.00,95.9,73.8,300.2,98.0,157.0,108.0,72.4,65.0,2.68,0.70,,3.9
B6.PWD-Chr14,m,5264M8000,,,,,,,,,,,,,,,,,,,,,,234.6,,,,,,,,,
B6.PWD-Chr15,f,5265F2500,10.83,9.98,12.3,81.1,1.2,4.5,0.6,0.4,15.20,43.20,43.30,15.20,35.20,32.50,16.90,2.73,14.0,1144.00,10.40,94.2,139.8,181.6,79.0,166.0,78.0,67.0,71.0,1.98,0.29,,5.5
B6.PWD-Chr15,f,5265F2501,8.12,10.96,10.2,85.9,1.1,1.7,0.2,1.0,15.90,51.20,46.70,14.50,31.10,29.80,15.40,1.77,15.3,1091.00,5.10,92.6,121.0,166.4,88.0,183.0,90.0,72.4,99.0,2.18,0.39,,4.4
B6.PWD-Chr15,f,5265F2505,9.61,9.31,7.1,88.8,1.1,1.5,0.3,1.1,14.40,42.90,46.10,15.50,33.60,32.00,15.40,1.84,13.7,952.00,5.50,106.0,86.5,200.6,84.0,158.0,74.0,76.3,81.0,1.43,0.58,,3.7
B6.PWD-Chr15,f,5265F2507,8.80,10.46,7.2,88.9,0.9,1.8,0.4,0.8,15.40,49.60,47.40,14.70,31.00,30.80,14.50,2.26,15.3,807.00,5.20,,,,96.0,205.0,100.0,84.3,73.0,2.39,0.49,,4.4
B6.PWD-Chr15,f,5265F2600,7.89,9.85,11.7,83.9,0.7,1.5,0.3,1.9,15.20,46.10,46.80,15.40,32.90,31.00,14.40,1.85,14.3,978.00,5.00,108.5,120.6,191.7,87.0,198.0,110.0,77.3,99.0,2.83,0.69,,3.8
B6.PWD-Chr15,f,5265F2601,11.16,9.95,7.4,88.1,0.8,1.8,0.2,1.7,15.00,47.10,47.40,15.10,31.80,30.90,14.50,1.78,14.6,1014.00,4.80,111.0,135.7,183.2,82.0,183.0,82.0,72.6,56.0,2.42,0.49,,3.2
B6.PWD-Chr15,f,5265F2602,12.03,10.14,8.0,88.4,0.7,1.2,0.1,1.5,15.40,48.80,48.10,15.20,31.50,30.50,14.50,1.78,14.9,958.00,5.10,111.4,102.4,202.8,83.0,193.0,83.0,73.8,180.0,2.08,0.39,,3.6
B6.PWD-Chr15,f,5265F2603,10.75,9.54,8.7,86.2,1.2,1.6,0.4,2.0,13.80,44.40,46.50,14.50,31.20,30.90,15.30,1.95,13.7,820.00,4.90,103.4,145.5,205.8,66.0,164.0,89.0,60.5,85.0,2.34,0.40,,4.3
B6.PWD-Chr15,f,5265F2609,,,,,,,,,,,,,,,,,,,,86.9,201.0,247.9,,,,,,,,,
B6.PWD-Chr15,m,5265M2502,8.29,11.01,9.9,82.5,1.5,5.1,0.2,0.7,16.50,51.60,46.90,15.00,32.10,30.40,16.30,2.13,15.7,936.00,5.00,97.8,229.1,229.1,102.0,262.0,101.0,92.0,63.0,1.93,0.43,,5.6
B6.PWD-Chr15,m,5265M2503,10.37,10.36,9.5,85.9,1.5,1.5,0.2,1.3,14.80,49.30,47.60,14.30,30.00,29.80,17.90,2.49,14.7,1065.00,5.60,109.9,229.2,240.8,99.0,241.0,65.0,89.2,64.0,1.12,0.48,,4.6
B6.PWD-Chr15,m,5265M2508,9.99,10.63,7.8,88.9,0.6,1.7,0.3,0.7,15.90,50.00,47.00,15.00,31.80,31.30,14.90,2.36,15.7,919.00,4.60,,,,111.0,224.0,95.0,96.9,59.0,2.21,0.55,,4.5
B6.PWD-Chr15,m,5265M2604,7.85,9.78,8.2,87.9,0.8,1.2,0.2,1.8,14.90,47.70,48.80,15.20,31.20,30.00,15.10,1.79,14.3,1054.00,5.10,94.4,143.0,207.5,86.0,251.0,101.0,75.4,68.0,2.11,0.49,,5.7
B6.PWD-Chr15,m,5265M2605,5.57,9.51,12.2,83.0,0.8,1.5,0.3,2.2,15.00,46.80,49.20,15.70,32.00,30.00,15.40,1.87,14.0,908.00,5.70,106.3,182.2,259.7,96.0,219.0,111.0,86.7,56.0,2.80,0.44,,5.4
B6.PWD-Chr15,m,5265M2606,7.61,10.17,9.1,85.4,1.2,2.5,0.3,1.5,15.30,48.20,47.40,15.10,31.80,31.20,15.20,1.94,15.0,828.00,5.00,93.7,184.2,205.3,87.0,228.0,84.0,80.4,70.0,2.07,0.39,,5.3
B6.PWD-Chr15,m,5265M2607,7.83,9.86,9.8,85.3,1.0,1.6,0.3,1.9,14.80,46.90,47.60,15.10,31.70,30.20,15.30,1.81,14.2,1022.00,5.10,105.2,166.5,223.0,100.0,239.0,89.0,90.5,77.0,2.21,0.46,,4.3
B6.PWD-Chr15,m,5265M2608,6.60,9.53,11.3,83.6,1.5,1.7,0.2,1.7,14.40,45.10,47.30,15.10,31.80,31.10,15.30,1.89,14.0,797.00,4.90,102.6,177.9,196.5,89.0,241.0,121.0,80.8,55.0,2.58,0.40,,5.0
B6.PWD-Chr16,f,5266F1500,11.64,8.35,5.8,90.0,0.9,1.2,0.4,1.7,13.40,40.10,48.00,16.10,33.50,31.20,14.70,1.78,12.5,987.00,11.30,78.9,233.1,,,,,,,,,,3.9
B6.PWD-Chr16,f,5266F1500_a,,,,,,,,,,,,,,,,,,,,,,,71.0,134.0,51.0,65.0,,,,,
B6.PWD-Chr16,f,5266F1500_b,,,,,,,,,,,,,,,,,,,,,,,,,,,131.0,1.11,0.70,,
B6.PWD-Chr16,f,5266F1501,13.26,9.08,6.2,89.9,0.9,1.4,0.3,1.3,13.90,43.90,48.40,15.30,31.50,30.90,14.70,1.79,13.6,892.00,5.80,93.6,131.8,178.6,,,,,,,,,4.0
B6.PWD-Chr16,f,5266F1501_a,,,,,,,,,,,,,,,,,,,,,,,77.0,199.0,64.0,64.8,,,,,
B6.PWD-Chr16,f,5266F1501_b,,,,,,,,,,,,,,,,,,,,,,,,,,,49.0,1.84,0.50,,
B6.PWD-Chr16,f,5266F1502,11.50,8.26,4.3,90.7,0.6,1.0,0.2,3.1,13.60,40.80,49.30,16.40,33.30,30.70,15.30,1.73,12.5,893.00,11.30,87.9,141.2,135.6,,,,,,,,,4.5
B6.PWD-Chr16,f,5266F1502_a,,,,,,,,,,,,,,,,,,,,,,,93.0,212.0,68.0,79.2,,,,,
B6.PWD-Chr16,f,5266F1502_b,,,,,,,,,,,,,,,,,,,,,,,,,,,62.0,1.28,0.40,,
B6.PWD-Chr16,f,5266F1507,9.03,8.90,5.8,89.5,0.8,2.2,0.4,1.3,13.60,41.10,46.20,15.30,33.00,32.00,15.50,1.93,13.2,916.00,5.20,93.9,111.4,118.2,78.0,154.0,78.0,70.1,52.0,2.03,0.41,,2.6
B6.PWD-Chr16,f,5266F1508,11.03,10.36,7.0,85.7,0.7,4.6,0.3,1.7,15.90,49.90,48.20,15.40,31.90,30.70,15.20,1.80,15.3,467.00,5.60,93.9,186.9,145.6,67.0,168.0,67.0,62.5,49.0,1.61,0.36,,3.9
B6.PWD-Chr16,f,5266F1509,10.33,9.77,6.7,88.7,0.8,1.7,0.4,1.8,14.90,45.90,47.00,15.20,32.40,31.90,15.30,1.77,14.6,796.00,5.00,91.1,179.6,154.3,80.0,171.0,77.0,75.5,56.0,1.78,0.42,,1.9
B6.PWD-Chr16,f,5266F2100,7.84,9.24,7.5,87.9,1.3,2.0,0.3,1.0,14.40,43.40,47.00,15.50,33.10,32.40,13.90,1.63,14.0,796.00,5.40,97.7,161.5,141.8,79.0,173.0,86.0,72.1,108.0,2.91,0.50,,0.9
B6.PWD-Chr16,f,5266F2101,9.97,9.11,8.2,86.5,1.4,2.3,0.4,1.1,13.90,42.90,47.10,15.30,32.40,32.10,14.40,1.74,13.8,939.00,5.00,81.8,143.4,173.8,78.0,164.0,107.0,65.0,,2.86,,,2.0
B6.PWD-Chr16,f,5266F2300,,,,,,,,,,,,,,,,,,,,93.4,114.2,152.8,,,,,,,,,
B6.PWD-Chr16,m,5266M1503,9.69,9.69,5.7,90.7,0.9,1.3,0.2,1.2,14.50,45.30,46.70,15.00,32.10,30.80,15.40,1.81,13.9,954.00,5.20,97.7,178.4,229.1,,,,,,,,,4.2
B6.PWD-Chr16,m,5266M1503_a,,,,,,,,,,,,,,,,,,,,,,,110.0,211.0,115.0,94.7,,,,,
B6.PWD-Chr16,m,5266M1503_b,,,,,,,,,,,,,,,,,,,,,,,,,,,55.0,2.14,0.50,,
B6.PWD-Chr16,m,5266M1504,10.41,9.01,8.3,87.7,0.9,1.4,0.2,1.5,14.30,43.20,47.90,15.80,33.00,30.70,15.40,1.92,13.3,1220.00,11.70,95.1,121.0,233.4,,,,,,,,,5.7
B6.PWD-Chr16,m,5266M1504_a,,,,,,,,,,,,,,,,,,,,,,,103.0,187.0,82.0,91.4,,,,,
B6.PWD-Chr16,m,5266M1504_b,,,,,,,,,,,,,,,,,,,,,,,,,,,54.0,1.65,0.30,,
B6.PWD-Chr16,m,5266M1505,13.19,9.65,5.3,89.8,1.1,1.3,0.2,2.4,14.70,46.20,47.90,15.20,31.80,30.40,15.70,1.78,14.0,979.00,6.00,90.5,161.6,218.7,,,,,,,,,4.9
B6.PWD-Chr16,m,5266M1505_a,,,,,,,,,,,,,,,,,,,,,,,108.0,197.0,105.0,93.6,,,,,
B6.PWD-Chr16,m,5266M1505_b,,,,,,,,,,,,,,,,,,,,,,,,,,,57.0,2.05,0.30,,
B6.PWD-Chr16,m,5266M1506,10.34,8.72,8.2,87.8,0.8,1.3,0.2,1.6,14.20,43.60,50.00,16.30,32.50,30.60,15.20,2.00,13.3,898.00,6.30,78.8,146.4,165.7,,,,,,,,,9.1
B6.PWD-Chr16,m,5266M1506_a,,,,,,,,,,,,,,,,,,,,,,,93.0,215.0,86.0,82.5,,,,,
B6.PWD-Chr16,m,5266M1506_b,,,,,,,,,,,,,,,,,,,,,,,,,,,56.0,1.91,0.40,,
B6.PWD-Chr16,m,5266M2102,10.87,9.11,7.7,87.5,1.5,1.8,0.3,1.2,13.90,43.40,47.60,15.30,32.00,31.90,14.20,1.70,13.9,888.00,5.00,92.6,232.3,220.5,86.0,209.0,79.0,72.4,51.0,3.17,0.40,,2.9
B6.PWD-Chr16,m,5266M2103,8.49,9.34,5.4,90.4,0.9,2.3,0.3,0.8,14.40,45.10,48.30,15.40,32.00,31.10,14.10,1.66,14.0,881.00,5.30,89.1,202.3,170.6,87.0,202.0,69.0,70.1,53.0,2.19,0.50,,2.8
B6.PWD-Chr16,m,5266M2104,9.17,9.52,6.1,89.2,1.0,2.3,0.3,1.1,14.70,46.20,48.60,15.40,31.80,31.20,15.00,1.69,14.4,817.00,5.10,93.7,218.0,187.5,95.0,225.0,108.0,84.3,47.0,3.08,0.40,,2.8
B6.PWD-Chr16,m,5266M2105,7.62,9.27,5.4,91.6,0.5,1.4,0.2,0.9,13.80,43.30,46.60,14.90,32.00,31.50,15.00,1.76,13.6,921.00,4.90,86.4,193.9,173.8,95.0,228.0,107.0,82.1,45.0,3.05,0.50,,2.3
B6.PWD-Chr17,f,5267F01,,,,,,,,,,,,,,,,,,,,,,,65.0,,94.0,,,,,,
B6.PWD-Chr17,f,5267F02,,,,,,,,,,,,,,,,,,,,,,,70.0,,82.0,,,,,,
B6.PWD-Chr17,f,5267F03,,,,,,,,,,,,,,,,,,,,,,,61.0,,102.0,,,,,,
B6.PWD-Chr17,f,5267F9000,15.98,9.51,3.8,93.0,0.6,1.0,0.6,0.9,14.80,42.90,45.10,15.60,34.60,35.20,15.30,2.00,15.1,1014.00,4.20,96.1,86.8,167.4,86.0,195.0,74.0,75.6,54.0,2.16,0.72,20.0,2.0
B6.PWD-Chr17,f,5267F9001,10.18,9.26,5.0,91.8,0.6,1.2,0.5,0.9,14.60,42.70,46.10,15.80,34.20,35.00,15.00,1.93,14.9,982.00,4.30,94.5,74.6,165.6,83.0,186.0,83.0,73.6,56.0,2.54,0.63,21.0,1.2
B6.PWD-Chr17,f,5267F9002,16.26,9.44,5.0,91.7,0.8,1.0,0.7,0.8,14.80,43.90,46.50,15.70,33.80,33.70,15.80,1.91,14.8,1097.00,4.40,93.2,90.1,158.4,87.0,172.0,92.0,76.6,53.0,2.39,0.54,16.0,2.1
B6.PWD-Chr17,f,5267F9100,9.48,9.50,5.3,91.0,1.0,1.9,0.4,0.5,14.80,41.10,43.30,15.50,35.90,37.50,15.50,2.94,15.4,918.00,4.20,93.5,57.6,131.7,,,,,,,,,2.0
B6.PWD-Chr17,f,5267F9101,10.49,9.87,8.0,87.5,0.7,2.3,0.4,1.1,15.70,43.20,43.70,15.90,36.30,37.60,14.60,2.93,16.2,1000.00,4.20,99.3,33.1,174.1,,,,,,,,,1.5
B6.PWD-Chr17,f,5267F9102,13.21,9.30,6.0,90.2,0.7,1.6,0.8,0.6,14.70,39.60,42.50,15.80,37.10,38.50,15.80,3.08,15.2,1057.00,4.50,94.6,61.1,151.1,,,,,,,,,2.7
B6.PWD-Chr17,f,5267F9103,13.34,10.12,5.8,90.2,0.6,1.7,0.2,1.4,16.00,45.60,45.10,15.80,35.00,35.60,15.40,2.64,16.2,955.00,4.50,95.3,73.2,118.2,,,,,,,,,2.4
B6.PWD-Chr17,f,5267F9200,10.11,9.75,8.4,87.7,0.7,2.4,0.3,0.6,15.10,43.90,45.00,15.50,34.40,36.50,17.00,2.82,16.0,925.00,4.60,90.3,62.7,190.8,90.0,166.0,93.0,72.3,112.0,2.36,1.04,16.0,2.0
B6.PWD-Chr17,m,5267M01,,,,,,,,,,,,,,,,,,,,,,,82.0,,106.0,,,,,,
B6.PWD-Chr17,m,5267M02,,,,,,,,,,,,,,,,,,,,,,,67.0,,74.0,,,,,,
B6.PWD-Chr17,m,5267M03,,,,,,,,,,,,,,,,,,,,,,,91.0,,128.0,,,,,,
B6.PWD-Chr17,m,5267M04,,,,,,,,,,,,,,,,,,,,,,,74.0,,103.0,,,,,,
B6.PWD-Chr17,m,5267M05,,,,,,,,,,,,,,,,,,,,,,,84.0,,91.0,,,,,,
B6.PWD-Chr17,m,5267M9003,11.76,9.23,7.9,89.0,0.9,1.4,0.3,0.5,14.50,43.00,46.60,15.70,33.60,34.40,15.40,1.99,14.8,1289.00,4.40,98.5,107.2,247.1,109.0,230.0,146.0,99.9,54.0,3.12,0.88,22.0,2.7
B6.PWD-Chr17,m,5267M9004,10.55,9.67,4.5,91.8,0.9,1.2,0.8,0.7,15.00,44.80,46.30,15.50,33.50,34.40,15.40,2.03,15.4,1165.00,4.30,105.9,237.5,260.1,99.0,259.0,99.0,95.3,43.0,2.52,0.79,18.0,2.2
B6.PWD-Chr17,m,5267M9104,10.98,9.49,8.8,86.3,0.9,1.9,0.3,1.8,14.80,41.40,43.70,15.60,35.60,36.80,15.60,2.86,15.3,1076.00,4.30,96.7,92.1,244.6,,,,,,,,,2.3
B6.PWD-Chr17,m,5267M9105,11.57,9.52,7.8,88.2,0.8,1.6,0.4,1.2,14.70,41.90,44.00,15.40,35.00,36.60,15.60,2.86,15.3,1066.00,4.40,88.2,77.1,227.5,,,,,,,,,2.8
B6.PWD-Chr17,m,5267M9106,13.36,9.46,8.1,88.2,1.2,1.3,0.2,1.1,14.90,42.40,44.80,15.80,35.30,36.60,16.10,2.81,15.5,1124.00,4.30,95.3,86.1,227.1,,,,,,,,,2.3
B6.PWD-Chr17,m,5267M9107,9.18,9.95,6.1,90.2,0.6,2.2,0.2,0.6,15.50,45.00,45.20,15.60,34.50,35.20,15.60,2.70,15.9,985.00,4.40,94.8,67.5,242.2,,,,,,,,,2.7
B6.PWD-Chr17,m,5267M9108,,,,,,,,,,,,,,,,,,,,113.3,226.3,253.7,,,,,,,,,
B6.PWD-Chr17,m,5267M9109,10.20,9.45,4.9,91.4,0.7,1.2,1.1,0.6,16.30,40.50,42.90,17.30,40.30,34.20,15.10,2.42,13.9,1225.00,11.20,88.4,87.4,218.3,,,,,,,,20.0,2.6
B6.PWD-Chr17,m,5267M9201,8.96,8.90,7.7,88.3,1.0,1.8,0.4,0.8,14.40,40.10,45.10,16.20,35.80,37.50,15.70,2.94,15.1,1143.00,4.40,82.6,42.7,240.4,90.0,206.0,69.0,85.1,57.0,2.05,0.54,17.0,1.8
B6.PWD-Chr18,f,5268F1900,8.40,9.63,9.8,84.5,1.3,3.0,0.2,1.3,14.30,44.40,46.20,14.80,32.10,31.90,15.10,1.65,14.2,1049.00,4.80,114.8,167.4,161.6,64.0,236.0,75.0,56.8,48.0,2.09,0.40,,2.0
B6.PWD-Chr18,f,5268F1905,10.57,9.90,5.7,91.3,0.7,1.2,0.3,0.8,15.00,46.90,47.40,15.20,32.00,31.50,16.80,1.89,14.8,1036.00,4.70,105.5,155.4,148.3,59.0,174.0,50.0,55.6,53.0,1.23,0.49,,5.5
B6.PWD-Chr18,f,5268F1909,7.94,10.47,6.3,89.7,1.3,2.0,0.2,0.4,15.40,46.20,44.20,14.70,33.40,32.80,16.60,1.79,15.2,875.00,4.70,111.0,122.0,183.6,71.0,207.0,59.0,62.0,68.0,1.49,0.37,,1.9
B6.PWD-Chr18,f,5268F1911,7.80,9.56,7.3,87.7,0.4,1.7,1.9,0.9,14.60,42.80,44.70,15.30,34.20,33.70,13.60,2.67,14.4,869.00,4.70,,,,71.0,197.0,91.0,63.5,50.0,2.70,0.47,,1.9
B6.PWD-Chr18,f,5268F3800,,,,,,,,,,,,,,,,,,,,83.3,145.0,193.0,,,,,,,,,
B6.PWD-Chr18,f,5268F3800_a,,,,,,,,,,,,,,,,,,,,114.0,144.6,,,,,,,,,,
B6.PWD-Chr18,f,5268F3800_b,,,,,,,,,,,,,,,,,,,,83.3,134.6,192.8,,,,,,,,,
B6.PWD-Chr18,f,5268F3802,7.66,9.98,4.8,91.9,1.0,1.4,0.3,0.7,15.30,46.70,46.80,15.30,32.80,31.70,14.60,1.57,14.8,818.00,5.00,99.3,122.1,201.4,72.0,190.0,72.0,60.7,84.0,1.54,0.45,,1.6
B6.PWD-Chr18,f,5268F7000,,,,,,,,,,,,,,,,,,,,96.8,160.0,187.0,,,,,,,,,
B6.PWD-Chr18,f,5268F7000_a,,,,,,,,,,,,,,,,,,,,96.8,159.8,187.4,,,,,,,,,
B6.PWD-Chr18,f,5268F7001,,,,,,,,,,,,,,,,,,,,,181.3,210.3,,,,,,,,,
B6.PWD-Chr18,f,5268F7002,,,,,,,,,,,,,,,,,,,,,195.0,202.9,,,,,,,,,
B6.PWD-Chr18,f,5268F7003,,,,,,,,,,,,,,,,,,,,,,159.3,,,,,,,,,
B6.PWD-Chr18,m,5268M1901,10.53,9.52,4.2,92.1,0.7,1.3,0.9,0.8,13.90,41.60,43.60,14.60,33.50,33.20,15.20,1.94,13.8,1308.00,4.90,112.4,199.8,201.8,79.0,210.0,113.0,73.0,57.0,3.32,0.60,,3.0
B6.PWD-Chr18,m,5268M1902,10.19,10.13,3.9,92.9,1.0,1.4,0.2,0.7,15.10,47.10,46.50,14.90,32.10,31.30,14.40,1.62,14.7,1190.00,4.80,110.5,207.8,195.2,74.0,215.0,123.0,67.6,47.0,3.44,0.50,,2.5
B6.PWD-Chr18,m,5268M1903,12.14,9.66,5.9,90.3,0.8,1.4,0.3,1.2,14.40,44.80,46.40,14.90,32.00,31.60,15.00,1.76,14.1,1224.00,4.70,107.7,210.8,222.7,70.0,221.0,124.0,60.3,55.0,3.37,0.30,,1.9
B6.PWD-Chr18,m,5268M1904,10.27,10.20,5.7,91.1,0.5,1.5,0.2,0.9,15.10,47.50,46.50,14.80,31.80,31.20,15.50,1.72,14.8,1170.00,4.70,108.3,163.8,211.9,71.0,179.0,99.0,54.8,69.0,2.95,0.60,,2.5
B6.PWD-Chr18,m,5268M1906,8.62,9.72,5.6,91.3,0.7,1.2,0.3,0.8,14.70,46.10,47.40,15.10,31.90,31.10,15.70,1.79,14.3,1183.00,4.80,98.7,244.8,180.9,78.0,183.0,134.0,69.3,74.0,2.17,0.70,,4.2
B6.PWD-Chr18,m,5268M1907,7.90,9.10,6.2,88.1,1.9,2.8,0.2,0.9,14.00,44.40,48.80,15.40,31.70,30.50,18.90,1.97,13.5,892.00,4.70,90.9,273.3,174.0,60.0,140.0,97.0,50.2,67.0,1.99,0.61,,5.4
B6.PWD-Chr18,m,5268M1908,7.76,10.33,5.5,91.0,0.9,1.4,0.2,0.9,15.50,48.90,47.30,15.00,31.70,30.60,15.20,1.68,14.9,1260.00,4.70,106.9,194.8,210.4,76.0,173.0,125.0,68.9,75.0,2.05,0.66,,4.0
B6.PWD-Chr18,m,5268M1910,10.44,10.23,5.2,91.0,1.2,1.7,0.1,0.7,15.30,45.40,44.40,15.00,33.70,32.20,16.40,1.79,14.6,1122.00,5.20,108.1,92.6,,75.0,214.0,68.0,68.5,118.0,1.53,0.52,,3.4
B6.PWD-Chr18,m,5268M3803,11.27,9.94,4.7,92.1,0.7,1.2,0.4,1.0,14.90,46.30,46.60,15.00,32.10,31.60,14.60,2.32,14.6,892.00,4.50,102.0,153.5,221.9,82.0,248.0,104.0,76.6,48.0,2.64,0.35,,2.7
B6.PWD-Chr19,f,5269F100,6.95,9.09,6.8,87.7,2.0,2.1,0.9,0.6,14.20,40.70,44.80,15.60,34.90,32.60,17.10,1.92,13.3,1084.00,4.70,87.5,160.6,,87.0,161.0,115.0,67.7,113.0,2.54,0.70,,0.0
B6.PWD-Chr19,f,5269F101,7.47,9.63,7.0,89.0,1.5,2.0,0.2,0.3,14.80,44.80,46.50,15.40,33.10,31.10,16.60,1.77,13.9,1004.00,4.90,99.9,140.0,,104.0,206.0,129.0,80.1,65.0,2.86,0.50,,0.0
B6.PWD-Chr19,f,5269F102,6.12,9.56,6.4,89.8,0.8,2.2,0.3,0.5,14.80,44.00,46.00,15.50,33.70,31.50,17.20,1.87,13.8,1048.00,4.90,86.7,184.7,,94.0,199.0,96.0,76.1,80.0,2.20,0.60,,1.2
B6.PWD-Chr19,f,5269F104,,,,,,,,,,,,,,,,,,,,87.6,114.8,194.8,111.0,240.0,120.0,103.5,61.0,3.13,0.60,,
B6.PWD-Chr19,f,5269F200,6.58,9.52,4.4,92.1,1.0,1.7,0.1,0.6,14.90,44.20,46.50,15.70,33.80,31.60,15.90,1.75,14.0,1030.00,5.00,114.2,129.0,,88.0,,73.0,73.1,110.0,1.60,0.60,,0.8
B6.PWD-Chr19,f,5269F201,6.75,9.30,8.1,87.3,1.7,1.9,0.2,0.8,14.90,43.10,46.40,16.00,34.50,31.80,16.10,1.78,13.7,1022.00,4.90,100.2,257.2,,90.0,220.0,94.0,71.1,96.0,2.05,0.60,,1.5
B6.PWD-Chr19,f,5269F202,5.46,9.84,7.1,88.8,1.7,1.6,0.2,0.6,15.30,45.30,46.10,15.50,33.70,31.50,16.10,1.85,14.3,929.00,4.80,96.8,178.7,242.4,85.0,210.0,72.0,68.0,125.0,1.88,0.40,,0.9
B6.PWD-Chr19,f,5269F203,8.16,9.73,7.0,88.3,1.6,1.9,0.4,0.8,14.80,44.70,46.00,15.20,33.00,31.60,16.60,1.82,14.2,971.00,4.90,100.8,182.9,284.1,87.0,258.0,67.0,71.5,81.0,1.62,0.50,,1.1
B6.PWD-Chr19,f,5269F5000,,,,,,,,,,,,,,,,,,,,,,199.2,,,,,,,,,
B6.PWD-Chr19,f,5269F5001,,,,,,,,,,,,,,,,,,,,,,241.6,,,,,,,,,
B6.PWD-Chr19,f,5269F5002,,,,,,,,,,,,,,,,,,,,,,204.0,,,,,,,,,
B6.PWD-Chr19,f,5269F5003,,,,,,,,,,,,,,,,,,,,,,175.8,,,,,,,,,
B6.PWD-Chr19,f,5269F6000,,,,,,,,,,,,,,,,,,,,,,196.3,,,,,,,,,
B6.PWD-Chr19,m,5269M107,11.41,9.61,5.6,90.6,1.2,1.5,0.2,0.8,14.40,45.00,46.80,14.90,31.90,30.40,17.00,2.06,13.7,1519.00,4.90,107.6,144.9,206.1,112.0,181.0,86.0,102.5,53.0,1.68,0.50,,4.7
B6.PWD-Chr19,m,5269M108,10.34,9.36,5.7,91.1,0.8,1.2,0.2,1.0,14.20,44.40,47.40,15.10,31.90,30.00,16.60,1.99,13.3,1696.00,4.90,104.3,119.0,260.7,124.0,200.0,113.0,109.4,61.0,2.04,0.50,,3.8
B6.PWD-Chr19,m,5269M109,9.63,9.14,6.6,89.3,1.1,1.6,0.2,1.3,13.60,42.30,46.30,14.90,32.10,30.60,16.90,2.16,12.9,1583.00,5.00,102.6,154.3,243.8,115.0,236.0,126.0,102.2,59.0,2.28,0.40,,4.4
B6.PWD-Chr19,m,5269M110,13.29,10.01,5.3,90.7,1.0,1.3,0.3,1.4,14.90,48.40,48.30,14.90,30.90,29.40,15.40,1.66,14.2,1493.00,5.30,98.1,142.6,263.1,115.0,249.0,105.0,91.9,57.0,2.00,0.50,,2.9
B6.PWD-Chr19,m,5269M111,11.98,9.85,7.4,88.9,1.0,1.7,0.3,0.8,14.70,45.50,46.20,14.90,32.30,30.60,16.30,2.06,13.9,1381.00,5.20,103.8,110.5,255.8,108.0,246.0,136.0,96.6,55.0,2.33,0.40,,3.7
B6.PWD-Chr19,m,5269M209,9.13,9.23,8.3,87.8,1.0,1.8,0.2,1.0,14.70,43.30,46.90,16.00,34.10,30.80,15.40,1.87,13.3,1351.00,5.50,95.4,96.9,262.2,75.0,216.0,81.0,67.4,117.0,1.99,0.70,,3.2
B6.PWD-Chr19,m,5269M210,8.46,9.76,6.5,89.4,0.9,2.2,0.2,0.8,14.90,45.20,46.30,15.30,33.10,31.10,16.00,2.03,14.1,1303.00,5.70,99.3,86.9,261.0,106.0,241.0,135.0,93.2,70.0,3.40,0.80,,3.7
B6.PWD-Chr19,m,5269M212,9.48,9.36,8.3,87.1,1.5,1.5,0.3,1.4,14.50,44.80,47.80,15.40,32.30,30.20,16.20,2.03,13.5,1473.00,5.10,103.9,122.3,297.4,125.0,272.0,129.0,112.9,65.0,2.06,0.10,,5.1
B6.PWD-Chr19,m,5269M5004,,,,,,,,,,,,,,,,,,,,117.7,286.4,273.1,,,,,,,,,
B6.PWD-Chr19,m,5269M5005,,,,,,,,,,,,,,,,,,,,113.0,215.3,240.6,,,,,,,,,
B6.PWD-Chr1,f,5259F3100,7.44,10.55,10.1,85.5,1.2,2.0,0.2,0.9,16.30,52.70,50.00,15.40,30.90,28.90,16.10,1.94,15.2,903.00,5.60,87.0,186.2,155.9,77.0,245.0,63.0,66.0,81.0,1.33,0.43,,5.2
B6.PWD-Chr1,f,5259F3101,6.21,8.59,14.3,80.9,0.7,3.0,0.3,0.7,14.40,46.60,54.20,16.70,30.90,28.20,21.00,2.42,13.1,1225.00,6.30,85.0,166.8,179.0,66.0,239.0,68.0,58.7,74.0,1.46,0.35,,10.6
B6.PWD-Chr1,f,5259F3102,9.80,10.31,12.0,83.8,1.2,2.0,0.2,0.8,16.70,49.10,47.60,16.20,33.90,30.50,15.40,1.94,15.0,905.00,14.80,80.3,129.0,186.6,79.0,227.0,84.0,69.1,69.0,1.90,0.39,,6.4
B6.PWD-Chr1,f,5259F3103,6.49,9.91,14.8,79.4,1.4,3.4,0.2,0.7,15.60,49.20,49.60,15.80,31.80,29.90,15.40,1.96,14.7,982.00,6.70,86.6,201.6,156.3,67.0,210.0,75.0,57.7,66.0,1.58,0.43,,6.4
B6.PWD-Chr1,f,5259F3106,7.67,9.91,11.8,82.9,1.8,1.8,0.2,1.6,14.70,46.80,47.20,14.90,31.50,30.30,15.70,1.67,14.2,819.00,4.90,,,,75.0,165.0,65.0,61.9,131.0,1.75,0.53,,4.2
B6.PWD-Chr1,f,5259F4500,6.63,9.86,9.5,85.8,0.9,3.1,0.1,0.6,15.10,46.10,46.70,15.30,32.70,30.70,15.20,1.67,14.1,788.00,5.00,,,,87.0,184.0,83.0,78.2,123.0,2.11,0.53,,3.7
B6.PWD-Chr1,f,5259F4600,11.14,10.12,8.4,87.5,0.8,2.2,0.3,0.8,15.40,49.30,48.70,15.30,31.30,29.80,14.70,1.54,14.7,950.00,5.30,,,,81.0,195.0,77.0,70.9,60.0,2.06,0.43,,2.3
B6.PWD-Chr1,f,5259F4601,9.51,10.22,10.3,83.3,1.0,4.2,0.2,0.9,15.20,48.00,47.00,14.90,31.60,30.10,14.40,1.54,14.5,875.00,4.90,,,,74.0,191.0,47.0,64.9,110.0,1.25,0.33,,2.4
B6.PWD-Chr1,f,5259F6300,,,,,,,,,,,,,,,,,,,,,174.0,,,,,,,,,,
B6.PWD-Chr1,f,5259F6800,,,,,,,,,,,,,,,,,,,,,109.6,,,,,,,,,,
B6.PWD-Chr1,m,5259M01,8.47,11.64,5.4,90.2,1.5,1.9,0.4,0.6,16.80,58.70,50.50,14.40,28.60,27.00,12.20,1.54,15.9,1038.00,6.90,,,,95.0,188.0,84.0,75.6,,,,,3.1
B6.PWD-Chr1,m,5259M02,6.77,11.38,6.1,89.7,1.7,1.5,0.3,0.6,16.40,55.40,48.70,14.50,29.70,28.30,12.20,1.60,15.7,1200.00,7.00,,,,121.0,237.0,117.0,95.3,,,,,3.2
B6.PWD-Chr1,m,5259M3104,6.61,10.13,9.6,87.0,0.9,1.6,0.3,0.6,16.40,48.70,48.00,16.20,33.80,29.90,15.10,2.01,14.5,1376.00,12.90,82.2,210.3,239.8,105.0,210.0,96.0,91.7,135.0,2.17,0.59,,5.6
B6.PWD-Chr1,m,5259M3105,7.62,9.74,13.0,79.8,2.1,3.8,0.3,0.9,15.10,46.90,48.20,15.50,32.20,30.00,16.30,2.08,14.1,1054.00,11.70,76.5,253.7,208.7,94.0,224.0,90.0,71.6,134.0,1.95,0.51,,6.2
B6.PWD-Chr1,m,5259M4501,8.61,9.79,6.6,89.7,1.0,2.0,0.1,0.6,14.60,46.50,47.50,14.90,31.30,29.80,15.20,1.58,13.9,1051.00,4.90,,,,107.0,195.0,97.0,92.7,67.0,2.38,0.49,,2.6
B6.PWD-Chr1,m,5259M4502,8.12,9.76,6.1,89.8,0.8,2.3,0.1,0.9,14.80,46.80,48.00,15.20,31.60,29.50,15.00,1.67,13.8,989.00,4.90,,,,119.0,226.0,109.0,105.9,83.0,2.65,0.58,,3.0
B6.PWD-Chr1,m,5259M4503,8.11,10.15,6.0,90.6,0.9,1.4,0.2,0.9,14.80,46.50,45.80,14.60,31.80,30.40,14.80,1.77,14.1,848.00,5.20,,,,120.0,195.0,89.0,108.5,,1.84,0.73,,2.2
B6.PWD-Chr1,m,5259M4504,9.75,9.99,10.0,84.9,1.6,2.2,0.2,1.1,15.00,47.10,47.20,15.10,31.90,30.10,14.80,1.72,14.2,941.00,5.00,,,,100.0,184.0,102.0,91.9,58.0,2.57,0.48,,2.9
B6.PWD-Chr1,m,5259M4602,11.01,9.72,10.4,86.4,0.8,1.3,0.2,0.8,14.60,45.90,47.20,15.00,31.90,30.10,14.70,1.73,13.8,1118.00,4.80,,,,115.0,260.0,86.0,105.0,76.0,2.13,0.44,,3.8
B6.PWD-Chr1,m,5259M4603,8.48,9.94,9.8,85.2,1.1,2.9,0.1,0.9,15.10,47.20,47.50,15.20,32.00,30.10,15.10,1.73,14.2,886.00,4.90,,,,105.0,252.0,100.0,97.6,65.0,2.31,0.49,,3.3
B6.PWD-Chr1,m,5259M6401,,,,,,,,,,,,,,,,,,,,90.1,233.3,212.0,,,,,,,,,
B6.PWD-Chr2,f,5995F1700,9.28,8.70,9.7,86.2,1.4,1.4,0.8,0.6,13.80,37.30,42.90,15.90,37.00,36.00,14.20,2.35,13.4,763.00,4.20,103.2,97.4,170.0,77.0,186.0,62.0,60.1,52.0,2.01,0.22,25.0,2.0
B6.PWD-Chr2,f,5995F1701,11.07,8.77,11.6,80.8,2.7,3.3,0.7,0.9,13.70,37.80,43.10,15.60,36.30,35.60,13.70,2.36,13.4,808.00,4.10,96.5,73.1,133.9,70.0,183.0,48.0,54.6,66.0,1.66,0.36,25.0,2.1
B6.PWD-Chr2,f,5995F1800,6.83,8.74,12.4,83.3,1.5,2.0,0.4,0.5,14.10,39.30,44.90,16.10,35.80,34.80,15.90,2.46,13.7,671.00,4.30,100.9,78.3,226.6,74.0,160.0,61.0,56.1,71.0,2.02,0.25,26.0,2.9
B6.PWD-Chr2,f,5995F1806,7.95,8.87,9.3,85.7,1.3,2.3,0.7,0.7,14.20,38.80,43.70,16.00,36.60,35.30,14.30,2.29,13.7,807.00,4.20,109.3,71.8,196.2,89.0,172.0,115.0,71.3,74.0,3.34,0.75,27.0,2.3
B6.PWD-Chr2,f,5995F1807,9.62,8.27,11.7,81.0,2.4,3.9,0.3,0.7,13.30,36.80,44.50,16.10,36.10,34.10,14.80,2.15,12.6,692.00,4.20,91.6,92.7,187.8,51.0,134.0,80.0,32.2,57.0,2.94,0.76,22.0,3.0
B6.PWD-Chr2,f,5995F1808,9.08,9.25,8.8,86.4,1.6,1.7,0.8,0.6,14.20,39.10,42.30,15.40,36.40,36.00,15.90,2.32,14.1,837.00,4.10,102.5,84.5,174.5,,,,,,,,28.0,2.3
B6.PWD-Chr2,f,5995F1809,6.74,9.15,11.5,83.9,1.7,1.9,0.5,0.4,14.40,40.00,43.70,15.80,36.10,35.50,15.70,2.35,14.2,716.00,4.20,110.5,96.5,165.7,,,,,,,,22.0,3.7
B6.PWD-Chr2,f,5995F900,9.24,8.24,7.1,88.9,1.0,1.9,0.6,0.5,13.30,36.90,44.80,16.10,36.00,35.40,14.20,2.21,13.1,741.00,4.30,85.7,184.2,178.5,54.0,182.0,96.0,42.5,92.0,2.73,0.46,31.0,1.5
B6.PWD-Chr2,f,5995F901,10.80,8.98,7.0,88.6,0.9,1.8,1.1,0.7,14.20,39.80,44.40,15.80,35.60,35.70,14.20,2.43,14.2,948.00,4.30,98.6,174.9,171.9,62.0,177.0,93.0,54.1,123.0,3.02,0.31,31.0,0.9
B6.PWD-Chr2,m,5995M1000,8.39,9.58,11.9,81.6,2.0,3.1,0.8,0.6,14.70,41.40,43.30,15.40,35.50,35.60,13.00,2.26,14.8,797.00,4.10,100.6,215.7,223.8,100.0,204.0,111.0,89.7,93.0,3.49,0.42,32.0,0.9
B6.PWD-Chr2,m,5995M1702,8.91,8.73,12.3,82.2,2.1,1.9,0.3,1.2,14.10,38.10,43.70,16.20,37.00,34.80,13.60,2.31,13.3,1134.00,4.00,119.1,93.4,170.5,85.0,242.0,59.0,72.9,72.0,1.53,0.48,26.0,3.1
B6.PWD-Chr2,m,5995M1801,7.99,8.42,,,,,,,13.30,37.50,44.50,15.80,35.40,34.30,15.00,2.48,12.9,750.00,4.30,120.8,142.5,267.8,105.0,189.0,110.0,93.5,80.0,2.58,0.45,20.0,3.4
B6.PWD-Chr2,m,5995M1802,8.04,8.39,30.3,61.9,2.6,4.2,0.4,0.5,13.00,37.50,44.60,15.50,34.70,34.20,16.00,2.40,12.8,683.00,4.30,115.9,160.3,264.7,85.0,198.0,79.0,67.3,79.0,2.22,0.39,24.0,3.5
B6.PWD-Chr2,m,5995M1803,6.03,8.86,39.2,54.3,2.1,2.8,0.7,0.8,13.60,38.70,43.70,15.30,35.10,34.70,14.80,2.43,13.4,832.00,4.10,109.7,136.1,174.1,112.0,229.0,92.0,95.4,68.0,2.87,0.41,26.0,3.5
B6.PWD-Chr2,m,5995M1804,8.09,8.69,12.8,82.0,1.6,2.8,0.3,0.6,,38.70,44.50,,,34.40,14.30,2.30,13.3,683.00,4.10,121.6,103.5,215.5,105.0,210.0,98.0,86.6,115.0,2.74,0.47,26.0,3.3
B6.PWD-Chr2,m,5995M1805,8.16,8.90,14.0,80.4,1.6,2.7,0.3,1.0,14.00,39.60,44.50,15.70,35.30,34.20,14.00,2.34,13.6,905.00,4.10,,61.7,200.8,108.0,237.0,79.0,99.7,62.0,2.35,0.41,28.0,2.8
B6.PWD-Chr2,m,5995M902,10.52,9.62,18.5,76.4,2.1,1.5,0.9,0.7,14.80,42.40,44.10,15.40,34.80,35.20,13.60,2.32,15.0,1008.00,4.40,100.2,231.0,238.5,97.0,214.0,124.0,86.9,78.0,3.51,0.39,30.0,1.2
B6.PWD-Chr2,m,5995M903,9.66,8.99,14.6,80.7,1.9,1.5,0.7,0.6,13.80,39.60,44.10,15.40,34.80,34.80,13.30,2.26,13.8,1090.00,4.30,91.4,152.4,207.7,95.0,242.0,118.0,85.4,80.0,3.36,0.40,34.0,1.6
B6.PWD-Chr2,m,5995M904,7.65,9.52,12.4,81.6,2.4,2.1,1.2,0.4,14.40,40.30,42.40,15.10,35.70,35.80,13.40,2.39,14.4,1114.00,4.10,99.2,145.4,184.7,114.0,254.0,157.0,98.5,191.0,,0.43,29.0,0.9
B6.PWD-Chr3,f,5518F3500,11.40,9.63,6.6,89.1,0.8,2.4,0.2,0.9,15.00,46.20,48.00,15.60,32.50,30.60,17.80,1.91,14.1,891.00,5.10,,,,68.0,220.0,74.0,56.2,167.0,1.69,0.26,,6.0
B6.PWD-Chr3,f,5518F3501,11.20,9.78,7.0,88.2,0.6,3.5,0.2,0.6,15.20,46.20,47.20,15.50,32.90,30.80,16.40,1.72,14.2,1023.00,5.50,,,,67.0,219.0,69.0,56.3,79.0,1.41,0.34,,2.7
B6.PWD-Chr3,f,5518F3502,8.73,10.50,9.6,86.2,0.9,2.4,0.3,0.7,15.90,49.90,47.50,15.20,31.90,30.20,16.10,1.77,15.1,1015.00,5.70,,,,62.0,226.0,69.0,52.7,72.0,1.58,0.19,,2.2
B6.PWD-Chr3,f,5518F3503,10.57,9.57,8.4,87.4,0.9,2.6,0.2,0.5,14.50,44.90,46.90,15.10,32.20,30.70,17.30,1.84,13.8,1121.00,5.10,,,,72.0,202.0,75.0,62.0,51.0,1.79,0.32,,3.6
B6.PWD-Chr3,f,5518F3600,11.91,9.99,7.4,86.3,1.0,3.4,0.4,1.5,15.20,47.50,47.50,15.20,31.90,30.90,17.30,1.79,14.7,1015.00,5.00,95.6,95.4,100.1,61.0,198.0,73.0,52.7,88.0,1.53,0.37,,2.5
B6.PWD-Chr3,f,5518F3601,11.72,9.92,9.1,86.5,1.1,2.1,0.2,0.9,14.80,45.20,45.60,15.00,32.80,31.70,15.70,1.73,14.3,1088.00,4.80,89.3,80.4,101.9,68.0,192.0,91.0,57.4,72.0,1.91,0.39,,2.2
B6.PWD-Chr3,f,5518F3602,13.92,9.61,8.7,86.4,1.2,2.6,0.3,0.7,14.80,45.20,47.00,15.40,32.90,31.20,15.60,1.69,14.1,1046.00,4.90,91.4,69.9,,57.0,178.0,56.0,51.0,85.0,1.39,0.14,,1.7
B6.PWD-Chr3,f,5518F4400,9.88,9.83,7.4,88.0,0.7,3.0,0.2,0.7,15.00,44.70,45.50,15.30,33.60,32.80,16.50,1.81,14.7,895.00,4.80,95.3,65.3,104.0,62.0,161.0,67.0,49.9,,1.84,,,1.9
B6.PWD-Chr3,f,5518F7200,,,,,,,,,,,,,,,,,,,,91.4,96.0,142.4,,,,,,,,,
B6.PWD-Chr3,m,5518F7201,,,,,,,,,,,,,,,,,,,,87.7,123.8,122.7,,,,,,,,,
B6.PWD-Chr3,m,5518M3504,13.60,9.75,7.0,88.5,1.0,2.3,0.3,0.9,15.10,47.10,48.30,15.50,32.10,30.00,16.50,1.74,14.1,1122.00,5.30,,,,79.0,203.0,81.0,70.4,79.0,1.78,0.37,,4.0
B6.PWD-Chr3,m,5518M3505,10.70,9.82,8.3,86.3,0.8,3.4,0.3,0.9,14.80,45.20,46.00,15.00,32.60,30.90,16.10,1.75,14.0,1067.00,5.10,,,,77.0,231.0,86.0,67.8,110.0,2.08,0.41,,3.5
B6.PWD-Chr3,m,5518M3506,11.89,10.13,6.6,88.7,0.8,3.3,0.2,0.6,15.40,47.90,47.30,15.20,32.20,30.20,15.80,1.72,14.5,1121.00,5.10,,,,82.0,201.0,80.0,72.9,118.0,2.08,0.42,,3.4
B6.PWD-Chr3,m,5518M3507,12.97,10.18,7.6,86.9,0.8,3.3,0.3,1.0,15.40,47.40,46.50,15.20,32.60,30.60,16.70,1.77,14.5,1078.00,5.10,,,,83.0,241.0,89.0,73.0,73.0,2.01,0.37,,3.1
B6.PWD-Chr3,m,5518M3603,14.39,9.32,6.2,87.6,1.0,3.6,0.5,1.0,13.90,42.70,45.80,15.00,32.60,31.60,15.80,1.78,13.5,1193.00,4.80,96.8,103.2,,72.0,166.0,85.0,64.1,94.0,1.63,0.43,,2.4
B6.PWD-Chr3,m,5518M3604,14.25,9.88,7.1,88.3,1.1,2.6,0.3,0.7,14.70,45.60,46.10,14.90,32.30,31.20,16.00,1.70,14.2,1111.00,4.80,98.4,135.3,125.7,71.0,187.0,77.0,62.1,87.0,1.64,0.24,,2.3
B6.PWD-Chr3,m,5518M3605,15.63,9.78,6.0,89.9,0.7,2.4,0.4,0.6,14.80,45.90,46.90,15.10,32.20,31.10,16.60,1.80,14.3,1154.00,4.90,94.1,120.0,128.3,70.0,199.0,85.0,63.5,149.0,1.66,0.48,,1.8
B6.PWD-Chr3,m,5518M3606,,,,,,,,,,,,,,,,,,,,114.6,161.3,167.1,80.0,183.0,103.0,71.4,66.0,2.01,0.27,,
B6.PWD-Chr3,m,5518M4401,10.21,9.45,6.9,88.6,0.7,2.9,0.2,0.6,14.50,43.40,46.00,15.30,33.30,32.20,16.70,1.78,14.0,1114.00,4.70,,,,81.0,207.0,67.0,72.6,,1.77,,,2.6
B6.PWD-Chr5,f,5260F01,8.21,10.75,6.4,77.8,9.7,0.5,0.3,5.3,15.70,51.30,47.70,14.60,30.70,29.30,13.90,1.51,15.0,724.00,6.30,,,,67.0,131.0,99.0,54.9,,,,,3.4
B6.PWD-Chr5,f,5260F02,,,,,,,,,,,,,,,,,,,,,,,66.0,142.0,68.0,50.7,,,,,
B6.PWD-Chr5,f,5260F03,,,,,,,,,,,,,,,,,,,,,,,68.0,139.0,100.0,49.2,,,,,
B6.PWD-Chr5,f,5260F04,,,,,,,,,,,,,,,,,,,,,,,69.0,179.0,123.0,51.7,,,,,
B6.PWD-Chr5,f,5260F05,,,,,,,,,,,,,,,,,,,,,,,70.0,168.0,88.0,52.1,,,,,
B6.PWD-Chr5,f,5260F06,6.29,11.50,8.5,82.7,1.7,6.4,0.2,0.6,16.90,55.20,48.00,14.70,30.60,29.50,15.00,1.72,16.3,785.00,6.50,,,,63.0,,116.0,,,,,,3.9
B6.PWD-Chr5,f,5260F07,8.27,11.84,8.6,85.1,1.6,3.8,0.1,0.7,17.60,56.90,48.10,14.90,30.90,29.30,13.30,1.60,16.7,896.00,6.60,,,,64.0,,112.0,,,,,,2.6
B6.PWD-Chr5,f,5260F6100,4.36,9.89,8.6,87.0,0.8,2.1,0.4,1.1,14.80,40.80,41.30,15.00,36.30,37.70,17.00,3.13,15.4,681.00,4.60,111.7,76.3,,,,,,,,,,3.3
B6.PWD-Chr5,f,5260F6101,4.97,10.31,9.2,86.5,0.9,2.0,0.5,0.9,14.90,41.40,40.20,14.50,36.00,37.90,15.60,3.15,15.7,758.00,4.60,97.3,79.3,194.7,,,,,,,,,3.1
B6.PWD-Chr5,f,5260F6102,5.02,9.79,10.1,85.2,0.7,2.5,0.4,1.1,14.20,39.40,40.30,14.50,36.00,37.90,15.40,3.22,15.0,654.00,4.60,107.9,64.0,166.9,,,,,,,,,2.9
B6.PWD-Chr5,f,5260F6103,4.66,10.00,10.0,85.7,0.4,2.5,0.4,1.0,14.60,40.00,40.00,14.60,36.40,38.30,15.90,3.22,15.3,765.00,4.60,100.3,141.8,185.2,,,,,,,,,2.9
B6.PWD-Chr5,f,5260F6107,6.53,11.30,8.0,88.5,1.0,1.6,0.5,0.5,16.70,48.40,42.80,14.80,34.60,34.00,16.10,2.21,16.5,724.00,4.80,,287.7,,84.0,180.0,72.0,73.6,44.0,2.03,0.47,26.0,2.7
B6.PWD-Chr5,f,5260F6111,,,,,,,,,,,,,,,,,,,,99.7,204.6,198.3,81.0,161.0,96.0,70.0,48.0,2.90,1.08,32.0,
B6.PWD-Chr5,f,5260F6200,,,,,,,,,,,,,,,,,,,,,108.4,205.1,,,,,,,,,
B6.PWD-Chr5,m,5260M01,,,,,,,,,,,,,,,,,,,,,,,76.0,,146.0,,,,,,
B6.PWD-Chr5,m,5260M02,,,,,,,,,,,,,,,,,,,,,,,89.0,,121.0,,,,,,
B6.PWD-Chr5,m,5260M03,,,,,,,,,,,,,,,,,,,,,,,82.0,,158.0,,,,,,
B6.PWD-Chr5,m,5260M6104,5.78,10.32,5.7,89.0,0.6,2.2,0.5,2.0,15.10,41.80,40.50,14.60,36.10,37.70,14.90,3.10,15.7,659.00,4.50,101.9,131.1,189.6,,,,,,,,,2.3
B6.PWD-Chr5,m,5260M6105,6.02,10.40,10.7,83.0,1.1,2.6,0.9,1.8,15.30,41.80,40.10,14.70,36.70,38.00,14.50,3.17,15.9,886.00,4.70,97.6,71.2,175.0,,,,,,,,,2.8
B6.PWD-Chr5,m,5260M6106,9.41,10.34,8.4,87.6,0.8,1.7,0.6,0.7,15.00,40.90,39.60,14.50,36.60,37.90,15.70,3.34,15.5,809.00,4.90,109.0,164.6,240.0,,,,,,,,,3.1
B6.PWD-Chr5,m,5260M6108,5.77,9.77,6.3,88.9,1.1,2.7,0.5,0.5,13.70,41.60,42.60,14.10,33.00,33.30,14.80,2.49,13.8,1260.00,19.80,,203.6,216.4,92.0,257.0,120.0,85.0,46.0,2.69,0.46,26.0,3.4
B6.PWD-Chr5,m,5260M6109,7.50,10.80,7.4,87.2,1.6,2.8,0.5,0.5,17.30,45.50,42.10,16.00,37.90,33.50,14.50,2.29,15.3,1088.00,17.40,,198.7,212.4,94.0,237.0,108.0,91.2,60.0,2.62,0.39,23.0,3.0
B6.PWD-Chr5,m,5260M6110,7.59,10.93,8.0,85.9,1.6,3.6,0.5,0.4,16.50,46.60,42.70,15.10,35.30,33.40,14.60,2.15,15.6,1019.00,10.40,120.3,295.9,211.7,99.0,200.0,135.0,89.7,40.0,3.20,0.41,26.0,3.1
B6.PWD-Chr5,m,5260M6112,,,,,,,,,,,,,,,,,,,,95.7,358.2,245.8,83.0,212.0,151.0,70.7,51.0,3.38,0.25,,
B6.PWD-Chr5,m,5260M6113,,,,,,,,,,,,,,,,,,,,120.2,290.3,250.9,93.0,210.0,161.0,82.2,50.0,3.50,0.40,,
B6.PWD-Chr5,m,5260M6114,,,,,,,,,,,,,,,,,,,,112.1,242.3,252.7,89.0,216.0,159.0,79.0,49.0,3.53,0.41,,
B6.PWD-Chr5,m,5260M6201,,,,,,,,,,,,,,,,,,,,119.7,197.2,239.1,,,,,,,,,
B6.PWD-Chr5,m,5260M6202,4.98,8.37,9.0,86.1,1.5,2.3,0.6,0.5,,33.00,39.40,14.20,36.10,37.90,16.10,2.40,12.5,909.00,4.40,103.8,196.1,178.9,72.0,169.0,100.0,65.3,53.0,2.64,0.37,,2.6
B6.PWD-Chr5,m,5260M6203,6.22,10.37,7.0,88.9,1.1,1.6,1.1,0.4,15.30,41.10,39.70,14.80,37.20,38.30,16.00,2.46,15.7,782.00,4.40,121.1,161.1,203.4,91.0,201.0,143.0,87.3,47.0,3.22,0.21,,2.7
B6.PWD-Chr6,f,5261F1600,8.28,8.94,11.3,81.8,1.2,3.8,0.4,1.5,14.70,44.70,50.00,16.50,32.90,31.50,14.60,1.66,14.1,1016.00,5.10,96.6,204.6,169.4,59.0,227.0,53.0,,120.0,1.17,0.62,,2.5
B6.PWD-Chr6,f,5261F1601,6.37,9.35,6.7,88.4,0.7,3.1,0.2,0.9,14.90,45.20,48.30,15.90,32.90,31.40,14.80,1.74,14.2,1080.00,5.10,107.8,163.8,122.6,96.0,203.0,103.0,78.1,58.0,2.63,0.47,,3.9
B6.PWD-Chr6,f,5261F1602,7.28,9.08,10.6,81.2,1.5,4.4,0.3,2.0,14.40,43.50,48.00,15.90,33.10,31.70,16.30,1.86,13.8,1271.00,4.80,110.2,172.8,177.0,79.0,162.0,86.0,60.9,79.0,2.11,0.52,,4.6
B6.PWD-Chr6,f,5261F1700,,,,,,,,,,,,,,,,,,,,107.6,76.5,63.5,,,,,,,,,
B6.PWD-Chr6,f,5261F1701,5.20,8.75,7.2,87.9,1.0,3.0,0.1,0.8,13.60,42.70,48.70,15.60,31.90,31.30,15.50,1.80,13.3,1281.00,4.80,94.4,176.7,133.0,69.0,180.0,83.0,66.5,56.0,2.08,0.49,,5.1
B6.PWD-Chr6,f,5261F1702,6.66,9.02,8.4,85.6,0.9,3.6,0.5,1.1,14.20,44.50,49.40,15.80,31.90,30.90,14.90,1.88,13.8,1245.00,5.00,92.8,183.2,110.9,61.0,177.0,79.0,,85.0,1.87,0.56,,4.5
B6.PWD-Chr6,f,5261F1800,7.58,8.82,8.3,85.0,0.9,4.0,0.4,1.4,13.90,42.40,48.10,15.80,32.80,31.30,14.30,1.59,13.3,1273.00,5.10,94.5,112.4,155.7,61.0,166.0,76.0,54.1,119.0,2.11,0.35,,2.8
B6.PWD-Chr6,f,5261F1801,5.52,9.27,8.5,85.8,0.6,3.7,0.2,1.1,14.20,44.10,47.50,15.30,32.10,31.60,15.10,1.60,13.9,1012.00,4.80,102.6,148.7,162.7,70.0,211.0,86.0,63.8,68.0,2.41,0.46,,2.7
B6.PWD-Chr6,f,5261F1802,6.62,9.89,10.9,82.6,0.8,3.6,0.4,1.8,15.10,47.80,48.40,15.30,31.60,30.70,14.20,1.62,14.7,1026.00,5.10,,,,,,,,,,,,2.4
B6.PWD-Chr6,f,5261F1806,7.90,9.10,5.7,85.3,4.3,0.0,0.4,4.3,13.80,42.20,46.40,15.20,32.70,32.80,16.80,2.17,13.9,1158.00,4.80,102.8,153.7,165.6,71.0,177.0,90.0,61.8,66.0,2.07,0.43,,5.0
B6.PWD-Chr6,f,5261F1807,9.16,9.34,11.3,80.0,1.6,5.7,0.4,1.0,14.70,43.90,47.00,15.70,33.50,32.50,15.20,2.03,14.3,1145.00,4.80,96.6,142.7,158.6,78.0,189.0,67.0,66.7,96.0,1.66,0.54,,4.9
B6.PWD-Chr6,m,5261M1603,7.21,9.97,7.3,87.3,0.8,3.3,0.2,1.0,15.50,48.90,49.10,15.60,31.70,30.20,14.70,1.66,14.8,1200.00,5.50,104.0,105.0,142.2,108.0,229.0,89.0,99.4,53.0,2.43,0.47,,4.4
B6.PWD-Chr6,m,5261M1604,6.17,9.62,10.9,82.8,1.7,3.8,0.2,0.6,14.70,44.50,46.20,15.30,33.10,31.90,14.30,1.74,14.2,1389.00,5.10,96.6,80.6,213.8,100.0,203.0,85.0,94.4,134.0,2.13,0.57,,4.2
B6.PWD-Chr6,m,5261M1703,6.88,9.27,11.7,80.3,1.0,5.8,0.3,0.9,14.60,46.90,50.60,15.80,31.20,30.70,16.40,1.91,14.4,1031.00,5.00,90.9,218.7,142.7,63.0,177.0,65.0,60.6,49.0,1.80,0.68,,5.4
B6.PWD-Chr6,m,5261M1803,7.48,9.51,8.4,85.0,1.0,3.6,0.3,1.7,14.30,45.30,47.60,15.00,31.60,30.80,14.60,1.69,13.9,1320.00,4.80,101.1,233.7,224.1,81.0,272.0,112.0,75.8,62.0,2.33,0.50,,3.8
B6.PWD-Chr6,m,5261M1805,7.24,9.62,10.5,81.6,1.1,4.2,0.2,2.3,14.30,45.00,46.80,14.80,31.70,31.10,14.80,1.77,14.0,1401.00,4.60,105.4,222.1,264.0,98.0,246.0,115.0,91.6,52.0,2.48,0.37,,3.6
B6.PWD-Chr6,m,5261M1808,6.65,9.32,7.6,84.9,1.0,5.2,0.3,0.9,15.50,45.50,48.80,16.60,34.00,31.20,16.20,1.92,14.2,1354.00,13.70,86.8,225.8,228.2,87.0,251.0,79.0,83.6,59.0,1.66,0.48,,6.5
B6.PWD-Chr6,m,5261M1809,12.38,9.91,10.6,82.5,1.7,4.1,0.2,0.9,15.20,45.70,46.10,15.30,33.30,32.10,16.80,1.98,14.7,1264.00,4.70,90.1,210.5,204.5,87.0,263.0,70.0,73.7,72.0,1.67,0.56,,5.7
B6.PWD-Chr6,m,5261M4100,6.55,8.60,10.8,83.5,1.1,3.7,0.3,0.6,14.70,43.40,50.40,17.10,33.90,30.10,14.40,1.70,13.0,1259.00,9.50,,,,88.0,229.0,70.0,84.5,78.0,1.96,0.72,,4.2
B6.PWD-Chr8,f,6597F02,,,,,,,,,,,,,,,,,,,,,,,92.0,,178.0,,,,,,
B6.PWD-Chr8,f,6597F03,9.31,11.16,5.1,88.8,1.3,3.7,,0.6,16.90,60.30,54.00,15.20,28.00,27.00,13.00,,,978.00,,,,,80.0,,141.0,,,,,,
B6.PWD-Chr8,f,6597F04,9.05,10.71,6.4,86.5,1.3,5.2,,0.4,16.50,55.60,51.90,15.40,29.70,28.50,13.00,,,1086.00,,,,,84.0,,99.0,,,,,,
B6.PWD-Chr8,m,6597M01,,,,,,,,,,,,,,,,,,,,,,,92.0,223.0,133.0,75.2,,,,,
B6.PWD-Chr8,m,6597M02,,,,,,,,,,,,,,,,,,,,,,,101.0,230.0,140.0,80.3,,,,,
B6.PWD-Chr8,m,6597M03,,,,,,,,,,,,,,,,,,,,,,,92.0,249.0,133.0,74.1,,,,,
B6.PWD-Chr8,m,6597M04,7.39,11.08,3.8,91.5,1.0,3.0,,0.4,17.20,59.00,53.20,15.50,29.20,27.80,12.80,,,870.00,,,,,103.0,,133.0,,,,,,
B6.PWD-Chr8,m,6597M05,8.06,11.01,4.6,89.0,1.5,4.3,,0.4,16.70,58.50,53.10,15.20,28.60,27.60,12.70,,,1161.00,,,,,88.0,,123.0,,,,,,
B6.PWD-Chr9,f,5262F04,,,,,,,,,,,,,,,,,,,,,,,58.0,156.0,70.0,44.4,,,,,
B6.PWD-Chr9,f,5262F05,,,,,,,,,,,,,,,,,,,,,,,65.0,194.0,71.0,48.5,,,,,
B6.PWD-Chr9,f,5262F4000,10.42,9.65,6.8,88.8,0.9,1.9,0.2,1.3,15.10,46.60,48.30,15.60,32.40,31.10,14.50,1.70,14.5,800.00,4.90,,,,75.0,228.0,108.0,62.6,58.0,2.26,0.38,,3.0
B6.PWD-Chr9,f,5262F4001,10.88,9.84,9.0,86.3,0.6,2.6,0.4,1.1,15.40,47.30,48.10,15.70,32.60,31.60,15.20,1.85,15.0,922.00,4.80,,,,76.0,207.0,105.0,59.7,59.0,2.29,0.32,,3.1
B6.PWD-Chr9,f,5262F4002,9.94,9.72,8.0,87.5,0.6,2.6,0.2,1.0,15.50,46.80,48.10,15.90,33.00,31.50,15.20,1.78,14.7,816.00,4.90,,,,71.0,193.0,117.0,55.0,59.0,2.44,0.24,,3.1
B6.PWD-Chr9,f,5262F4008,8.27,9.45,7.2,89.0,0.8,1.2,0.2,1.6,15.00,46.30,48.90,15.80,32.40,31.50,15.70,2.25,14.6,868.00,4.60,69.8,51.2,126.6,75.0,200.0,111.0,64.6,66.0,3.06,0.40,,2.2
B6.PWD-Chr9,f,5262F4009,6.25,9.79,8.3,87.1,0.7,2.0,0.2,1.7,15.40,47.70,48.70,15.70,32.30,32.20,15.90,2.33,15.3,697.00,4.80,77.1,61.6,150.5,76.0,217.0,90.0,65.6,64.0,2.92,0.42,,1.3
B6.PWD-Chr9,f,5262F4013,5.79,8.87,16.4,77.4,1.0,2.9,0.8,1.5,13.80,38.60,43.50,15.60,35.80,38.60,16.30,3.25,14.9,702.00,4.40,,,,56.0,121.0,77.0,43.1,99.0,2.24,0.58,,1.8
B6.PWD-Chr9,f,5262F4014,4.76,9.70,11.5,83.9,0.8,2.5,0.2,1.2,15.30,43.20,44.50,15.80,35.50,36.90,15.80,2.98,15.9,1053.00,4.90,,,,71.0,189.0,98.0,62.3,63.0,2.67,0.82,,2.4
B6.PWD-Chr9,f,5262F9500,5.54,9.27,12.6,81.8,0.6,3.5,0.4,1.1,15.00,42.60,45.90,16.20,35.30,36.30,15.20,2.75,15.5,787.00,4.50,87.8,57.6,222.6,,,,,,,,,1.8
B6.PWD-Chr9,f,5262F9700,,,,,,,,,,,,,,,,,,,,,93.5,232.6,,,,,,,,,
B6.PWD-Chr9,f,5262F9701,,,,,,,,,,,,,,,,,,,,,83.0,197.2,,,,,,,,,
B6.PWD-Chr9,f,5262F9702,,,,,,,,,,,,,,,,,,,,,83.0,172.8,,,,,,,,,
B6.PWD-Chr9,m,5262M4003,13.80,9.46,5.9,89.3,0.9,1.8,0.3,1.8,15.20,46.30,49.00,16.00,32.80,30.90,14.80,1.84,14.3,972.00,4.80,,,,87.0,244.0,96.0,75.6,51.0,2.07,0.51,,4.8
B6.PWD-Chr9,m,5262M4004,11.44,9.59,8.8,86.5,1.0,1.9,0.3,1.6,15.40,46.90,48.90,16.00,32.80,31.00,14.60,1.78,14.5,937.00,4.90,,,,96.0,253.0,129.0,84.3,59.0,2.41,0.47,,4.1
B6.PWD-Chr9,m,5262M4005,11.25,9.65,8.0,87.7,0.9,2.1,0.2,1.2,15.60,47.40,49.10,16.20,32.90,30.50,14.30,1.79,14.5,1019.00,5.00,,,,85.0,212.0,98.0,77.0,65.0,1.92,0.35,,4.4
B6.PWD-Chr9,m,5262M4006,11.28,9.71,9.0,86.9,0.7,1.9,0.2,1.2,15.50,48.50,50.00,16.00,32.00,30.30,14.90,1.76,14.7,1052.00,5.10,,,,87.0,245.0,107.0,75.0,49.0,2.03,0.30,,4.3
B6.PWD-Chr9,m,5262M4007,10.01,9.12,12.8,81.3,1.7,1.8,0.2,2.1,14.50,46.10,50.60,15.90,31.40,29.70,15.90,1.89,13.7,855.00,5.20,,,,78.0,203.0,101.0,63.0,56.0,2.50,0.51,,5.7
B6.PWD-Chr9,m,5262M4010,8.19,9.26,32.5,60.5,0.9,1.3,0.5,4.3,14.90,47.50,51.40,16.10,31.40,30.80,16.60,2.25,14.6,993.00,4.80,81.7,58.9,269.5,91.0,257.0,93.0,77.4,75.0,2.55,0.41,,2.8
B6.PWD-Chr9,m,5262M4011,8.86,8.02,18.2,76.4,0.7,1.2,0.2,3.3,13.10,39.40,49.10,16.30,33.20,31.70,16.40,2.35,12.5,1120.00,4.50,76.5,66.8,257.6,89.0,218.0,120.0,75.6,60.0,3.29,0.69,,2.4
B6.PWD-Chr9,m,5262M4012,7.19,9.17,17.1,72.4,,0.0,0.3,0.7,14.60,46.30,50.50,15.90,31.60,31.20,17.00,2.29,14.4,1087.00,4.60,68.5,96.2,225.5,90.0,251.0,148.0,78.1,97.0,3.55,0.35,,2.0
B6.PWD-ChrX.1,f,5762F1300,,,,,,,,,,,,,,,,,,,,113.0,109.3,172.4,,,,,,,,,
B6.PWD-ChrX.1,f,5762F1301,,,,,,,,,,,,,,,,,,,,107.1,137.8,180.2,,,,,,,,,
B6.PWD-ChrX.1,f,5762F1302,,,,,,,,,,,,,,,,,,,,95.9,126.7,170.0,,,,,,,,,
B6.PWD-ChrX.1,f,5762F1400,9.18,9.51,4.1,92.5,1.2,1.1,0.4,0.6,15.20,43.90,46.10,15.90,34.50,34.90,14.40,2.05,15.3,833.00,4.40,108.4,123.0,180.9,83.0,215.0,118.0,73.5,49.0,3.39,0.62,21.0,1.7
B6.PWD-ChrX.1,f,5762F1401,11.52,9.66,4.8,91.5,1.1,1.4,0.8,0.5,14.80,44.30,45.90,15.30,33.40,34.40,15.00,2.11,15.3,884.00,4.50,118.3,154.4,184.5,97.0,215.0,113.0,87.1,69.0,3.53,0.55,,2.2
B6.PWD-ChrX.1,f,5762F1402,10.20,10.29,5.8,91.5,0.9,1.0,0.4,0.5,16.50,53.50,52.00,16.00,30.80,30.10,15.50,1.92,16.1,1052.00,5.70,122.7,176.8,196.3,92.0,230.0,90.0,82.4,65.0,3.33,0.69,26.0,5.6
B6.PWD-ChrX.1,f,5762F1404,8.30,9.16,8.5,83.8,,0.0,0.3,2.0,14.80,43.20,47.10,16.20,34.30,32.80,15.10,2.16,14.2,988.00,14.10,95.8,58.3,,90.0,205.0,102.0,74.7,58.0,2.63,0.40,20.0,3.6
B6.PWD-ChrX.1,f,5762F1405,7.48,9.99,5.4,90.9,1.5,1.4,0.3,0.5,15.40,47.20,47.30,15.40,32.50,32.50,14.50,1.97,15.4,854.00,4.70,101.9,73.7,83.2,92.0,191.0,100.0,76.4,66.0,2.66,0.51,19.0,2.4
B6.PWD-ChrX.1,f,5762F1412,6.47,9.20,6.8,90.7,0.5,1.1,0.7,0.3,14.50,41.40,45.00,15.70,35.00,35.90,16.20,2.37,14.8,731.00,4.90,108.0,301.1,209.0,95.0,176.0,102.0,72.1,50.0,2.79,0.19,19.0,4.1
B6.PWD-ChrX.1,f,5762F1413,8.43,9.86,6.6,90.4,0.7,1.4,0.4,0.5,15.30,43.30,43.90,15.60,35.50,35.70,16.20,2.26,15.4,891.00,4.50,97.3,163.6,182.1,89.0,192.0,98.0,68.3,59.0,2.62,0.43,20.0,4.3
B6.PWD-ChrX.1,f,5762F1414,10.59,9.74,6.7,90.0,0.9,1.1,0.8,0.6,15.30,42.00,43.10,15.70,36.40,36.30,15.80,2.31,15.3,881.00,4.50,94.4,166.3,187.7,80.0,186.0,71.0,63.6,59.0,2.06,0.34,20.0,3.2
B6.PWD-ChrX.1,m,5762M1303,,,,,,,,,,,,,,,,,,,,105.4,180.1,,,,,,,,,,
B6.PWD-ChrX.1,m,5762M1304,,,,,,,,,,,,,,,,,,,,108.2,78.1,,,,,,,,,,
B6.PWD-ChrX.1,m,5762M1305,,,,,,,,,,,,,,,,,,,,106.0,153.0,,,,,,,,,,
B6.PWD-ChrX.1,m,5762M1306,,,,,,,,,,,,,,,,,,,,102.4,193.3,,,,,,,,,,
B6.PWD-ChrX.1,m,5762M1307,,,,,,,,,,,,,,,,,,,,90.9,,,,,,,,,,,
B6.PWD-ChrX.1,m,5762M1403,10.54,9.62,4.9,92.0,1.0,1.1,0.5,0.5,15.00,44.40,46.10,15.60,33.80,34.50,13.90,2.09,15.3,961.00,4.30,112.7,222.8,234.1,125.0,288.0,91.0,115.0,62.0,3.13,0.68,25.0,2.2
B6.PWD-ChrX.1,m,5762M1406,10.54,10.32,7.4,88.6,1.0,2.0,0.4,0.6,16.20,47.90,46.40,15.70,33.80,32.40,14.40,2.10,15.5,1037.00,7.30,,183.9,187.1,103.0,243.0,76.0,94.3,48.0,2.28,0.52,22.0,3.2
B6.PWD-ChrX.1,m,5762M1407,9.74,9.90,10.0,84.1,1.7,3.3,0.4,0.5,16.90,47.70,48.10,17.10,35.40,31.70,15.30,2.12,15.1,1129.00,16.10,,93.0,175.3,105.0,227.0,103.0,93.5,62.0,2.88,0.45,21.0,4.2
B6.PWD-ChrX.1,m,5762M1408,8.75,10.38,6.4,88.8,2.0,1.7,0.3,0.9,16.20,50.20,48.40,15.60,32.20,31.80,14.30,2.00,16.0,1144.00,4.60,,49.7,122.9,121.0,252.0,86.0,109.3,51.0,2.42,0.37,23.0,3.4
B6.PWD-ChrX.1,m,5762M1409,9.42,10.02,5.7,90.4,1.0,2.2,0.3,0.5,16.00,47.70,47.70,16.00,33.60,32.20,14.70,2.15,15.4,1120.00,4.80,,195.0,171.7,93.0,238.0,84.0,85.0,47.0,2.59,0.37,23.0,3.6
B6.PWD-ChrX.1,m,5762M1410,9.89,9.28,9.9,83.5,2.6,2.8,0.7,0.5,17.00,44.40,47.80,18.30,38.20,32.20,14.60,2.18,14.3,1406.00,17.80,,197.4,224.3,100.0,264.0,85.0,92.0,48.0,2.29,0.44,21.0,3.6
B6.PWD-ChrX.1,m,5762M1411,9.17,8.20,6.6,88.4,1.7,2.4,0.6,0.3,15.60,39.10,47.70,19.00,39.90,32.30,15.30,2.28,12.6,1647.00,21.60,,208.9,218.5,111.0,255.0,86.0,98.2,90.0,2.37,0.32,24.0,5.5
B6.PWD-ChrX.1,m,5762M1415,9.07,9.83,4.5,92.5,0.7,1.3,0.6,0.5,15.90,43.50,44.30,16.10,36.40,35.80,14.90,2.33,15.6,1027.00,4.70,104.8,284.6,262.0,104.0,234.0,87.0,86.6,47.0,2.48,0.24,21.0,3.5
B6.PWD-ChrX.2,f,6598F01,10.35,10.06,7.6,88.2,2.0,1.3,0.3,0.5,16.10,48.40,48.10,16.00,33.30,30.50,14.80,1.80,14.8,1049.00,6.40,,,,99.0,216.0,99.0,80.8,,,,,4.0
B6.PWD-ChrX.2,f,6598F02,9.52,10.10,6.5,88.4,2.4,1.6,0.3,0.8,16.40,48.80,48.40,16.20,33.50,30.50,13.60,1.79,14.9,959.00,6.40,,,,84.0,232.0,109.0,68.9,,,,,3.6
B6.PWD-ChrX.2,f,6598F03,,,,,,,,,,,,,,,,,,,,,,,75.0,216.0,73.0,64.9,,,,,
B6.PWD-ChrX.2,f,6598F04,,,,,,,,,,,,,,,,,,,,,,,100.0,210.0,113.0,86.3,,,,,
B6.PWD-ChrX.2,f,6598F05,,,,,,,,,,,,,,,,,,,,,,,85.0,179.0,106.0,71.1,,,,,
B6.PWD-ChrX.2,f,6598F19,7.99,11.28,6.7,88.5,1.5,2.3,0.3,0.7,16.70,58.30,51.70,14.80,28.70,28.30,13.40,1.55,16.5,793.00,7.60,,,,,,,,,,,,3.9
B6.PWD-ChrX.2,f,6598F20,6.32,9.93,7.5,85.9,2.2,2.6,,0.9,15.80,51.50,51.90,15.90,30.60,28.80,13.50,,,744.00,,,,,91.0,,120.0,71.3,,,,,
B6.PWD-ChrX.2,f,6598F21,,,,,,,,,,,,,,,,,,,,,,,71.0,,97.0,,,,,,
B6.PWD-ChrX.2,f,6598F22,8.44,11.01,6.1,87.4,1.7,3.8,,0.5,17.00,59.20,53.80,15.50,28.80,28.00,12.60,,,801.00,,,,,,,,,,,,,
B6.PWD-ChrX.2,f,6598F23,9.04,11.22,6.7,86.4,2.7,3.1,,0.5,17.30,60.20,53.70,15.40,28.70,27.90,12.60,,,961.00,,,,,,,,,,,,,
B6.PWD-ChrX.2,m,6598M01,9.00,9.51,7.7,86.8,1.3,2.3,0.9,0.9,14.90,45.00,47.30,15.70,33.10,32.90,13.40,1.98,14.8,1046.00,4.70,,,,96.0,226.0,119.0,78.2,74.0,3.10,0.26,,3.0
B6.PWD-ChrX.2,m,6598M02,10.22,9.23,6.7,88.1,1.5,2.1,0.8,0.9,14.60,43.00,46.50,15.80,33.90,33.30,13.00,1.95,14.3,1085.00,4.60,,,,105.0,230.0,120.0,88.3,53.0,2.86,0.44,,2.8
B6.PWD-ChrX.2,m,6598M03,6.88,8.88,8.2,85.5,1.6,2.7,1.5,0.3,14.60,41.70,46.90,16.50,35.10,33.50,13.10,2.53,14.0,1056.00,14.90,,,,93.0,188.0,90.0,70.6,97.0,2.41,0.48,,2.1
B6.PWD-ChrX.2,m,6598M04,7.53,8.88,7.2,86.6,1.3,2.9,1.4,0.5,14.50,41.80,47.10,16.30,34.60,33.50,12.90,2.21,14.0,1141.00,9.00,,,,86.0,188.0,99.0,67.8,73.0,2.19,0.69,,2.0
B6.PWD-ChrX.2,m,6598M05,,,,,,,,,,,,,,,,,,,,,,,81.0,208.0,82.0,61.9,,,,,
B6.PWD-ChrX.2,m,6598M06,,,,,,,,,,,,,,,,,,,,,,,102.0,217.0,78.0,83.0,,,,,
B6.PWD-ChrX.2,m,6598M07,,,,,,,,,,,,,,,,,,,,,,,98.0,224.0,93.0,81.0,,,,,
B6.PWD-ChrX.2,m,6598M08,,,,,,,,,,,,,,,,,,,,,,,92.0,215.0,73.0,75.1,,,,,
B6.PWD-ChrX.2,m,6598M09,2.44,10.54,24.3,67.4,4.2,3.5,0.2,0.4,15.50,54.90,52.10,14.70,28.20,27.60,13.60,1.49,15.2,1101.00,7.70,,,,,,,,,,,,2.8
B6.PWD-ChrX.2,m,6598M10,6.17,10.48,25.5,66.2,5.1,2.6,0.1,0.6,15.50,54.00,51.50,14.80,28.70,28.30,12.80,1.54,15.3,1013.00,7.60,,,,,,,,,,,,3.4
B6.PWD-ChrX.2,m,6598M11,6.25,11.03,21.2,70.0,4.9,3.0,0.3,0.6,16.20,57.50,52.20,14.70,28.20,27.60,12.80,1.46,15.9,1039.00,7.60,,,,,,,,,,,,3.1
B6.PWD-ChrX.2,m,6598M12,6.17,10.94,6.4,83.2,1.5,8.3,,0.2,17.40,59.00,54.00,15.90,29.40,26.90,12.00,,,887.00,,,,,129.0,,149.0,101.0,,,,,
B6.PWD-ChrX.2,m,6598M13,,,,,,,,,,,,,,,,,,,,,,,97.0,,106.0,,,,,,
B6.PWD-ChrX.3,f,6227F100,7.71,8.87,6.9,90.7,0.5,1.0,0.5,0.4,16.30,43.30,48.80,18.30,37.60,33.20,15.50,2.47,14.4,1125.00,12.00,106.0,106.4,,,,,,,,,14.0,6.0
B6.PWD-ChrX.3,f,6227F1300,,,,,,,,,,,,,,,,,,,,102.6,160.8,180.1,,,,,,,,,
B6.PWD-ChrX.3,f,6227F1301,,,,,,,,,,,,,,,,,,,,114.2,151.7,147.1,,,,,,,,,
B6.PWD-ChrX.3,f,6227F1302,,,,,,,,,,,,,,,,,,,,114.3,200.5,188.8,,,,,,,,,
B6.PWD-ChrX.3,f,6227F1303,,,,,,,,,,,,,,,,,,,,,,,70.0,143.0,103.0,,,,,,
B6.PWD-ChrX.3,f,6227F1304,,,,,,,,,,,,,,,,,,,,,,,68.0,142.0,83.0,64.8,,,,,
B6.PWD-ChrX.3,f,6227F1305,,,,,,,,,,,,,,,,,,,,,,,70.0,209.0,97.0,63.7,,,,,
B6.PWD-ChrX.3,f,6227F1306,,,,,,,,,,,,,,,,,,,,,,,65.0,193.0,85.0,60.4,,,,,
B6.PWD-ChrX.3,f,6227F300,10.52,9.38,4.9,91.7,1.1,1.4,0.5,0.4,16.00,44.90,47.90,17.10,35.60,33.10,15.70,2.40,14.9,950.00,4.70,112.7,130.0,,,,,,,,,19.0,4.2
B6.PWD-ChrX.3,f,6227F301,11.29,8.48,5.1,92.3,1.1,0.9,0.4,0.4,15.60,40.60,47.90,18.40,38.50,33.40,15.40,2.33,13.6,1208.00,8.80,107.7,163.9,,,,,,,,,15.0,4.9
B6.PWD-ChrX.3,f,6227F302,11.20,8.85,5.7,86.1,0.7,6.4,0.7,0.5,16.80,43.60,49.30,19.00,38.60,32.60,16.30,2.41,14.2,1167.00,15.00,103.2,106.5,166.9,,,,,,,,25.0,5.9
B6.PWD-ChrX.3,f,6227F400,10.55,8.95,6.9,89.2,1.6,1.5,0.4,0.4,15.50,42.30,47.30,17.30,36.50,33.40,15.20,2.44,14.2,1046.00,4.90,109.4,142.3,152.2,,,,,,,,20.0,5.6
B6.PWD-ChrX.3,f,6227F401,9.44,8.46,6.6,90.4,1.0,1.2,0.5,0.3,15.40,40.20,47.50,18.20,38.40,33.60,15.50,2.45,13.5,1380.00,13.30,104.3,148.2,147.6,,,,,,,,16.0,6.9
B6.PWD-ChrX.3,f,6227F402,10.50,8.51,8.4,85.5,1.6,3.4,0.9,0.4,15.90,41.00,48.20,18.70,38.90,33.30,15.30,2.46,13.6,1283.00,15.20,104.4,125.4,145.7,,,,,,,,17.0,5.9
B6.PWD-ChrX.3,f,6227F403,6.99,8.91,6.0,90.5,1.3,1.5,0.4,0.3,15.00,42.00,47.20,16.90,35.80,33.70,15.10,2.45,14.2,1022.00,4.50,112.1,123.9,161.7,,,,,,,,21.0,4.7
B6.PWD-ChrX.3,f,6227F404,9.34,9.27,3.3,92.8,0.9,1.7,0.8,0.5,16.30,43.80,47.20,17.60,37.30,33.50,16.60,2.44,14.7,1066.00,10.60,100.1,104.5,200.3,,,,,,,,23.0,5.9
B6.PWD-ChrX.3,m,6227M1303,10.63,8.86,10.8,81.4,2.5,3.4,1.1,0.9,14.80,39.80,45.00,16.70,37.10,36.10,15.50,2.45,14.4,1125.00,4.20,104.9,192.3,205.8,,,,,,,,21.0,3.1
B6.PWD-ChrX.3,m,6227M1304,11.41,9.13,18.8,75.4,2.1,1.9,1.1,0.7,14.80,41.40,45.30,16.20,35.80,35.80,15.50,2.36,14.8,1135.00,4.20,107.9,222.1,220.0,,,,,,,,19.0,3.0
B6.PWD-ChrX.3,m,6227M1305,10.05,9.21,8.2,86.2,1.8,2.2,1.2,0.6,15.40,41.20,44.80,16.80,37.50,36.10,14.50,2.38,14.9,970.00,4.30,111.4,176.1,200.8,,,,,,,,22.0,2.2
B6.PWD-ChrX.3,m,6227M1306,7.73,8.97,7.3,88.0,1.9,1.2,0.8,0.8,14.60,40.20,44.90,16.30,36.40,36.00,15.40,2.41,14.5,1072.00,4.20,117.6,217.4,245.2,,,,,,,,19.0,3.0
B6.PWD-ChrX.3,m,6227M1400,8.67,8.82,7.2,88.0,1.8,1.9,0.7,0.5,14.40,40.20,45.60,16.40,35.90,35.90,14.10,2.34,14.5,1093.00,4.20,106.1,188.4,224.6,,,,,,,,26.0,3.0
B6.PWD-ChrX.3,m,6227M1401,,,,,,,,,,,,,,,,,,,,,,,92.0,224.0,151.0,85.6,,,,,
B6.PWD-ChrX.3,m,6227M1402,,,,,,,,,,,,,,,,,,,,,,,87.0,222.0,134.0,82.9,,,,,
B6.PWD-ChrX.3,m,6227M1403,,,,,,,,,,,,,,,,,,,,,,,76.0,239.0,143.0,69.3,,,,,
B6.PWD-ChrX.3,m,6227M1404,,,,,,,,,,,,,,,,,,,,,,,90.0,221.0,125.0,87.3,,,,,
B6.PWD-ChrX.3,m,6227M200,2.20,9.20,7.0,88.6,0.5,2.4,1.3,0.2,15.40,43.00,46.80,16.70,35.80,34.70,14.30,2.34,14.9,1063.00,4.50,105.7,176.4,183.8,,,,,,,,21.0,3.6
B6.PWD-ChrX.3,m,6227M303,10.09,8.69,18.5,77.1,1.7,1.4,0.9,0.4,15.80,41.60,47.90,18.10,37.90,33.10,16.70,2.54,13.8,1300.00,13.50,110.6,218.6,241.7,,,,,,,,17.0,7.6
B6.PWD-ChrX.3,m,6227M405,11.13,8.50,14.7,78.6,1.3,3.9,1.0,0.4,16.00,41.40,48.70,18.90,38.70,32.50,15.80,2.41,13.5,1347.00,15.20,116.4,268.3,251.2,,,,,,,,17.0,5.6
B6.PWD-ChrY,f,5270F5300,,,,,,,,,,,,,,,,,,,,103.3,164.4,,,,,,,,,,
B6.PWD-ChrY,f,5270F5301,,,,,,,,,,,,,,,,,,,,97.5,173.6,,,,,,,,,,
B6.PWD-ChrY,f,5270F700,8.96,9.57,6.7,89.3,1.1,1.3,0.3,1.3,15.00,45.40,47.50,15.60,32.90,31.20,15.90,1.80,14.2,1086.00,4.90,85.5,79.7,183.3,89.0,193.0,110.0,70.0,56.0,1.73,,,4.7
B6.PWD-ChrY,f,5270F701,9.86,9.30,7.8,88.1,0.9,1.3,0.3,1.6,14.80,44.20,47.50,15.90,33.50,31.30,15.10,1.76,13.8,1063.00,5.10,99.6,75.5,207.1,84.0,177.0,103.0,69.2,44.0,1.86,,,4.4
B6.PWD-ChrY,f,5270F702,9.05,8.90,9.1,86.1,1.7,1.0,0.4,1.6,14.00,41.80,46.90,15.70,33.50,31.10,15.80,1.85,13.0,1133.00,5.00,113.7,72.9,194.5,71.0,209.0,94.0,61.6,,1.67,,,4.4
B6.PWD-ChrY,f,5270F703,10.76,9.09,8.0,87.4,1.0,1.8,0.3,1.5,14.60,43.90,48.30,16.00,33.20,30.70,15.40,1.81,13.4,1088.00,5.20,96.0,88.7,206.7,72.0,222.0,96.0,56.8,50.0,1.49,0.40,,3.8
B6.PWD-ChrY,f,5270F800,,,,,,,,,,,,,,,,,,,,98.5,133.9,200.4,81.0,200.0,103.0,73.2,63.0,2.45,0.60,,
B6.PWD-ChrY,f,5270F900,8.17,9.48,4.8,92.0,0.7,1.3,0.2,1.0,14.20,43.50,45.90,15.00,32.80,31.50,17.50,1.80,13.7,1039.00,5.50,101.7,72.8,144.1,87.0,213.0,110.0,72.8,53.0,2.65,0.50,,5.2
B6.PWD-ChrY,f,5270F901,9.50,9.96,4.3,92.6,0.5,1.2,0.1,1.3,15.60,46.20,46.40,15.60,33.70,31.10,16.90,1.75,14.4,961.00,5.00,,,178.7,75.0,200.0,105.0,65.2,82.0,2.53,0.60,,3.0
B6.PWD-ChrY,f,5270F902,8.05,9.74,7.1,90.2,0.4,1.1,0.2,1.0,14.70,45.00,46.10,15.10,32.80,31.50,16.30,1.74,14.1,1045.00,4.90,96.7,108.4,174.7,65.0,200.0,99.0,61.2,79.0,2.50,0.50,,3.1
B6.PWD-ChrY,m,5270M704,10.26,9.60,4.5,91.7,0.7,1.7,0.2,1.1,14.50,46.40,48.30,15.10,31.30,30.10,14.80,1.74,13.9,1318.00,4.80,105.4,154.5,251.0,96.0,243.0,93.0,84.1,47.0,1.81,0.50,,3.3
B6.PWD-ChrY,m,5270M705,6.78,8.81,6.6,89.0,1.0,2.1,0.3,1.1,13.80,42.00,47.70,15.60,32.80,30.80,15.60,1.90,12.9,1258.00,5.20,99.0,110.7,247.9,90.0,240.0,70.0,78.9,49.0,1.45,0.30,,5.3
B6.PWD-ChrY,m,5270M801,7.98,9.35,16.7,78.1,1.4,2.1,0.1,1.6,14.60,45.70,48.90,15.70,32.10,29.60,17.80,1.80,13.5,1043.00,5.20,110.7,176.4,252.9,105.0,242.0,101.0,95.3,75.0,2.27,0.80,,4.2
B6.PWD-ChrY,m,5270M802,9.53,9.02,25.9,69.4,1.5,1.0,0.1,2.0,13.40,42.20,46.80,14.90,31.80,30.70,16.80,1.76,13.0,1308.00,5.00,109.7,151.9,251.1,106.0,208.0,138.0,94.3,66.0,2.86,0.70,,3.9
B6.PWD-ChrY,m,5270M803,8.13,9.35,16.8,78.7,1.0,1.2,0.2,2.2,14.20,44.00,47.10,15.10,32.20,30.80,16.70,1.96,13.6,1089.00,5.00,113.8,144.0,222.8,102.0,270.0,95.0,93.7,48.0,2.49,0.60,,6.0
B6.PWD-ChrY,m,5270M804,9.28,9.70,6.3,89.3,1.0,1.3,0.2,1.9,14.60,45.40,46.80,15.10,32.10,30.70,16.90,1.78,13.9,1151.00,5.00,107.4,139.5,205.0,98.0,210.0,115.0,89.2,51.0,2.93,0.70,,4.1
B6.PWD-ChrY,m,5270M903,9.56,9.20,5.7,90.6,0.7,1.4,0.1,1.5,14.40,42.80,46.50,15.60,33.60,30.70,16.60,1.75,13.1,1276.00,5.20,107.7,167.1,209.8,98.0,219.0,77.0,93.8,53.0,2.00,0.50,,4.2
B6.PWD-ChrY,m,5270M904,8.14,9.42,6.6,88.6,0.8,2.5,0.1,1.3,14.60,44.10,46.80,15.50,33.10,30.80,15.90,1.77,13.6,1393.00,5.10,109.9,191.9,255.8,,,,,,,,,3.5
B6.PWD-mt,f,5761F0100,9.73,9.01,4.5,92.3,0.8,1.3,0.6,0.6,14.50,42.00,46.60,16.10,34.50,35.30,16.50,2.02,14.8,843.00,4.40,94.8,120.4,167.9,78.0,227.0,80.0,69.4,,3.08,,,1.8
B6.PWD-mt,f,5761F0101,11.23,9.36,4.3,91.6,0.7,2.1,0.5,0.7,14.40,42.10,44.90,15.40,34.30,35.10,15.40,2.04,14.8,983.00,4.30,105.2,63.4,191.6,87.0,211.0,86.0,73.4,66.0,3.15,0.55,,1.6
B6.PWD-mt,f,5761F2300,9.06,10.35,4.6,91.2,0.9,2.4,0.5,0.5,16.50,47.50,45.90,16.00,34.80,32.30,15.80,2.02,15.4,969.00,11.70,,126.6,146.4,87.0,201.0,47.0,76.5,79.0,1.57,0.45,23.0,3.1
B6.PWD-mt,f,5761F2400,8.35,9.75,6.0,90.6,0.9,1.1,0.7,0.7,15.40,45.40,46.60,15.80,33.90,34.40,15.90,1.93,15.6,857.00,4.50,98.3,157.6,162.1,85.0,207.0,82.0,73.9,55.0,2.26,0.62,19.0,1.7
B6.PWD-mt,f,5761F2405,,,,,,,,,,,,,,,,,,,,104.1,81.2,,,,,,,,,,
B6.PWD-mt,f,5761F8800,9.45,9.30,6.8,87.9,0.4,1.8,0.6,2.3,14.60,42.00,45.20,15.70,34.80,35.90,16.80,3.06,15.1,1024.00,5.40,100.5,70.2,230.7,82.0,179.0,83.0,68.6,100.0,2.17,0.50,24.0,2.4
B6.PWD-mt,f,5761F8801,7.09,9.14,7.4,88.8,1.0,1.5,0.4,1.0,14.20,39.50,43.20,15.50,35.90,38.50,15.90,3.24,15.2,943.00,4.50,94.2,82.6,215.0,66.0,173.0,123.0,56.4,57.0,2.60,0.44,22.0,1.6
B6.PWD-mt,f,5761F8802,5.81,9.30,6.1,90.0,0.5,2.3,0.3,0.8,14.60,41.40,44.50,15.70,35.20,36.80,16.70,3.00,15.3,863.00,4.60,100.8,78.5,206.6,66.0,173.0,82.0,59.9,78.0,2.13,0.42,23.0,2.3
B6.PWD-mt,f,5761F8803,8.67,8.93,8.1,88.0,0.8,1.8,0.3,1.0,14.00,39.20,43.80,15.70,35.90,37.40,16.20,3.03,14.7,871.00,4.50,100.9,58.6,247.8,73.0,160.0,74.0,59.6,63.0,1.92,0.74,21.0,2.3
B6.PWD-mt,m,5761M0102,13.78,9.46,3.6,93.5,0.6,1.3,0.4,0.6,14.60,43.40,45.80,15.50,33.80,34.30,15.50,2.05,14.9,1034.00,4.50,99.0,164.8,269.4,108.0,246.0,80.0,96.9,50.0,2.95,0.70,21.0,2.1
B6.PWD-mt,m,5761M0103,9.93,9.11,4.0,90.9,0.8,2.4,0.9,0.9,14.00,40.90,44.90,15.40,34.20,35.20,15.00,2.04,14.4,1124.00,4.40,122.0,180.9,215.7,111.0,260.0,95.0,102.6,52.0,3.20,0.58,21.0,1.9
B6.PWD-mt,m,5761M2301,10.07,10.09,4.7,92.0,0.8,2.0,0.2,0.3,16.30,46.40,46.00,16.20,35.10,32.10,14.80,2.09,14.9,1204.00,13.90,,205.2,207.3,117.0,268.0,71.0,108.2,43.0,2.13,0.58,20.0,4.2
B6.PWD-mt,m,5761M2401,10.09,9.67,6.6,87.2,1.8,2.1,0.6,1.7,15.10,44.20,45.70,15.60,34.10,34.60,15.10,2.01,15.3,1002.00,4.40,119.3,218.6,211.7,97.0,205.0,97.0,89.6,45.0,2.77,0.72,21.0,1.9
B6.PWD-mt,m,5761M2402,9.37,9.37,8.9,86.3,1.4,2.0,0.8,0.6,15.00,44.80,47.90,16.10,33.50,33.70,16.00,2.04,15.1,1082.00,4.60,110.4,149.5,206.1,94.0,277.0,78.0,88.6,52.0,2.19,0.52,22.0,1.9
B6.PWD-mt,m,5761M2403,10.63,9.42,6.8,89.7,0.8,1.6,0.5,0.5,15.00,45.10,47.90,15.90,33.20,33.80,15.80,1.94,15.2,1080.00,4.50,112.2,193.5,188.2,87.0,221.0,111.0,79.3,42.0,2.56,0.61,26.0,1.8
B6.PWD-mt,m,5761M2404,9.72,9.09,7.4,87.3,0.9,2.3,1.2,0.8,14.50,43.30,47.70,15.90,33.40,34.20,16.00,1.94,14.8,964.00,4.50,101.7,153.8,193.9,90.0,208.0,104.0,84.0,48.0,2.53,0.68,23.0,1.8
B6.PWD-mt,m,5761M2406,,,,,,,,,,,,,,,,,,,,100.4,116.7,,,,,,,,,,
B6.PWD-mt,m,5761M8804,9.00,9.80,7.8,87.3,0.8,2.7,0.5,0.9,15.30,44.30,45.20,15.60,34.50,36.80,16.30,2.94,16.3,774.00,4.60,112.5,143.5,305.6,98.0,244.0,111.0,85.7,173.0,2.61,0.43,23.0,2.5
C57BL/6J,f,0664F83,,,,,,,,,,,,,,,,,,,,,,,80.0,199.0,54.0,60.9,,,,,
C57BL/6J,f,0664F84,,,,,,,,,,,,,,,,,,,,,,,71.0,236.0,57.0,55.6,,,,,
C57BL/6J,f,0664F85,8.91,10.72,4.2,92.3,1.2,1.2,0.3,0.8,16.20,53.10,49.60,15.10,30.60,29.10,12.40,1.56,15.5,995.00,6.90,,,,68.0,141.0,78.0,52.5,,,,,3.3
C57BL/6J,f,0664F86,10.93,11.88,5.2,89.4,1.3,2.4,0.4,1.4,17.80,57.70,48.60,15.00,30.90,29.30,13.90,1.61,16.9,789.00,7.10,,,,,,,,,,,,3.1
C57BL/6J,f,0664F87,7.94,10.94,5.8,90.0,1.4,1.7,0.4,0.7,16.70,53.70,49.00,15.30,31.10,29.30,12.60,1.57,15.7,904.00,6.90,,,,64.0,182.0,80.0,49.0,,,,,3.0
C57BL/6J,f,0664F88,9.07,11.29,5.8,90.3,1.4,1.5,0.2,0.7,16.60,56.70,50.20,14.70,29.30,27.80,12.00,1.49,15.7,915.00,6.80,,,,72.0,152.0,48.0,55.0,,,,,3.3
C57BL/6J,f,0664F89,11.11,10.58,5.7,90.4,1.1,1.9,0.3,0.6,15.60,53.20,50.30,14.80,29.40,28.20,12.40,1.56,15.0,953.00,6.60,,,,81.0,179.0,78.0,60.1,,,,,3.5
C57BL/6J,f,0664F90,,,,,,,,,,,,,,,,,,,,,,,53.0,155.0,41.0,37.4,,,,,
C57BL/6J,f,0664F91,8.67,11.37,6.0,90.0,1.5,1.6,0.3,0.6,16.70,57.60,50.60,14.70,29.00,27.80,12.80,1.53,16.0,967.00,6.80,,,,72.0,199.0,80.0,54.4,,,,,3.5
C57BL/6J,f,CM-961,,,,,,,,,,,,,,,,,,,,92.0,129.0,150.0,,,,,,,,,
C57BL/6J,f,CM-962,,,,,,,,,,,,,,,,,,,,79.9,160.0,181.0,,,,,,,,,
C57BL/6J,f,CM-963,,,,,,,,,,,,,,,,,,,,99.2,93.7,149.0,,,,,,,,,
C57BL/6J,f,CM-964,,,,,,,,,,,,,,,,,,,,81.8,115.0,181.0,,,,,,,,,
C57BL/6J,f,CM-965,,,,,,,,,,,,,,,,,,,,87.3,99.6,137.0,,,,,,,,,
C57BL/6J,f,CM-966,,,,,,,,,,,,,,,,,,,,85.2,120.0,149.0,,,,,,,,,
C57BL/6J,f,CM-967,,,,,,,,,,,,,,,,,,,,99.2,164.0,163.0,,,,,,,,,
C57BL/6J,f,CM-968,,,,,,,,,,,,,,,,,,,,102.0,164.0,146.0,,,,,,,,,
C57BL/6J,f,CM-969,,,,,,,,,,,,,,,,,,,,91.3,175.0,156.0,,,,,,,,,
C57BL/6J,f,CM-970,,,,,,,,,,,,,,,,,,,,100.0,174.0,141.0,,,,,,,,,
C57BL/6J,m,0664M77,,,,,,,,,,,,,,,,,,,,,,,92.0,223.0,64.0,70.3,,,,,
C57BL/6J,m,0664M78,,,,,,,,,,,,,,,,,,,,,,,102.0,219.0,59.0,81.8,,,,,
C57BL/6J,m,0664M79,,,,,,,,,,,,,,,,,,,,,,,80.0,211.0,56.0,61.2,,,,,
C57BL/6J,m,0664M80,,,,,,,,,,,,,,,,,,,,,,,95.0,240.0,50.0,74.5,,,,,
C57BL/6J,m,0664M81,,,,,,,,,,,,,,,,,,,,,,,96.0,254.0,65.0,75.8,,,,,
C57BL/6J,m,0664M82,,,,,,,,,,,,,,,,,,,,,,,87.0,210.0,59.0,69.6,,,,,
C57BL/6J,m,0664M83,13.03,11.45,4.0,91.0,2.1,1.7,0.2,1.0,16.80,56.10,49.00,14.70,30.00,29.00,12.60,1.58,16.3,910.00,7.10,,,,89.0,208.0,84.0,69.7,,,,,3.8
C57BL/6J,m,0664M84,10.27,11.57,6.1,88.0,2.4,2.0,0.2,1.3,17.40,58.60,50.70,15.10,29.80,27.90,12.50,1.55,16.4,1225.00,7.20,,,,100.0,220.0,89.0,83.2,,,,,3.4
C57BL/6J,m,0664M85,11.22,11.10,7.4,88.5,1.4,1.3,0.3,1.1,16.30,57.80,52.10,14.70,28.30,27.20,12.90,1.59,15.7,1003.00,7.20,,,,58.0,139.0,34.0,42.5,,,,,4.1
C57BL/6J,m,0664M86,,,,,,,,,,,,,,,,,,,,,,,82.0,188.0,76.0,65.3,,,,,
C57BL/6J,m,0664M87,11.04,11.10,7.7,87.6,1.7,1.7,0.3,1.0,16.40,58.60,52.80,14.80,28.00,26.70,12.50,1.51,15.6,1139.00,7.10,,,,87.0,235.0,79.0,71.6,,,,,4.2
C57BL/6J,m,0664M88,12.00,11.08,8.2,87.0,1.5,1.7,0.4,1.2,16.10,59.10,53.30,14.50,27.20,26.30,13.00,1.56,15.5,999.00,7.30,,,,79.0,180.0,72.0,59.8,,,,,4.2
C57BL/6J,m,CM-971,,,,,,,,,,,,,,,,,,,,101.0,166.0,252.0,,,,,,,,,
C57BL/6J,m,CM-972,,,,,,,,,,,,,,,,,,,,70.6,121.0,201.0,,,,,,,,,
C57BL/6J,m,CM-973,,,,,,,,,,,,,,,,,,,,99.5,270.0,305.0,,,,,,,,,
C57BL/6J,m,CM-974,,,,,,,,,,,,,,,,,,,,94.7,199.0,224.0,,,,,,,,,
C57BL/6J,m,CM-975,,,,,,,,,,,,,,,,,,,,87.8,154.0,207.0,,,,,,,,,
C57BL/6J,m,CM-976,,,,,,,,,,,,,,,,,,,,82.9,146.0,210.0,,,,,,,,,
C57BL/6J,m,CM-977,,,,,,,,,,,,,,,,,,,,87.3,193.0,229.0,,,,,,,,,
C57BL/6J,m,CM-978,,,,,,,,,,,,,,,,,,,,108.0,94.9,242.0,,,,,,,,,
C57BL/6J,m,CM-979,,,,,,,,,,,,,,,,,,,,111.0,181.0,229.0,,,,,,,,,
C57BL/6J,m,CM-980,,,,,,,,,,,,,,,,,,,,98.3,140.0,216.0,,,,,,,,,
PWD/PhJ,f,4660F11,2.56,10.95,15.3,76.3,0.9,7.0,0.1,0.4,16.20,54.00,49.30,14.80,29.90,30.10,14.40,1.64,16.3,939.00,6.60,,,,,,,,,,,,2.7
PWD/PhJ,f,4660F12,3.23,10.57,19.0,73.8,1.2,5.6,0.2,0.2,15.60,51.90,49.10,14.70,30.00,30.30,15.50,1.71,15.7,1126.00,6.70,,,,,,,,,,,,3.0
PWD/PhJ,f,4660F13,2.10,10.89,18.6,74.5,1.1,5.6,0.1,0.2,15.80,52.50,48.20,14.60,30.20,30.40,14.60,1.69,16.0,924.00,6.30,,,,,,,,,,,,2.7
PWD/PhJ,f,4660F14,2.12,10.77,21.5,71.7,1.3,4.9,0.3,0.2,15.90,53.40,49.60,14.70,29.70,29.70,15.30,1.64,15.9,888.00,6.70,,,,,,,,,,,,3.1
PWD/PhJ,f,4660F15,5.27,11.38,16.5,76.5,0.9,5.5,0.2,0.4,16.50,57.90,50.90,14.50,28.50,28.40,15.80,1.56,16.5,821.00,6.60,,,,77.0,,58.0,64.8,,,,,2.2
PWD/PhJ,f,4660F16,6.24,11.03,15.5,80.3,1.5,2.1,0.3,0.4,16.00,55.90,50.60,14.50,28.60,28.30,15.30,1.55,15.8,962.00,6.70,,,,,,,74.7,,,,,2.1
PWD/PhJ,f,4660F17,7.85,11.26,11.4,83.7,1.3,2.9,0.3,0.5,16.00,56.80,50.50,14.20,28.20,28.20,16.20,1.57,16.0,841.00,6.80,,,,67.0,,39.0,56.0,,,,,2.2
PWD/PhJ,f,4660F18,5.67,11.10,12.4,78.7,1.0,7.4,0.2,0.2,16.10,56.10,50.50,14.50,28.70,28.50,16.00,1.55,16.0,649.00,6.30,,,,72.0,,55.0,59.9,,,,,2.2
PWD/PhJ,f,4660F19,5.90,10.84,14.4,80.1,1.6,3.4,0.1,0.3,15.70,53.70,49.50,14.50,29.20,29.20,15.70,1.65,15.7,921.00,6.60,,,,,,,,,,,,3.0
PWD/PhJ,f,4660F200,,,,,,,,,,,,,,,,,,,,116.0,,,,,,,,,,,
PWD/PhJ,f,4660F201,,,,,,,,,,,,,,,,,,,,,,221.0,,,,,,,,,
PWD/PhJ,f,4660F25,1.97,10.54,20.6,72.7,1.5,4.9,,0.1,16.40,52.60,49.90,15.50,31.10,29.80,17.90,,,1025.00,,,,,87.0,,98.0,71.0,,,,,
PWD/PhJ,f,4660F26,2.55,10.95,22.3,64.2,2.7,10.4,,0.2,16.70,55.00,50.20,15.30,30.40,29.80,17.60,,,843.00,,,,,94.0,,94.0,75.2,,,,,
PWD/PhJ,f,4660F27,3.68,10.60,17.6,76.3,1.5,4.3,,0.2,16.10,52.60,49.60,15.20,30.60,29.20,17.40,,,1024.00,,,,,86.0,,74.0,70.5,,,,,
PWD/PhJ,f,4660F28,,,,,,,,,,,,,,,,,,,,,,,86.0,,78.0,,,,,,
PWD/PhJ,f,4660F29,,,,,,,,,,,,,,,,,,,,,,,91.0,,80.0,,,,,,
PWD/PhJ,f,4660F30,,,,,,,,,,,,,,,,,,,,,,,78.0,,86.0,,,,,,
PWD/PhJ,f,4660F300,,,,,,,,,,,,,,,,,,,,105.0,,216.0,,,,,,,,,
PWD/PhJ,f,4660F301,,,,,,,,,,,,,,,,,,,,118.0,,48.3,,,,,,,,,
PWD/PhJ,f,4660F31,,,,,,,,,,,,,,,,,,,,,,,86.0,,85.0,,,,,,
PWD/PhJ,f,4660F400,,,,,,,,,,,,,,,,,,,,113.0,,229.0,,,,,,,,,
PWD/PhJ,f,4660F401,,,,,,,,,,,,,,,,,,,,105.0,,,,,,,,,,,
PWD/PhJ,f,4660F406,,,,,,,,,,,,,,,,,,,,95.3,,,,,,,,,,,
PWD/PhJ,m,4660M11,2.50,11.49,25.9,67.2,1.1,5.5,0.1,0.1,16.50,55.50,48.30,14.40,29.80,30.00,13.60,1.62,16.6,1221.00,6.60,,,,,,,,,,,,2.3
PWD/PhJ,m,4660M12,3.18,11.60,26.1,66.0,1.6,6.0,0.1,0.2,16.60,55.70,48.10,14.30,29.80,30.00,14.30,1.65,16.7,1191.00,6.50,,,,,,,,,,,,2.7
PWD/PhJ,m,4660M13,2.67,11.08,24.7,65.4,1.3,8.2,0.1,0.2,16.10,53.90,48.60,14.60,29.90,29.90,14.80,1.65,16.1,1176.00,6.50,,,,,,,,,,,,2.7
PWD/PhJ,m,4660M14,4.58,11.77,17.1,71.0,1.6,10.0,0.1,0.2,17.00,59.10,50.20,14.40,28.70,28.70,15.30,1.55,17.0,913.00,6.30,,,,93.0,,58.0,78.5,,,,,2.5
PWD/PhJ,m,4660M16,1.84,11.28,25.5,64.7,1.4,8.2,,0.1,17.00,56.40,50.00,15.00,30.10,29.40,17.20,,,1155.00,,,,,108.0,,84.0,87.8,,,,,
PWD/PhJ,m,4660M17,2.02,11.06,27.6,59.7,1.9,10.3,,0.3,16.90,54.80,49.60,15.20,30.80,28.20,17.10,,,1114.00,,,,,112.0,,58.0,89.9,,,,,
PWD/PhJ,m,4660M18,2.05,10.71,26.4,63.1,1.7,8.5,,0.1,16.40,51.90,48.50,15.30,31.50,28.60,16.90,,,972.00,,,,,107.0,,75.0,88.3,,,,,
PWD/PhJ,m,4660M19,1.95,11.07,26.2,66.5,1.6,5.5,,0.1,16.70,54.40,49.10,15.10,30.70,28.80,18.30,,,1292.00,,,,,104.0,,103.0,84.7,,,,,
PWD/PhJ,m,4660M20,3.58,11.04,22.5,68.0,3.2,5.7,,0.4,16.40,54.30,49.20,14.90,30.20,29.60,17.90,,,1129.00,,,,,101.0,,61.0,84.0,,,,,
PWD/PhJ,m,4660M202,,,,,,,,,,,,,,,,,,,,103.0,,214.0,,,,,,,,,
PWD/PhJ,m,4660M203,,,,,,,,,,,,,,,,,,,,102.0,,244.0,,,,,,,,,
PWD/PhJ,m,4660M204,,,,,,,,,,,,,,,,,,,,100.0,,107.0,,,,,,,,,
PWD/PhJ,m,4660M205,,,,,,,,,,,,,,,,,,,,,,169.0,,,,,,,,,
PWD/PhJ,m,4660M206,,,,,,,,,,,,,,,,,,,,95.5,,222.0,,,,,,,,,
PWD/PhJ,m,4660M21,,,,,,,,,,,,,,,,,,,,,,,99.0,,84.0,,,,,,
PWD/PhJ,m,4660M22,,,,,,,,,,,,,,,,,,,,,,,94.0,,76.0,,,,,,
PWD/PhJ,m,4660M222,,,,,,,,,,,,,,,,,,,,111.0,,283.0,,,,,,,,,
PWD/PhJ,m,4660M23,,,,,,,,,,,,,,,,,,,,,,,98.0,,64.0,,,,,,
PWD/PhJ,m,4660M233,,,,,,,,,,,,,,,,,,,,101.0,,218.0,,,,,,,,,
PWD/PhJ,m,4660M234,,,,,,,,,,,,,,,,,,,,95.6,,194.0,,,,,,,,,
PWD/PhJ,m,4660M25,,,,,,,,,,,,,,,,,,,,,,,80.0,,65.0,,,,,,
PWD/PhJ,m,4660M402,,,,,,,,,,,,,,,,,,,,91.9,,248.0,,,,,,,,,
PWD/PhJ,m,4660M403,,,,,,,,,,,,,,,,,,,,120.0,,96.7,,,,,,,,,
PWD/PhJ,m,4660M404,,,,,,,,,,,,,,,,,,,,114.0,,,,,,,,,,,
PWD/PhJ,m,4660M405,,,,,,,,,,,,,,,,,,,,118.0,,250.0,,,,,,,,,
